author_clean,race,gender,log10_hits,count
A. A. Milne,white,male,6.55266821611219,10
A. B. Simpson,white,male,5.42651126136457,3
A. Bartlett Giamatti,white,male,4.95036485437612,1
A. C. Benson,white,male,4.62428209583567,4
A. E. Hotchner,white,male,5.27646180417324,1
A. E. Housman,white,male,5.26007138798508,9
A. Eustace Haydon,white,male,3.76192783842053,1
A. G. Sertillanges,white,male,4.60097289568675,1
A. J. Ayer,white,male,5.07918124604763,1
A. J. Cronin,white,male,5.36735592102602,5
A. J. Gordon,white,male,4.91907809237607,1
A. J. Liebling,white,male,5.23552844690755,7
A. J. McLean,white,male,5.71096311899528,3
A. J. Muste,white,male,4.87448181769947,1
A. J. P. Taylor,white,male,5.11394335230684,9
A. L. Kitselman,white,male,3.47567118832443,1
A. L. Prusick,white,male,2.08278537,1
A. Lawrence Lowell,white,male,4.64345267648619,1
A. Manette Ansay,white,female,5.46686762035411,1
A. Meredith Walters,white,female,4.818885415,4
A. N. Wilson,white,male,5.24551266781415,2
A. Nicholas Groth,white,male,3.86569605991607,1
A. P. Herbert,white,male,4.56348108539441,7
A. P. J. Abdul Kalam,asian,male,6.80345711564841,10
A. Petrov,white,male,5.6063813651106,2
A. Philip Randolph,black,male,5.38381536598043,4
A. Powell Davies,white,male,4.07554696139253,1
A. R. Ammons,white,male,4.73957234445009,7
A. R. Rahman,asian,male,7.4133,4
A. S. Byatt,white,female,5.51188336097887,10
A. S. J. Tessimond,white,male,3.9532763366673,2
A. T. Mercier,white,male,4.892651034,1
A. Volta,white,male,7.13033376849501,1
A. W. Hare,white,male,4.14301480025409,2
A. W. Pink,white,male,5.24797326636181,1
A. W. Tozer,white,male,5.923761961,10
A. White,white,male,8.86213137931304,1
A. Whitney Brown,white,male,4.16435285578444,7
A. Zampolli,white,male,5.49554433754645,1
A.A. Freda,white,male,3.80685802951882,2
A.A. Gill,white,male,4.86746748785905,2
A.A. Patawaran,asian,male,4.08635983067475,10
A.B. Guthrie Jr.,white,male,4.40654018043396,1
A.C. Bhaktivedanta Swami Prabhupāda,asian,male,6.09691001300806,9
A.C. Crispin,white,female,4.689308859,1
A.C. Grayling,white,male,5.39619934709574,6
A.E. Coppard,white,male,4.71096311899528,4
A.E. Stallings,white,female,4.54530711646582,2
A.E. Taylor,white,male,4.94596070357757,1
A.E. van Vogt,white,male,5.8494194137969,2
A.G. Gaston,black,male,4.558709,1
A.G. Roemmers,white,male,4.66086547800387,2
A.G. Sorachi,asian,male,0.30103,1
A.G. Street,white,male,4.522444234,1
A.H. Carlisle III,white,male,2.88592633980143,2
A.J. Arias,latino,male,4.260071,1
A.J. DeJong,white,male,3.50650503240487,1
A.J. Gallant,white,male,4.178976947,4
A.J. Garces,latino,male,4.31597034545692,7
A.J. Hartley,white,male,4.56229286445647,2
A.J. Jacobs,white,male,5.21218760440396,10
A.J. Quinnell,white,male,4.87273882747267,1
A.J. Russell,white,male,5.14612803567824,3
A.J. Styles,white,male,6.73158876518674,1
A.J. Waines,white,female,4.28780172993023,1
A.L. Kennedy,white,female,5.40140054078154,1
A.L. Michael,white,female,5.09691001300806,1
A.M. Burrage,white,male,4.25527250510331,1
A.M. Homes,white,female,5.18184358794477,8
A.N.L. Munby,white,male,4.24551266781415,1
A.R. Bernard,black,male,4.995635,1
A.R. Braun,white,male,4.7481880270062,1
A.R. Kahler,white,male,4.01283722470517,1
A.S. King,white,female,7.01283722470517,10
A.S. Neill,white,male,4.85733249643127,6
A.S. Peterson,white,male,5.00432137378264,4
A.S.A. Harrison,white,female,4.54654266347813,3
A.S.W. Rosenbach,white,male,4.63648789635337,1
A.T. Robertson,white,male,5.6599162,2
A.V. Roe,white,male,4.90254677931399,4
A.W. Exley,white,female,4.4814426285023,3
AR Bharaty,asian,male,4.376577,1
ASAP Ferg,black,male,5.55750720190566,2
ASAP Rocky,black,male,6.84198480459011,4
Aabid Surti,asian,male,4.501059,1
Aadii Mughal,asian,male,2.58319877396862,2
Aagam Shah,asian,male,4.72835378202123,5
Aakanksha Kesarwani,asian,female,2.082785,1
Aakash,asian,male,7.313867,1
Aakash Deep,asian,male,5.071882,1
Aakash Sharma,asian,male,5.96425963019685,3
Aakash Singal,asian,male,2.884229,1
Aaliyah,black,female,7.72509452108147,2
Aamir Khan,asian,male,7.117271,1
Aamir Sarfraz,asian,male,2.09342168516224,9
Aamir Sarfrazaamir rajput khan),asian,male,3.800029,2
Aamir Siddiqui,asian,male,5.232996,1
Aananda Karna,asian,male,2.352183,1
Aanchal Malhotra,asian,female,4.8992731873176,2
Aanchal Negi,asian,female,3.959518,1
Aaron Allston,white,male,5.62736585659273,5
Aaron B. Powell,white,male,3.63245729218472,10
Aaron Burr,white,male,6.08635983067475,3
Aaron Burr Jr.,white,male,4.2380461031288,1
Aaron Carter,white,male,6.08635983067475,1
Aaron Cohen,white,male,5.3654879848909,1
Aaron Copland,white,male,5.96614173273903,6
Aaron Crabill,white,male,3.2380461031288,1
Aaron Dries,white,male,4.45331834004704,1
Aaron Eckhart,white,male,6.04921802267018,2
Aaron Hartzler,white,male,5.47129171105894,1
Aaron Huey,white,male,4.31597034545692,1
Aaron Johnson,white,male,6.178976947,1
Aaron Koblin,white,male,4.57170883180869,1
Aaron Lauritsen,white,male,4.24303804868629,10
Aaron Marcusson,white,male,3.05690485133647,1
Aaron McGruder,black,male,4.95616843047536,2
Aaron Michael Ritchey,white,male,4.63042787502502,2
Aaron Neville,black,male,5.69460519893357,8
Aaron Paul,white,male,6.36361197989214,8
Aaron Rodgers,white,male,7.2148438480477,4
Aaron Russo,white,male,4.62736585659273,1
Aaron Sanchez,latino,male,5.594393,1
Aaron Scheerer,white,male,2.87909587950007,1
Aaron Schock,white,male,5.08635983067475,2
Aaron Siskind,white,male,5.46686762035411,2
Aaron Sorkin,white,male,5.97173959088778,10
Aaron Spelling,white,male,5.45178643552429,1
Aaron Swartz,white,male,5.39269695325967,3
Aaron Taylor-Johnson,white,male,6.56348108539441,1
Aaron W. Matthews,white,male,3.3384564936046,1
Aaron Weiss,white,male,4.71180722904119,1
Aaron Woodall,white,male,4.66086547800387,1
Aaronovitch Ben,white,male,5.62736585659273,1
Aarti Sequeira,asian,female,5.161368,1
Aashi uppal,asian,female,2.305351,1
Aayush Jain,asian,male,5.97954837470409,10
Aayush Shilpakar,asian,male,2.457882,1
Aayushi Jain,asian,female,5.056905,1
Abayomi Aikulola,black,male,3.260071,1
Abbe Pierre,white,male,5.03742649794062,2
Abbe Smith,white,female,4.60852603357719,1
Abbey Clancy,white,female,5.49415459401844,1
Abbi Glines,white,female,6.21218760440396,10
Abbi Jacobson,white,female,5.47275644931721,1
Abbie Cornish,white,female,5.82412583391655,1
Abbie Hoffman,white,male,5.31597034545692,9
Abbott L. Lowell,white,male,3.07918124604762,1
Abby Clements,white,female,4.6063813651106,5
Abby Danielle Burlbaugh,white,female,1.92941892571429,1
Abby Donnelly,white,female,4.91222205653242,1
Abby Fabiaschi,white,female,4.44870632,7
Abby Green,white,female,5.58771096501891,1
Abby Lee Miller,white,female,5.8998205024271,1
Abby McDonald,white,female,4.51054501020661,1
Abby Niles,white,female,4.57518784492766,3
Abby Norman,white,female,4.65224634100332,4
Abby Rosmarin,white,female,4.46982201597816,2
Abby Wambach,white,female,5.59328606702046,3
Abdourahman A. Waberi,black,male,4.695482,1
Abduazeez Henry Musa,black,male,3.600973,1
Abdul Jaleel Kavungal Kunnumpurath,asian,male,1.93951925261862,2
Abdul Manan,asian,male,6.596597,1
Abdul Sattar Edhi,asian,male,5.61278385671974,4
Abdul khadar,asian,male,5.664642,1
Abdulkadir Abdullahi Mohamed Mirre,black,male,1.64345267648619,6
Abdulrazak Gurnah,black,male,6.06445798922692,2
Abdus Salam,asian,male,6.70671778233676,1
Abe Lemons,white,male,4.45178643552429,3
Abeba Habtu,black,female,3.13672056715641,5
Abel Stevens,white,male,4.54032947479087,1
Abelardo Morell,latino,male,5.08636,1
Aberjhani,black,male,4.59549622182557,10
Abha Maryada Banerjee,asian,female,3.62736585659273,10
Abhayam Verma Arya,asian,male,1.908485,1
Abheek Kakkar,asian,male,2.012837,1
Abhijeet Sawant,asian,male,5.8228216453031,6
Abhijit Kar Gupta,asian,male,3.96236933567002,6
Abhijit Naskar,asian,male,5.3747483460101,10
Abhijit Tripathi,asian,male,4.09342168516223,3
Abhijit V. Banerjee,asian,male,5.47856649559384,2
Abhik Chatterjee,asian,male,4.466868,1
Abhimanyu Jha,asian,male,4.53529412004277,3
Abhinav .M,asian,male,4.392697,1
Abhinav Bhalla,asian,male,3.770115,1
Abhinav Rajput,asian,male,4.80277372529198,5
Abhinav Srivastava,asian,male,5.51188336097887,1
Abhishek Bachchan,asian,male,6.728354,1
Abhishek Bisht,asian,male,4.777427,1
Abhishek Kothari,asian,male,4.586587,1
Abhishek Krishnan,asian,male,4.528917,1
Abhishek Kumar,asian,male,6.83378437465648,8
Abhishek Kumar Singh,asian,male,6.48000694295715,3
Abhishek Leela Pandey,asian,male,3.568202,1
Abhishek Mishra,asian,male,6.450249,1
Abhishek Rai,asian,male,5.874482,1
Abhishek Rath,asian,male,4.670246,1
Abhishek Ratna,asian,male,3.98587535730839,10
Abhishek Sachdeva,asian,male,4.866878,1
Abhishek Sundarraman,asian,male,2.716003,1
Abhishek Thakore,asian,male,4.08636,1
Abhishek jadaun,asian,male,3.647383,2
Abhysheq Shukla,asian,male,3.88309335857569,9
Abid Hussain Library Officer,asian,male,2.4456042032736,10
Abidul Huda Chowdhury Suzon,asian,male,2.91750550955255,2
Abigail Adams,white,female,5.89872518158949,10
Abigail Baker,white,female,4.88366143515362,1
Abigail Biddinger,white,female,2.84135947045485,3
Abigail Breslin,white,female,5.97173959088778,2
Abigail Brown,white,female,5.14301480025409,1
Abigail Gibbs,white,female,5.06445798922692,3
Abigail Green,white,female,4.75358305889291,1
Abigail Haas,white,female,5.52113808370404,2
Abigail Johnson,white,female,5.78675142214556,1
Abigail Owen,white,female,5.30319605742049,1
Abigail Padgett,white,female,4.18752072083646,1
Abigail Reynolds,white,female,4.83821922190763,2
Abigail Roux,white,female,4.475671188,4
Abigail Strom,white,female,4.08635983067475,1
Abigail Tarttelin,white,female,4.51321760006794,3
Abigail Thomas,white,female,4.96567197122011,7
Abigail Van Buren,white,female,5.40823996531185,8
Abigal Muchecheti,black,female,1.75587485567249,2
Abilash Balan,asian,male,3.170262,1
Abiola Abrams,black,female,5.029383778,10
Abner Cole,white,male,3.66931688056611,1
Aboubakar Msangi,black,male,2.167317,1
Abraham Cahan,white,male,4.97543180850926,7
Abraham Cowley,white,male,4.80345711564841,10
Abraham Flexner,white,male,5.36172783601759,1
Abraham Ford,white,male,4.85733249643127,1
Abraham Grace Merritt,white,male,4.00432137378264,1
Abraham H. Maslow,white,male,5.39619934709574,9
Abraham Hicks,white,female,5.82216807936802,3
Abraham J. Heschel,white,male,4.71683772329952,2
Abraham Kuyper,white,male,5.26481782300954,4
Abraham Linchon,white,male,7.33645973384853,1
Abraham Lincoln,white,male,7.35024801833416,10
Abraham Maslow,white,male,6.17026171539496,9
Abraham Rotstein,white,male,3.83505610172012,3
Abraham Tucker,white,male,4.411619706,2
Abraham Verghese,asian,male,5.97909290063833,10
Abrar Ahmed chowdhury,asian,male,3.99255351783214,4
Abu Ameenah Bilal Philips,black,male,5.363612,1
Abu Bakar Bashir,asian,male,4.718502,1
Ace Frehley,white,male,7.01283722470517,3
Acharya Shantideva,asian,male,3.60206,1
Acharya Shunya,asian,female,4.995196,1
Achda Dona musthofa,asian,male,2.542825,1
Achy Obejas,latino,female,5.454845,1
Ackshat Deoli,asian,male,2.771587,1
Ad Reinhardt,white,male,5.08278537,2
Ada Adams,white,female,5.16731733474818,2
Ada Calhoun,white,female,4.52374646681156,10
Ada Levenson,white,female,2.50242711998443,2
Ada Limon,latino,female,5.23552844690755,4
Ada Louise Huxtable,white,female,4.98497712641549,1
Ada Lovelace,white,female,6.67669360962487,4
Ada Palmer,white,female,4.79448804665917,8
Ada Velez-Boardley,latino,female,3.962369,1
Ada Yonath,white,female,5.149219113,4
Adalbert de Vogüé,white,male,4.51454775266029,3
Adam Ant,white,male,5.80955971463527,3
Adam Berlin,white,male,4.75127910398334,3
Adam Braun,white,male,4.65417654187796,1
Adam Brody,white,male,6.31386722036915,3
Adam Bryant,white,male,5.89817648349768,1
Adam Burch,white,male,4.13987908640124,4
Adam Carolla,white,male,6.45024910831936,7
Adam Clarke,white,male,5.78887511577542,2
Adam Clayton,white,male,6.54406804435028,2
Adam Clayton Powell III,black,male,4.271842,1
Adam Cohen,white,male,5.46982201597816,5
Adam Copeland,white,male,5.62013605497376,1
Adam D'Angelo,white,male,5.24797326636181,1
Adam DeVine,white,male,5.90902085421116,4
Adam Driver,white,male,6.56110138364906,4
Adam Duritz,white,male,5.32837960343874,1
Adam Fenner,white,male,4.025305865,2
Adam Fitzgerald,white,male,4.84010609445676,1
Adam Foulds,white,male,4.80888586735981,2
Adam Gellert,white,male,3.92479599579791,1
Adam Gidwitz,white,male,5.62531245096167,5
Adam Gopnik,white,male,5.19312459835446,6
Adam Grant,white,male,6.33041377334919,8
Adam Hamilton,white,male,5.47421626407626,4
Adam Hargreaves,white,male,5.16136800223498,1
Adam Haslett,white,male,4.67394199863409,4
Adam Hochschild,white,male,5.24303804868629,2
Adam Johnson,white,male,6.28555730900777,10
Adam Kirk Smith,white,male,3.88874096068289,10
Adam Kirsch,white,male,4.91750550955255,1
Adam Kotsko,white,male,4.79379038469082,1
Adam Kovacevic,white,male,3.89486965674525,2
Adam Lambert,white,male,6.42975228000241,2
Adam Langer,white,male,4.43136376415899,5
Adam Leipzig,white,male,4.19312459835446,1
Adam Levine,white,male,6.59328606702046,6
Adam LiVecchi,white,male,4.07918124604763,8
Adam Lindsay Gordon,white,male,5.02118929906994,1
Adam M. Grant,white,male,5.04921802267018,5
Adam Makos,white,male,5.59439255037543,2
Adam McKay,white,male,5.85430604180108,10
Adam McOmber,white,male,3.96425963019685,2
Adam Michnik,white,male,5.66745295288995,2
Adam Mickiewicz,white,male,6.33041377334919,1
Adam Nevill,white,male,5.609594409,5
Adam Nicolson,white,male,4.96520170102591,2
Adam Oakley,white,male,4.60205999132796,1
Adam Peaty,white,male,6.66745295288995,1
Adam Phillips,white,male,2.75663610824585,9
Adam Rapp,white,male,4.88252453795488,4
Adam Rex,white,male,5.11394335230684,10
Adam Richman,white,male,5.23044892137827,2
Adam Roberts,white,male,5.68574173860226,3
Adam Rodriguez,latino,male,5.549003,1
Adam Ross,white,male,6.13672056715641,1
Adam S. McHugh,white,male,4.21748394421391,3
Adam Sandler,white,male,7.85369821177617,4
Adam Savage,white,male,6.13033376849501,2
Adam Schiff,white,male,6.62013605497376,4
Adam Scott Wolf,white,male,4.90254677931399,1
Adam Selzer,white,male,5.72015930340596,2
Adam Shankman,white,male,5.36921585741014,1
Adam Silver,white,male,6.76117581315573,1
Adam Silvera,latino,male,6.33645973384853,10
Adam Smith,white,male,6.9576072870601,10
Adam Sternbergh,white,male,5.34830486304816,1
Adam Steven Page,white,male,2.4996870826184,1
Adam Weishaupt,white,male,5.07188200730613,4
Adam West,white,male,6.27875360095283,3
Adam Young,white,male,5.66464197555613,7
Adam Zagajewski,white,male,5.6159500516564,2
Adaria Armstrong,black,female,3.503791,1
Addison Gayle Jr.,black,male,3.981819,1
Addison Mizner,white,male,4.93094903116752,3
Addison Moore,white,female,4.7481880270062,8
Adeagbo Caleb Adewumi,black,male,1.633468,1
Adedayo kingjerry,black,male,2.10037054511756,2
Adela Knight,white,female,3.38916608436453,1
Adela Rogers St. John,white,female,3.96848294855394,2
Adelaide A. Proctor,white,female,3.92634244662566,1
Adelaide Crapsey,white,female,4.60314437262018,10
Adelaide Hoodless,white,female,5.16435285578444,1
Adelaide Proctor,white,female,4.14612803567824,4
Adelbert Ames,white,male,4.85247999363686,1
Adelbert von Chamisso,white,male,5.70329137811866,1
Adele,white,female,8.033423755,5
Adele Adkins,white,female,5.67209785793572,1
Adele Ashworth,white,female,4.53781909507327,1
Adele Green,white,female,0.845098040014257,4
Adele Griffin,white,female,4.44715803134222,3
Adele Kenny,white,female,4.34242268082221,2
Adele Parks,white,female,5.25285303097989,3
Adele Rickerby,white,female,2.855519156,1
Adele Rose,white,female,5.10380372095596,10
Adele Theron,white,female,3.99519629159718,1
Adelheid Manefeldt,white,female,3.32633586092875,1
Adeline Yen Mah,asian,female,5.28330122870355,4
Adelle Waldman,white,female,4.72916479,2
Adelyn Birch,white,female,3.86923171973098,4
Ademiju Ige,black,male,1.98677173426624,4
Adeo Ressi,white,male,4.59769518592551,1
Adetokunbo O. Adeoye,black,male,1.973128,1
Adewale Osunsakin,black,male,1.99122607569249,2
Adeyemo Akin,black,male,3.170262,1
Adharanand Finn,white,male,4.88479536394898,1
Adhish Mazumder,asian,male,3.120573931,10
Adi Da Samraj,white,male,5.11058971029925,2
Adi Godrej,asian,male,4.954243,1
Adi Shankaracarya,asian,male,6.04921802267018,2
Adina Rishe Gewirtz,white,female,3.68484536164441,1
Adithya Zen,asian,male,3.307496,1
Aditi Agarwal,asian,female,5.41830129131975,2
Aditi Dufare,asian,female,2.70070371714502,5
Aditi Khorana,asian,female,4.184691,1
Aditi Mathur Kumar,asian,female,4.06818586174616,7
Aditi Vyas,asian,female,4.431364,1
Aditya Ajmera,asian,male,3.522444234,10
Aditya Bhaskara,asian,male,4.14301480025409,4
Aditya Doke,asian,male,3.11059,1
Aditya Kandari,asian,male,3.17026171539496,4
Aditya Mahajan,asian,male,5.161368,2
Aditya Pandya,asian,male,4.68214507637383,5
Aditya Sardana,asian,male,3.562293,1
Aditya.Pawar,asian,male,5.136721,1
Adlai E. Stevenson,white,male,6.029383778,10
Adlai E. Stevenson II,white,male,4.32633586092875,10
Adlai Ewing Stevenson,white,male,4.40483371661994,2
Adlai Stevenson,white,male,5.68930885912362,8
Admiral Chester W. Nimitz,white,male,5.13672056715641,2
Admiral Frank Jack Fletcher,white,male,4.00432137378264,1
Admiral Grace Hopper,white,female,4.78604121024255,1
Admiral John Fisher,white,male,3.99475694458763,1
Admiral William Halsey,white,male,4.61384182187607,1
Adolf Eichmann,white,male,5.855519156,1
Adolf Grünbaum,white,male,4.75891189239797,1
Adolf Guggenbhuhl-Craig,white,male,4.10037054511756,2
Adolf Hitler,white,male,7.149219113,10
Adolf Loos,white,male,6.21748394421391,5
Adolfo Perez Esquivel,latino,male,5.041393,1
Adolph Hitler,white,male,5.93901977644867,1
Adolph S. Ochs,white,male,4.92737036303902,1
Adolph Saphir,white,male,4.53019969820308,1
Adolphe Tanqueray,white,male,3.42975228000241,1
Adoniram Judson,white,male,5.48713837547719,4
Adora Svitak,asian,female,4.5327543789925,2
Adrian Cowell,white,male,4.43136376415899,1
Adrian Cronauer,white,male,5.06445798922692,2
Adrian Edmondson,white,male,5.13672056715641,3
Adrian Furnham,white,male,5.411619706,1
Adrian G. Hilder,white,male,3.32221929473392,2
Adrian Grenier,white,male,5.54900326202579,3
Adrian Lyne,white,male,5.44715803134222,1
Adrian McKinty,white,male,5.881954971,3
Adrian Peterson,black,male,6.09691,1
Adrian Rogers,white,male,5.58883172559421,4
Adrian Tan,asian,male,5.792392,1
Adrian Tchaikovsky,white,male,5.65896484266444,2
Adrian Tomine,asian,male,5.597695,1
Adriana Locke,white,female,4.86805636182304,2
Adriana Mather,white,female,5.06818586174616,2
Adriana Trigiani,white,female,5.24797326636181,10
Adriane Leigh,white,female,4.73319726510657,1
Adrianne Palicki,white,female,6.01703333929878,1
Adrien Brody,white,male,6.45331834004704,1
Adrien-Marie Legendre,white,male,4.95230800966212,1
Adrienne Barbeau,white,female,5.58433122436753,1
Adrienne Maria Vrettos,white,female,4.13672056715641,1
Adrienne Mayor,white,female,4.85973856619715,1
Adrienne Rich,white,female,5.68033551341456,10
Adrienne Stoltz,white,female,3.91009054559407,2
Adrienne Vaughan,white,female,4.34242268082221,1
Adrienne deWolfe,white,female,3.64443858946784,1
Adrián Lamo,latino,male,5.025305865,4
Adyashanti,white,male,5.485721426,5
Aerin Lauder,white,female,5.41830129131975,3
Aeschlyus,white,male,3.38560627359831,1
Aeschylus,white,male,6.20139712432045,10
Aeschyluslus,white,male,2.120573931,1
Aeschyulus,white,male,2.44404479591808,1
Afrojack,white,male,6.61278385671974,3
Agatha Bird,white,female,3.31175386105575,3
Agatha Christie,white,female,7.28103336724773,10
Agathon,white,male,6.13672056715641,2
Agis II of Sparta,white,male,3.29225607135648,1
Agnes Bruckner,white,female,5.65224634100332,2
Agnes C. Laut,white,female,4.63447727016073,1
Agnes De Mille,white,female,5.46389298898591,4
Agnes Kamara-umunna,black,female,3.021189,1
Agnes Macphail,white,female,5.48000694295715,3
Agnes Martin,white,female,5.6222140229663,3
Agnes Meyer,white,female,5.029383778,2
Agnes Newton Keith,white,female,4.76863810124761,1
Agnes Obel,white,female,5.72916479,1
Agnes Repplier,white,female,4.92064500140679,9
Agnes Sligh Turnbull,white,female,4.74663419893758,1
Agnes Thornton,white,female,3.97451169273733,1
Agnes Turnbull,white,female,4.25527250510331,1
Agnes Varda,white,female,5.55630250076729,1
Agnetha Faltskog,white,female,6.32428245529769,2
Agostino Scafidi,white,male,3.38738982633873,1
Agyness Deyn,white,female,5.85853719756964,1
Aharon Appelfeld,white,male,5.475671188,1
Ahmad Fuadi,asian,male,5.33645973384853,7
Ahmad ibn Zayn al-Habashi,black,male,2.474216,1
Ahmir Questlove Thompson,black,male,5.22788670461367,4
Ahsan,asian,male,7.418301,1
Ahsan Chaudhary,asian,male,4.789581,1
Ahsan Zahid,asian,male,4.683047,1
Ai Weiwei,asian,male,6.19312459835446,8
Ai Yazawa,asian,female,5.92427928606188,10
Aida Mitsu,asian,male,2.491362,1
Aidan Chambers,white,male,5.1846914308176,9
Aidan Quinn,white,male,5.61804809671209,1
Aidan Turner,white,male,5.9415114326344,1
Aiden Shaw,white,male,4.961895474,2
Aiden Wilson Tozer,white,male,5.03742649794062,1
Aidil Uzaimi,asian,male,2.571709,1
Aidy Bryant,white,female,5.40312052117582,2
Aihebholo-oria Okonoboh,black,male,2.32837960343874,2
Aileen Friedman,white,female,3.97034687623009,1
Aileen Lee,asian,female,4.79934054945358,4
Aimee Agresti,white,female,4.26951294421792,1
Aimee Bender,white,female,4.88930170250631,10
Aimee Byrd,white,female,4.75739602879302,1
Aimee Carter,white,female,5.053078443,9
Aimee Friedman,white,female,4.53781909507327,6
Aimee Garcia,latino,female,5.587711,1
Aimee Liu,asian,female,5.021189,1
Aimee Mann,white,female,5.641474111,8
Aimee Mullins,white,female,4.98677173426625,3
Aimee Semple McPherson,white,female,5.52762990087134,1
Aimee' Bejarano,latino,female,3.045323,1
Aimé Césaire,black,male,6.271842,2
Aimée Dostoyevsky,white,female,3.11727129565576,1
Ainun Annisa,asian,female,3.94743372188705,4
Aisha Mirza,asian,female,4.45636603312904,10
Aisha Tyler,black,female,5.66931688056611,10
Aishwarya Rai Bachchan,asian,female,6.45788189673399,4
Ajahn Chah,asian,male,5.872156,1
Ajahn Po,asian,male,2.40654,1
Ajay,asian,male,8.033424,1
Ajay Antony,asian,male,4.32838,1
Ajay Kumar,asian,male,7.10380372095596,4
Ajeet Pratap Maurya,asian,male,3.214844,1
Ajeet Sharma,asian,male,5.4996870826184,4
Ajit Panicker,asian,male,3.80955971463527,5
Akanksha Agrawal,asian,female,4.975432,1
Akanksha Singh,asian,female,5.96848294855393,3
Akanksha Vir,asian,female,2.862728,1
Akansh Malik,asian,male,3.48995847942483,10
Akash B Chandran,asian,male,3.06069784035361,9
Akash Lakhotia,asian,male,3.13672056715641,10
Akash Paliwal,asian,male,4.143015,1
Akash Patel,asian,male,6.037426,1
Akash lal karotia,asian,male,1.70757,2
Akatsuki no Yona,asian,female,6.075547,1
Akemi G,asian,female,4.10037054511756,10
Akhil Khanna,asian,male,4.294466,1
Akiko Busch,asian,female,4.390935,1
Akilnathan Logeswaran,asian,male,3.97497199429807,10
Akinwale Musa Oluseun,black,male,1,3
Akinwande Oluwasegun,black,male,3.281033,1
Akinwumi jarule,black,male,2.485721,1
Akio Toyoda,asian,male,6.017033,1
Akira Himekawa,asian,female,5.217484,1
Akira Kurosawa,asian,male,6.42813479402879,4
Akira Mizuta Lippit,asian,male,4.212188,1
Akira Sasanuma,asian,male,4.382017,1
Akira Suzuki,asian,male,5.522444,1
Akira Toriyama,asian,male,6.803457,1
Akiva Schaffer,white,male,5.36172783601759,1
Akkineni Nagarjuna,asian,male,5.82542611776782,5
Akong Rinpoche,asian,male,4.966611,1
Akosua Dardaine Edwards,black,female,3.61278385671974,10
Akshay,asian,male,7.778151,1
Akshay Dalvi,asian,male,4.357935,1
Akshay Dubey,asian,male,5.705008,2
Akshay Kumar,asian,male,7.25767857486918,4
Akshay Vasu,asian,male,4.52374646681156,10
Akshay Vijayan,asian,male,4.041393,2
AkshayShinde,asian,male,5.513218,1
Akshit Wadhwa,asian,male,3.029384,1
Akshmala Sharma,asian,female,3.4983105537896,5
Akuku Mach Pep,black,male,2.31175386105575,2
Akul Singh,asian,male,4.017033,1
Akutagawa Ryunosuke,asian,male,5.90309,1
Al Batt,white,male,4.88479536394898,1
Al Bernstein,white,male,4.63548374681491,4
Al Berto,white,male,5.56702636615906,1
Al Boliska,white,male,3.62736585659273,3
Al Capone,white,male,6.6954816764902,5
Al Capp,white,male,5.24303804868629,6
Al Franken,white,male,5.63346845557959,10
Al Goldstein,white,male,4.84135947045486,2
Al Gore,white,male,6.6599162,10
Al Green,black,male,6.641474,2
Al Jaffee,white,male,4.90955602924118,1
Al Jarreau,black,male,5.959518,2
Al Lewis,white,male,5.59879050676312,1
Al McGuire,white,male,4.91645394854993,2
Al Michaels,white,male,5.45788189673399,1
Al Munoz,latino,male,4.232996,1
Al Pacino,white,male,6.923761961,5
Al Purdy,white,male,4.62634036737504,2
Al Ritter,white,male,4.44247976906445,3
Al Roker,black,male,5.90955602924118,2
Al Sharpton,black,male,6.025305865,3
Al Smith,white,male,6.17026171539496,2
Al Spalding,white,male,4.025305865,1
Al Stewart,white,male,5.79239168949825,2
Al Yankovic,white,male,6.44090908206522,3
Al Álvarez,latino,male,5.43296929087441,2
AlTonya Washington,black,female,4.324282,1
Alain Badiou,white,male,6.22010808804005,4
Alain Bombard,white,male,5.12385164096709,1
Alain Delon,white,male,6.70842090013471,1
Alain Ducasse,white,male,6.274157849,8
Alain Finkielkraut,white,male,5.7041505168398,1
Alain Prost,white,male,6.25042000230889,1
Alain Robert,white,male,5.41995574848976,3
Alain Wertheimer,white,male,5.52891670027766,1
Alain Yaovi M. Dagba,black,male,3.220108,1
Alain de Botton,white,male,5.84260923961056,10
Alain-Fournier,white,male,6.149219113,1
Alain-Rene Lesage,white,male,4.89707700320942,1
Alain-René Le Sage,white,male,5.04139268515823,1
Alan A. Stone,white,male,4.5092025223311,1
Alan Alda,white,male,5.94200805302231,10
Alan Aldridge,white,male,4.78247262416629,1
Alan Arkin,white,male,5.99519629159718,2
Alan Autry,white,male,4.68033551341456,6
Alan Ayckbourn,white,male,5.72181061521255,1
Alan Ball,white,male,5.68752896121463,2
Alan Barth,white,male,4.2405492482826,1
Alan Bean,white,male,5.22788670461367,3
Alan Beattie,white,male,5.07188200730613,2
Alan Bennett,white,male,5.71683772329952,10
Alan Bleasdale,white,male,4.92012332629072,2
Alan Bradley,white,male,5.43136376415899,10
Alan Brennert,white,male,5.58994960132571,3
Alan Brien,white,male,4.15836249209525,1
Alan Brown,white,male,5.94546858513182,1
Alan C. Martin,white,male,4.6222140229663,1
Alan Cairns,white,male,4.40654018043396,1
Alan Chadwick,white,male,4.5327543789925,1
Alan Clark,white,male,5.62940959910272,2
Alan Cohen,white,male,5.42813479402879,10
Alan Cooper,white,male,6.863917377,1
Alan Cumming,white,male,6.18752072083646,1
Alan D. Wolfelt,white,male,5.16136800223498,1
Alan Dapre,white,male,4.3541084391474,7
Alan Dean Foster,white,male,5.6222140229663,7
Alan Dershowitz,white,male,5.75663610824585,10
Alan Downs,white,male,4.5705429398819,1
Alan Dundes,white,male,5.11727129565576,1
Alan E. Nelson,white,male,4.35218251811136,1
Alan F. Chalmers,white,male,4.41830129131975,1
Alan Forrest Smith,white,male,3.77670118398841,1
Alan Froggatt,white,male,4.20139712432045,1
Alan Furst,white,male,4.97954837470409,7
Alan G. Robinson,white,male,4.72263392253381,2
Alan Garner,white,male,5.30749603791321,3
Alan Gibbons,white,male,4.86153441085904,3
Alan Gibson,white,male,5.24551266781415,1
Alan Goldsher,white,male,4.66651798055488,2
Alan Greenspan,white,male,6.25042000230889,8
Alan H. Meyer,white,male,3.6570558528571,1
Alan Heathcock,white,male,4.35602585719312,1
Alan Hodgkin,white,male,4.49692964807322,1
Alan Hollinghurst,white,male,5.93348728784871,9
Alan J. Heeger,white,male,4.75127910398334,1
Alan J. Perlis,white,male,4.29885307640971,1
Alan Jacobs,white,male,5.11394335230684,4
Alan James Roll,white,male,2.36361197989214,1
Alan Jay Lerner,white,male,5.80617997398389,2
Alan Johnson,white,male,5.96425963019685,1
Alan K. Simpson,white,male,4.29446622616159,1
Alan Kay,white,male,5.39794000867204,9
Alan Keightley,white,male,4.24797326636181,1
Alan King,white,male,5.72345567203519,7
Alan Kulwicki,white,male,5.80413943233535,2
Alan Ladd,white,male,5.74036268949424,3
Alan Lakein,white,male,4.80002935924413,3
Alan LeMay,white,male,4.6222140229663,2
Alan Lightman,white,male,5.18184358794477,10
Alan Loy McGinnis,white,male,4.855519156,1
Alan M. Dershowitz,white,male,5.25527250510331,2
Alan Macmillan Orr,white,male,3.09691001300806,1
Alan McCluskey,white,male,4.86510397464113,5
Alan McGlashan,white,male,3.83314711191279,1
Alan Moore,white,male,6.55870857053317,10
Alan Partridge,white,male,5.99956548822598,1
Alan Paton,white,male,5.43136376415899,9
Alan Perlis,white,male,4.74036268949424,8
Alan Place,white,male,4.89652621748955,2
Alan Powers,white,male,5.206825876,1
Alan Price,white,male,5.52374646681156,1
Alan Rawlings,white,male,4.42813479402879,1
Alan Redpath,white,male,4.65030752313194,1
Alan Richardson,white,male,5.40823996531185,1
Alan Rickman,white,male,6.4345689040342,10
Alan Rogers,white,male,5.29666519026153,1
Alan Ryan,white,male,5.15228834438306,1
Alan S. Kesselheim,white,male,3.64345267648619,1
Alan Sachs,white,male,4.28555730900777,1
Alan Sakowitz,white,male,3.22788670461367,1
Alan Seecer,white,male,4.60097289568675,1
Alan Seeger,white,male,4.5854607295085,1
Alan Sheinwald,white,male,4.80277372529198,3
Alan Shepard,white,male,5.572871602,5
Alan Sillitoe,white,male,5.45331834004704,1
Alan Simpson,white,male,5.48855071650044,1
Alan Snow,white,male,4.85369821177617,1
Alan Stern,white,male,4.98181860717066,5
Alan Sugar,white,male,5.55022835305509,2
Alan Thicke,white,male,5.2148438480477,2
Alan Turing,white,male,6.43775056282039,4
Alan Turning,white,male,6.43775056282039,1
Alan Valentine,white,male,4.67117284271508,1
Alan VanMeter,white,male,3.97726621242729,5
Alan W. Watts,white,male,5.39619934709574,10
Alan Warner,white,male,4.995635195,1
Alan Watt,white,male,4.863917377,2
Alan Watts,white,male,7.35983548233989,10
Alan Willett,white,male,4.39445168082622,1
Alan Wilson,white,male,5.8992731873176,1
Alan Yuen,asian,male,4.834421,1
Alan de Jager,white,male,3.78532983501077,6
Alana Chernila,white,female,4.15836249209525,1
Alana Massey,white,female,4.38201704257487,1
Alana Siegel,white,female,4.19589965240923,1
Alana Stewart,white,female,4.902002891,3
Alanis Morissette,white,female,6.61489721603314,10
Alanna Rusnak,white,female,3.906873535,1
Alanna Ubach,latino,female,5.938019,1
Alaric Longward,white,male,3.65030752313194,3
Alasdair Gray,white,male,5.24797326636181,9
Alasdair MacIntyre,white,male,5.83122969386706,6
Alaska Angelini,white,female,4.63042787502502,3
Alastair Agutter,white,male,3.55266821611219,4
Alastair Bruce,white,male,4.35983548233989,1
Alastair Pilkington,white,male,4.3747483460101,1
Alastair Reynolds,white,male,5.50514997831991,10
Alba Avila,latino,female,4.78958071216443,2
Albert A. Bartlett,white,male,4.19033169817029,1
Albert Bandura,white,male,6.01703333929878,4
Albert Barnes,white,male,5.79588001734407,1
Albert Bigelow Paine,white,male,5.025305865,1
Albert Borris,white,male,3.84198480459011,6
Albert Brooks,white,male,6.11394335230684,8
Albert Bushnell Hart,white,male,5.120573931,3
Albert Camus,white,male,6.95712819767681,10
Albert Dietrich,white,male,4.95712819767681,1
Albert E. Dunning,white,male,3.17897694729317,1
Albert Ehrenstein,white,male,5.10380372095596,1
Albert Einstein,white,male,7.52374646681156,10
Albert Einstien,white,male,7.51851393987789,1
Albert Ellis,white,male,5.65896484266444,7
Albert Finney,white,male,5.87621784059164,1
Albert Goldman,white,male,4.5854607295085,1
Albert Guinon,white,male,4.13672056715641,2
Albert Guirard,white,male,1.875061263,1
Albert Hofmann,white,male,5.40993312333129,1
Albert II of Belgium,white,male,4.88366143515362,1
Albert J. LaChance,white,male,3.55870857053317,1
Albert J. Nock,white,male,4.12710479836481,2
Albert Jay Nock,white,male,4.74036268949424,3
Albert M. Wells,white,male,4.120573931,2
Albert Nobbs,white,male,5.10720996964787,1
Albert Nobel,white,male,4.08278537,1
Albert O. Hirschman,white,male,5.73639650227664,1
Albert Payson Terhune,white,male,5.45331834004704,1
Albert Pike,white,male,5.75891189239797,9
Albert Pinkham Ryder,white,male,5.32837960343874,1
Albert Schweitzer,white,male,6.53019969820308,10
Albert Speer,white,male,5.77378644498119,1
Albert Szent-Györgyi,white,male,5.17318626841227,5
Albert Sánchez Piñol,white,male,5.59988307207369,2
Albert Thomas Bifarelli,white,male,1.93951925261862,4
Albert Wynn,black,male,3.985875,1
Albert Zimbler,white,male,3.08635983067475,1
Albert-László Barabási,white,male,5.20411998265593,4
Alberta Flanders,white,female,2.93247376467715,1
Alberta Hunter,black,female,4.902547,1
Alberto Caeiro,white,male,5.71349054309394,10
Alberto Ferreras,latino,male,4.866287,1
Alberto Fuguet,latino,male,5.414973,1
Alberto Giacometti,white,male,6.35218251811136,2
Alberto J. Roemmers,white,male,4.07918124604763,1
Alberto Manguel,latino,male,5.98091193777684,10
Alberto Moravia,white,male,5.75434833571102,5
Alberto Vitale,white,male,4.51188336097887,1
Albina Hume,white,female,3.08278537031645,1
Albio Sires,latino,male,4.746634,1
Albrecht Dürer,white,male,7.13353890837022,6
Albus Dumbledore,white,male,6.53402610605614,2
Albus Perkamentus,white,male,4.54032947479087,1
Alcibiades,white,male,6.149219113,1
Alcmaeon,white,male,4.805500858,1
Alcuin,white,male,5.72835378202123,2
Alcurtis Turner,black,male,3.47567118832443,10
Alden Bell,white,male,4.39967372148104,6
Alden Ehrenreich,white,male,5.73078227566639,2
Aldis Hodge,black,male,5.706718,1
Aldo Leopold,white,male,5.69372694892365,10
Aldous Huxley,white,male,6.67394199863409,10
Aleatha Romig,white,female,5.32428245529769,7
Alec Baldwin,white,male,6.62838893005031,9
Alec Douglas-Home,white,male,4.95808584852109,1
Alec Issigonis,white,male,5.50105926221775,1
Alec J. Ross,white,male,3.48000694295715,1
Alec Waugh,white,male,4.46389298898591,2
Alec Wilkinson,white,male,4.74115159885179,2
Alecia Whitaker,white,female,3.83632411570675,4
Alegna G. Granados,latino,female,2.117271,1
Aleister Crowley,white,male,6.34635297445064,10
Alejandra Díaz Mattoni,latino,female,2.41995574848976,2
Alejandro Amenábar,latino,male,6.164353,1
Alejandro C. Estrada,latino,male,3.271842,1
Alejandro Colliard,latino,male,3.307496,1
Alejandro Cremades,latino,male,4.97772360528885,5
Alejandro González Iñárritu,latino,male,6.238046,10
Alejandro Jodorowsky,white,male,6.38381536598043,10
Alejandro Junger,latino,male,5.152288,1
Alejandro Zambra,latino,male,5.931458,1
Alek Wek,black,female,5.58994960132571,8
Aleksa Palladino,white,female,5.51054501020661,1
Aleksandar Hemon,white,male,5.65896484266444,10
Aleksandar Marinkov,white,male,3.91434315711944,2
Aleksandar Ristović,white,male,4.49136169383427,1
Aleksandr Solzhenitsyn,white,male,5.96378782734556,10
Aleksandr Voinov,white,male,4.67117284271508,4
Aleksandra Layland,white,female,3.72345567203519,10
Aleksandra Ninkovic,white,female,4.29446622616159,10
Alephonsion Deng,black,male,4.025306,1
Alesandro Bariko,white,male,4.49554433754645,1
Alessandra Torre,white,female,5.59217675739587,9
Alessandro Allegri,white,male,3.980457892,1
Alessandro Baricco,white,male,6.32221929473392,1
Alessandro Malaguti,white,male,4.11727129565576,3
Alessandro Manzoni,white,male,6.91009054559407,2
Alessandro Nivola,white,male,5.969881644,1
Alessandro Parisi,white,male,5.32633586092875,1
Alessandro Volta,white,male,6.24797326636181,1
Alessia Cara,white,female,6.38560627359831,8
Alex Berenson,white,male,5.029383778,10
Alex Bledsoe,white,male,4.50785587169583,1
Alex Campbell,white,male,5.542825427,2
Alex Chiu,asian,male,4.72509452108147,2
Alex Comfort,white,male,4.85369821177617,5
Alex Ebert,white,male,4.82151352840477,2
Alex Ferguson,white,male,6.70586371228392,7
Alex Flinn,white,male,5.26007138798508,10
Alex Garland,white,male,6.14612803567824,5
Alex Gaskarth,white,male,4.98721922990801,5
Alex George,white,male,5.62013605497376,6
Alex Gibney,white,male,5.47856649559384,2
Alex Grey,white,female,6.97220283837906,2
Alex Guarnaschelli,white,female,5.58994960132571,6
Alex Haley,black,male,5.75050839485135,9
Alex Hirsch,white,male,5.90091306773767,1
Alex Honnold,white,male,5.96661098668193,1
Alex J Kim,asian,male,4.313867,1
Alex Karras,white,male,5.20411998265593,1
Alex Latimer,white,male,4.856124444,3
Alex London,white,male,4.75739602879302,5
Alex Lowe,white,male,5.11727129565576,2
Alex Marwood,white,female,5.22010808804005,1
Alex Morgan,white,female,6.3324384599156,7
Alex Morritt,white,male,4.20411998265593,6
Alex Munoz,latino,male,5.966142,1
Alex Pareene,white,male,4.3324384599156,2
Alex Rodriguez,latino,male,6.641474111,5
Alex Rosa,latino,male,5.56229286445647,10
Alex Sanchez,latino,male,6.07188200730613,3
Alex Scarrow,white,male,5.58994960132571,7
Alex Shoumatoff,white,male,4.72916479,1
Alex Spanos,white,male,4.16435285578444,2
Alex Staniforth,white,male,4.47712125471966,5
Alex Steffen,white,male,4.45636603312904,5
Alex Stein,white,male,5.26951294421792,3
Alex Storozynski,white,male,5.45939248775923,1
Alex Tizon,asian,male,4.494155,1
Alex Trebek,white,male,6.45636603312904,3
Alex Turner,white,male,6.38560627359831,2
Alex Urbina,latino,male,5.113943,1
Alex Winter,white,male,5.591064607,2
Alexa Anderson,white,female,5.25042000230889,1
Alexa Chung,white,female,6.53402610605614,6
Alexa Grace,white,female,7.19312459835446,3
Alexa Rae,white,female,5.88874096068289,1
Alexa Riley,white,female,5.49276038902684,6
Alexa Vega,latino,female,6.120573931,2
Alexa Von Tobel,white,female,4.87852179550121,3
Alexandar Tomov,white,male,3.65321251377534,3
Alexander A. Bogomoletz,white,male,2.84509804001426,1
Alexander Alekhine,white,male,5.05690485133647,2
Alexander Bell,white,male,5.46982201597816,1
Alexander Berkman,white,male,5.36735592102602,3
Alexander Calder,white,male,6.44870632,1
Alexander Chee,asian,male,4.846955,2
Alexander Cockburn,white,male,5.38201704257487,4
Alexander D. Fleming,white,male,3.27646180417324,1
Alexander Den Heijer,white,male,4.86332286012046,1
Alexander Douglas-Home,white,male,3.39093510710338,1
Alexander Dubcek,white,male,5.40312052117582,1
Alexander Dumas,black,male,6.878522,3
Alexander Freed,white,male,4.91750550955255,7
Alexander Georgiev,white,male,5.06445798922692,1
Alexander Gordon Smith,white,male,4.98272338766855,9
Alexander Gould,white,male,5.120573931,1
Alexander Graham Bell,white,male,6.35024801833416,7
Alexander Haig,white,male,5.09342168516223,1
Alexander Hamilton,white,male,6.78816837114117,10
Alexander Henry,white,male,5.72098574415374,1
Alexander Herzen,white,male,5.16435285578444,1
Alexander Jackson Davis,white,male,4.89153745767256,2
Alexander John Ellis,white,male,4.57403126772772,1
Alexander Koch,white,male,5.23299611039215,1
Alexander Lowen,white,male,5.59328606702046,1
Alexander Ludwig,white,male,5.80002935924413,1
Alexander MacLaren,white,male,5.28780172993023,3
Alexander Mackenzie,white,male,5.4345689040342,1
Alexander Maksik,white,male,4.73957234445009,2
Alexander Masters,white,male,4.83378437465648,1
Alexander McCall Smith,white,male,6.46239799789896,10
Alexander McQueen,white,male,7.38201704257487,10
Alexander Meiklejohn,white,male,4.641474111,1
Alexander Osterwalder,white,male,5.5910646070265,1
Alexander Ostrovsky,white,male,4.93449845124357,1
Alexander Payne,white,male,5.75204844781944,1
Alexander R. Luria,white,male,4.12710479836481,1
Alexander Schastak,white,male,2,1
Alexander Schmemann,white,male,5.53019969820308,1
Alexander Shulgin,white,male,5.39269695325967,1
Alexander Strauch,white,male,4.73957234445009,2
Alexander Theroux,white,male,4.40312052117582,5
Alexander Trocchi,white,male,4.85913829729453,1
Alexander Vassilieff,white,male,2.65224634100332,1
Alexander Wang,asian,male,6.98272338766855,3
Alexander Whyte,white,male,4.67577834167408,1
Alexander William Gaskarth,white,male,4.09342168516223,1
Alexander Woollcott,white,male,5.2380461031288,9
Alexander the Great,white,male,7.11394335230684,7
Alexander von Humboldt,white,male,6.96661098668193,3
Alexandra Adornetto,white,female,5.62736585659273,9
Alexandra Bogdanovic,white,female,3.81954393554187,2
Alexandra Bracken,white,female,5.52113808370404,10
Alexandra Bullen,white,female,4.09691001300806,1
Alexandra Cassavetes,white,female,4.06818586174616,1
Alexandra Cruz,latino,female,5.603144,1
Alexandra Daddario,white,female,6.76192783842053,4
Alexandra David-Neel,white,female,6.00432137378264,1
Alexandra Duncan,white,female,4.88252453795488,1
Alexandra Elle,black,female,5.56110138364906,10
Alexandra Engellmann,white,female,3.22010808804005,9
Alexandra Fuller,white,female,5.00432137378264,6
Alexandra Guarnaschelli,white,female,4.13353890837022,1
Alexandra Horowitz,white,female,5.06445798922692,1
Alexandra Ivy,white,female,5.26717172840301,2
Alexandra K.Trenfor,white,female,4.49415459401844,2
Alexandra Katehakis,white,female,4.3096301674259,10
Alexandra Kosteniuk,white,female,5.17609125905568,1
Alexandra Maria Lara,white,female,5.79379038469082,1
Alexandra Oliva,white,female,4.81822589361396,1
Alexandra Paul,white,female,5.45178643552429,7
Alexandra Petri,white,female,4.46538285144842,1
Alexandra Pierce,white,female,4.77887447200274,1
Alexandra Potter,white,female,5.29885307640971,10
Alexandra Ripley,white,female,4.86033800657099,4
Alexandra Roach,white,female,5.029383778,1
Alexandra Robbins,white,female,4.77597433112937,10
Alexandra Sirowy,white,female,4.55266821611219,3
Alexandra Sobetsky,white,female,3.23044892137827,1
Alexandra Stoddard,white,female,4.76937732607614,7
Alexandra Toscano,latino,female,3.821514,1
Alexandra Vasiliu,white,female,4.99519629159718,1
Alexandra York,white,female,4.45331834004704,1
Alexandra Zapruder,white,female,4.32428245529769,2
Alexandre Dumas,black,male,6.8555191556678,10
Alexandre Dumas fils,black,male,5.80618,1
Alexandre Ledru-Rollin,white,male,4.29225607135648,1
Alexandre Vinet,white,male,4.88874096068289,1
Alexandre de Betak,white,male,4.81023251799508,1
Alexandria Marzano-Lesnevich,white,female,4.64048143697042,4
Alexandru Lamba,white,male,4.206825876,1
Alexei Maxim Russell,white,male,3.63848925695464,8
Alexei Navalny,white,male,5.92737036303902,3
Alexei Sayle,white,male,4.9415114326344,4
Alexi Lawless,white,male,3.51719589794997,3
Alexia Purdy,latino,female,4.45024910831936,4
Alexis Carrel,white,male,5.42488163663107,9
Alexis Coe,white,female,4.84695532501982,4
Alexis Denisof,white,male,5.03342375548695,1
Alexis Hall,white,male,5.45331834004704,10
Alexis Herman,black,female,4.342423,1
Alexis Korner,white,male,5.68214507637383,1
Alexis Ohanian,white,male,5.59549622182557,1
Alexis Pettway,black,female,3.915399835,2
Alexis de Tocqueville,white,male,6.53907609879278,10
Alfie Kohn,white,male,5.67394199863409,4
Alfin Rizal,asian,male,4.383815,1
Alfonso Cuaron,latino,male,6.1959,1
Alfonso X of Castile,white,male,4.88986172125819,1
Alfred Adler,white,male,6.00860017176192,10
Alfred Alcorn,white,male,3.81291335664286,2
Alfred Austin,white,male,4.9106244048892,7
Alfred Barrett,white,male,4.68124123737559,1
Alfred Bester,white,male,5.3747483460101,8
Alfred Brendel,white,male,5.68394713075151,1
Alfred Bruce Douglas,white,male,4.59879050676312,1
Alfred Bunn,white,male,4.34044411484012,1
Alfred C. Kinsey,white,male,4.87852179550121,1
Alfred Day Hershey,white,male,3.9532763366673,1
Alfred Döblin,white,male,5.96848294855393,1
Alfred E. Smith,white,male,5.62013605497376,2
Alfred Edersheim,white,male,5.56937390961505,1
Alfred Eisenstaedt,white,male,6.11727129565576,4
Alfred Ernest Jones,white,male,3.6954816764902,1
Alfred F. Jones Hetalia,white,male,4.59988307207369,1
Alfred Hayes,white,male,4.84073323461181,3
Alfred Hermida,white,male,4.57749179983723,2
Alfred Hitchcock,white,male,6.91381385238372,10
Alfred Jarry,white,male,5.99956548822598,5
Alfred Kazin,white,male,5.5327543789925,2
Alfred Korzybski,white,male,5.24303804868629,8
Alfred Lansing,white,male,5.01283722470517,2
Alfred Lord Tennyson,white,male,5.82216807936802,10
Alfred M. Gray,white,male,4.46982201597816,1
Alfred Marshall,white,male,5.57863920996807,3
Alfred Mercier,white,male,4.51321760006794,1
Alfred N. Whitehead,white,male,4.60314437262018,1
Alfred Newman,white,male,5.39619934709574,1
Alfred Nobel,white,male,6.42813479402879,10
Alfred North Whitehead,white,male,5.61489721603314,10
Alfred Noyes,white,male,4.91907809237607,1
Alfred P. Sloan,white,male,5.86213137931304,1
Alfred Russel Wallace,white,male,5.96661098668193,5
Alfred Sisley,white,male,5.83505610172012,2
Alfred Stieglitz,white,male,5.85003325768977,4
Alfred Tennyson,white,male,5.72098574415374,10
Alfred Thayer Mahan,white,male,5.44715803134222,3
Alfred Tonnelle,white,male,3.51321760006794,1
Alfred W. Crosby,white,male,5.12385164096709,1
Alfred Whitehead,white,male,4.48713837547719,1
Alfred Zappala,white,male,3.68304703823885,1
Alfred de Musset,white,male,6.66370092538965,10
Alfred de Vigny,white,male,6.14612803567824,6
Alfredo Quinones-Hinojosa,latino,male,4.50515,1
Alfusainey jallow,black,male,3.641474111,2
Algernon Blackwood,white,male,6.03342375548695,4
Algernon Charles Swinburne,white,male,5.69019608002851,6
Algernon Sidney,white,male,5.15228834438306,2
Algernon Swinburne,white,male,4.81291335664286,2
Ali A. Mazrui,black,male,4.729974,1
Ali Cross,black,male,5.232996,1
Ali G.,white,male,6.23299611039215,1
Ali Larter,white,female,6.23299611039215,1
Ali Liebegott,white,female,4.36921585741014,1
Ali Lohan,white,female,4.50785587169583,1
Ali MacGraw,white,female,5.64048143697042,3
Ali McNamara,white,female,4.90308998699194,1
Ali Smith,white,female,5.79169064902012,10
Ali Sparkes,white,female,5.11727129565576,1
Ali-Ollie Woodson,black,male,4.536558,1
Alia Bhatt,asian,female,7.22010808804005,4
Alice A. Kemp,white,female,3.34439227368511,1
Alice Albinia,white,female,5.10380372095596,1
Alice B. Emerson,white,female,4.83058866868514,1
Alice B. Toklas,white,female,5.78390357927274,1
Alice Bag,latino,female,5.07188200730613,3
Alice Barrett,white,female,4.7427251313047,1
Alice Borchardt,white,female,4.46389298898591,2
Alice Braga,latino,female,5.917506,1
Alice Caldwell Rice,white,female,3.11394335230684,1
Alice Carey,white,female,4.610660163,1
Alice Cary,white,female,4.89652621748955,2
Alice Childress,black,female,4.65127801399814,5
Alice Clayton,white,female,4.97818051693741,4
Alice Cooper,white,male,6.93449845124357,7
Alice Dalgliesh,white,female,5.04139268515823,1
Alice Dreger,white,female,4.64048143697042,1
Alice Duer Miller,white,female,5.1846914308176,5
Alice Echols,white,female,4.78887511577542,1
Alice Englert,white,female,5.11058971029925,1
Alice Foote MacDougall,white,female,3.90741136077459,1
Alice Fulton,white,female,4.86033800657099,6
Alice Glynn,white,female,4.03742649794062,1
Alice Hamilton,white,female,4.96094619573383,1
Alice Hoffman,white,female,5.61489721603314,10
Alice James,white,female,5.59217675739587,7
Alice Jamieson,white,female,4.36735592102602,1
Alice Kohler,white,female,4.29003461136252,1
Alice Koller,white,female,4.025305865,3
Alice Little,white,female,5.10037054511756,2
Alice MIller,white,female,6.30102999566398,10
Alice Marks,white,female,4.63447727016073,1
Alice McCall,white,female,5.89707700320942,4
Alice McDermott,white,female,4.97954837470409,3
Alice Meynell,white,female,4.63848925695464,5
Alice Munro,white,female,5.938019097,10
Alice Neel,white,female,5.26481782300954,2
Alice Notley,white,female,4.73878055848437,4
Alice O. Howell,white,female,4.07188200730613,1
Alice Oswald,white,female,4.81491318127507,1
Alice Paul,white,female,5.37291200297011,8
Alice Rivlin,white,female,4.62531245096167,1
Alice S. Rossi,white,female,4.17318626841227,1
Alice Sebold,white,female,5.8733206018154,10
Alice Steinbach,white,female,4.25285303097989,3
Alice Temperley,white,female,5.59988307207369,1
Alice Thomas Ellis,white,female,4.45636603312904,5
Alice W. Flaherty,white,female,3.81224469680037,1
Alice Walker,black,female,6.25042000230889,10
Alice Walsh,white,female,5.00432137378264,7
Alice Waters,white,female,5.52891670027766,10
Alice Yi-Li Yeh,asian,female,2.10721,1
Alice von Hildebrand,white,female,4.86033800657099,2
Alicia Keys,black,female,7.053078443,5
Alicia Machado,latino,female,5.985875,1
Alicia McCalla,black,female,3.923244,1
Alicia O'Brien,white,female,4.76117581315573,1
Alicia Silverstone,white,female,6.42651126136457,3
Alicia Suskin Ostriker,white,female,4.31175386105575,1
Alicia T. Bowens,black,female,2.774517,1
Alicia Witt,white,female,5.64738297,1
Alija Izetbegović,white,male,5.91907809237607,3
Alina Stefanescu,white,female,4.71933128698373,1
Aline Alzime,black,female,2.75050839485135,3
Aline Templeton,white,female,4.475671188,1
Alisa Mullen,white,female,3.97863694838447,5
Alisa Steinberg,white,female,3.4983105537896,3
"Alisha ""Priti"" Kirpalani",asian,female,3.561101,1
Alison Arngrim,white,female,5.1846914308176,2
Alison Bechdel,white,female,5.52113808370404,10
Alison Cheek,white,female,3.48000694295715,1
Alison Croggon,white,female,5.01703333929878,10
Alison Espach,white,female,6.31175386105575,5
Alison Fell,white,female,4.16136800223498,2
Alison G. Bailey,white,female,5.51851393987789,10
Alison Golden,white,female,4.07554696139253,1
Alison Goldfrapp,white,female,5.74350976472843,1
Alison Goodman,white,female,4.91960102378411,7
Alison Gopnik,white,female,5.35602585719312,7
Alison Grace Johansen,white,female,2.66464197555613,1
Alison Jackson,white,female,5.20411998265593,2
Alison Kemper,white,female,3.88649072517248,6
Alison Krauss,white,female,6.34242268082221,1
Alison Larkin,white,female,5.120573931,1
Alison Levine,white,female,4.67486114073781,4
Alison Lurie,white,female,4.93751789201735,1
Alison McGhee,white,female,5.35602585719312,3
Alison Miller,white,female,5.57749179983723,3
Alison Mosshart,white,female,6.33845649360461,1
Alison Moyet,white,female,5.65127801399814,1
Alison Owen,white,female,4.83122969386706,1
Alison Pace,white,female,4.80955971463527,1
Alison Sweeney,white,female,5.47421626407626,6
Alison Weir,white,female,5.58658730467176,8
Alison Wong,asian,female,5.041393,1
Alistair Begg,white,male,5.591064607,6
Alistair Brownlee,white,male,4.92324401863028,1
Alistair Cooke,white,male,4.9804578922761,5
Alistair Cross,white,male,4.58206336291171,2
Alistair Darling,white,male,5.15533603746506,1
Alistair MacLean,white,male,5.57518784492766,1
Alister E. McGrath,white,male,4.918030337,10
Aliya Whiteley,white,female,4.92064500140679,3
Aliyah Burke,black,female,4.880241776,3
Allan Amanyire,black,male,2.522444,1
Allan Beck,white,male,4.58994960132571,1
Allan Bloom,white,male,5.178976947,7
Allan Carr,white,male,4.84198480459011,1
Allan Dare Pearce,white,male,3.24797326636181,10
Allan Folsom,white,male,4.39619934709574,1
Allan Frewin Jones,white,male,4.641474111,2
Allan G. Hunter,white,male,4.17318626841227,2
Allan Gurganus,white,male,4.91434315711944,1
Allan Hall,white,male,5.03342375548695,1
Allan Hamilton,white,male,4.6063813651106,1
Allan Houston,black,male,5.49693,1
Allan K. Chalmers,white,male,3.69019608002851,1
Allan McLeod Cormack,white,male,3.97405090279288,1
Allan McNish,white,male,5.5705429398819,1
Allan Savory,white,male,5.25042000230889,1
Allan Walsh,white,male,4.59439255037543,1
Allan Wesler,white,male,2.61804809671209,3
Allan Wolf,white,male,4.52113808370404,3
Allan Zullo,white,male,4.97266559226611,1
Allegra Goodman,white,female,4.91487181754005,1
Allegra Versace,white,female,4.930439595,1
Allen Bloom,white,male,3.8992731873176,1
Allen Boyd,white,male,5.29885307640971,1
Allen Carr,white,male,5.80821097292422,1
Allen Curnow,white,male,4.485721426,1
Allen E. Bartlett,white,male,3.40483371661994,1
Allen Elkin,white,male,4.57403126772772,1
Allen Ellow,white,male,0.845098040014257,1
Allen Ginsberg,white,male,6.19865708695442,10
Allen Greenfield,white,male,4.11727129565576,1
Allen Grossman,white,male,4.22788670461367,1
Allen H. Neuharth,white,male,3.69635638873333,1
Allen Iverson,black,male,6.71432975974523,2
Allen Klein,white,male,5.12385164096709,10
Allen Lane,white,male,6.13033376849501,1
Allen Meece,white,male,3.26007138798507,1
Allen Morris Jones,white,male,4.06445798922692,1
Allen Reid McGinnis,white,male,2.69196510276736,1
Allen Saunders,white,male,4.64443858946784,1
Allen Shawn,white,male,4.55509444857832,1
Allen Steele,white,male,4.78461729263288,1
Allen Tate,white,male,6.11058971029925,2
Allen Weinstein,white,male,4.72916479,1
Allen Weinsten,white,male,4.72916479,1
Allen West,black,male,5.698100546,4
Allen Wheelis,white,male,4.178976947,1
Allie Brosh,white,female,5.322219295,8
Allie Condie,white,female,3.96473092105363,1
Allison B. Levine,white,female,2.99343623049761,1
Allison Brennan,white,female,5.13353890837022,5
Allison Burnett,white,male,4.96661098668193,1
Allison D. Reid,white,female,4.07554696139253,2
Allison DuBois,white,female,4.855519156,1
Allison Gappa Bottke,white,female,3.39794000867204,1
Allison Hoover Bartlett,white,female,4.57634135020579,1
Allison Kilkenny,white,female,4.31597034545692,1
Allison Kilkenny Jamie Kilstein,white,female,1.96848294855394,1
Allison Pearson,white,female,5.029383778,2
Allison Rushby,white,female,4.41995574848976,1
Allison Schroeder,white,female,4.99166900737995,1
Allison Sipe,white,female,3.93901977644867,1
Allison Strine,white,female,3.92839585225671,1
Allison Tolman,white,female,5.78675142214556,1
Allison Williams,white,female,6.19865708695442,2
Allison Woyiwada,white,female,2.76492298464989,1
Allison van Diepen,white,female,4.40312052117582,2
Ally Carter,white,female,5.74507479158206,10
Ally Carter [Writer],white,female,1.81291335664286,2
Ally Condie,white,female,5.65609820201283,10
Ally McBeal,white,female,6.13987908640124,1
Ally Sheedy,white,female,5.51454775266029,1
Allyse Near,white,female,3.95375969173323,3
Allyson Felix,black,female,5.60097289568675,3
Allyson Jones,white,female,5.10037054511756,1
Alma Alexander,white,female,4.98989456371877,2
Alma Guillermoprieto,latino,female,4.892095,1
Alma Villanueva,latino,female,5.206826,1
Aloe Blacc,black,male,6.120573931,2
Alom Shaha,asian,male,4.506505,1
Alonna Williams,black,female,3.931966,1
Alonzo Mourning,black,male,5.88986172125819,2
Alpesh Vasan,asian,male,2.83442070368153,3
Alphonse Karr,white,male,5.80617997398389,9
Alphonse Pyrame de Candolle,white,male,3.58883172559421,1
Alphonse Raymond Dochez,white,male,2.58206336291171,1
Alphonse de Lamartine,white,male,6.19312459835446,10
Alphonso Dunn,black,male,5.033424,1
Alphonso Jackson,black,male,4.958564,2
Alphonsus Liguori,white,male,5.88138465677057,4
Altaf ul qadri,asian,male,3.02938377768521,2
Alter Bridge,white,male,6.3324384599156,1
Althea Gibson,black,female,5.32838,2
Alton Brown,white,male,6.3324384599156,9
Alva Johnston,white,male,3.7160033436348,1
Alva Myrdal,white,female,5.16136800223498,1
Alva Reimer Myrdal,white,female,3.54406804435028,1
Alvan L. Barach,white,male,3.47275644931721,1
Alvar Aalto,white,male,6.64933485871214,7
Alveda King,black,female,4.85853719756964,3
Alvin Ailey,black,male,5.951823,1
Alvin Barkley,white,male,3.45484486,1
Alvin Dark,white,male,4.97954837470409,1
Alvin Dueck,white,male,3.88592633980143,1
Alvin Plantinga,white,male,5.51454775266029,1
Alvin Toffler,white,male,5.96801571399364,9
Alvin Yap,asian,male,5.117271,1
Alwyn Evans,white,male,4.47712125471966,1
Aly Raisman,white,female,5.85853719756964,1
Alys Arden,white,female,4.274157849,2
Alyscia Cunningham,black,female,3.85973856619715,2
Alysha Speer,white,female,4.01283722470517,7
Alysia Abbott,white,female,4.52374646681156,2
Alysia Harris,black,female,4.41830129131975,2
Alyson Foster,white,female,3.90363251608424,1
Alyson Hagy,white,female,4.14612803567824,2
Alyson Noel,white,female,5.25767857486918,10
Alyson Richman,white,female,5.65127801399814,1
Alyssa Brugman,white,female,4.5705429398819,6
Alyssa Gonzalez,latino,female,5.577492,1
Alyssa Keller,white,female,4.969881644,1
Alyssa Milano,white,female,6.52633927738984,3
Alyxandra Harvey,white,female,5.56229286445647,5
Ama Ata Aidoo,black,female,5.30535136944662,4
Ama H. Vanniarachchy,asian,female,4.47129171105894,10
Amadeo Bordiga,white,male,4.95424250943933,1
Amadou Hampâté Bâ,black,male,5.572872,1
Amaka Imani Nkosazana,black,female,4.23552844690755,10
Amaleka McCall,black,female,4.11059,1
Amalia Carosella,white,female,3.6954816764902,2
Aman Jassal,asian,male,4.16731733474818,10
Aman Srivastava,asian,male,5.459392,1
Amanda Bouchet,white,female,5.37291200297011,10
Amanda Browning,white,female,5.22010808804005,1
Amanda Burton,white,female,5.26717172840301,1
Amanda Carlson,white,female,5.37657695705651,10
Amanda Clark,white,female,5.92634244662565,1
Amanda Coplin,white,female,5.56229286445647,3
Amanda Craig,white,female,5.22271647114758,10
Amanda Donohoe,white,female,5.00432137378264,1
Amanda Eliasch,white,female,4.27646180417324,1
Amanda Eyre Ward,white,female,5.01283722470517,1
Amanda Giasson,white,female,4.40654018043396,1
Amanda Gier,white,female,4.54157924394658,1
Amanda Gore,white,female,4.29225607135648,1
Amanda Harlech,white,female,4.82477646247555,1
Amanda Hocking,white,female,5.2148438480477,10
Amanda Hodgkinson,white,female,4.84757265914211,1
Amanda Howells,white,female,4.87909587950007,3
Amanda Joy Bruns,white,female,2.06818586174616,1
Amanda Kelly,white,female,5.59549622182557,2
Amanda LaDue,white,female,3.57170883180869,1
Amanda Lance,white,female,4.45636603312904,7
Amanda Lindhout,white,female,4.41497334797082,9
Amanda Linsmeier,white,female,4.31806333496276,7
Amanda Lovelace,white,female,5.10720996964787,10
Amanda M. Thrasher,white,female,4.13353890837022,1
Amanda McCabe,white,female,5.19865708695442,1
Amanda Mosher,white,female,4.5705429398819,10
Amanda Orneck,white,female,3.34044411484012,3
Amanda Owen,white,female,5.41995574848976,3
Amanda Palmer,white,female,5.62940959910272,4
Amanda Peet,white,female,5.863917377,3
Amanda Quick,white,female,5.53402610605614,5
Amanda Righetti,white,female,5.81358098856819,1
Amanda Schull,white,female,5.35024801833416,1
Amanda Seyfried,white,female,7.10037054511756,5
Amanda Steel,white,female,4.92890769024395,2
Amanda Steele,white,female,5.16136800223498,4
Amanda Stevens,white,female,5.79028516403324,1
Amanda Tero,white,female,4.55630250076729,2
Amanda Torroni,white,female,4.23299611039215,2
Amanda Usen,white,female,4.542825427,4
Amanda Welch,white,female,5.22788670461367,1
Amandeep Singh Malik,asian,male,4.113943,1
Amandine Roche,white,female,4.120573931,1
Amar Bose,asian,male,4.503791,1
Amar'e Stoudemire,black,male,6.20951501454263,2
Amardeep Singh,asian,male,6.22788670461367,2
Amarnath Kamaraj,asian,male,2.691081,1
Amartya Sen,asian,male,6.15533603746506,4
Amay Saxena,asian,male,3.469822,1
Amber Belldene,white,female,3.84509804001426,1
Amber D. Tran,asian,female,3.089905,1
Amber Dawn,white,female,6.5092025223311,3
Amber Frey,white,female,4.62013605497376,1
Amber Heard,white,female,6.8234742291703,4
Amber Hurdle,white,female,3.90471554527868,10
Amber Jacobs,white,female,4.72835378202123,2
Amber Kaufmann,white,female,3.37291200297011,1
Amber Kizer,white,female,4.26007138798508,1
Amber Koneval,white,female,2.7419390777292,2
Amber Lynn Natusch,white,female,4.73479982958885,1
Amber McRee Turner,white,female,3.39967372148104,2
Amber Riley,black,female,5.52113808370404,2
Amber Run,white,male,5.42160392686983,1
Amber Schamel,white,female,3.80413943233535,1
Amber Stokes,white,female,4.71011736511182,1
Amber Tamblyn,white,female,5.48995847942483,3
Ambeth R. Ocampo,asian,male,5.03342375548695,5
Ambika Devi,asian,female,5.62736585659273,5
Ambrose Bierce,white,male,6.44090908206522,10
Ambrose of Milan,white,male,5.20139712432045,4
Ambrosio Molinos de las Heras,white,male,2.98000337158375,1
Amby Burfoot,white,male,5.10720996964787,4
Amedeo Modigliani,white,male,6.33041377334919,1
Amelia Atwater-Rhodes,white,female,4.82542611776782,5
Amelia Barr,white,female,4.25767857486918,9
Amelia Boynton,black,female,4.887617,1
Amelia Boynton Robinson,black,female,4.69196510276736,4
Amelia C. Welby,white,female,2.26007138798507,1
Amelia Earhart,white,female,6.56937390961505,8
Amelia Gray,white,female,5.90308998699194,3
Amelia Grey,white,female,4.92479599579791,1
Amelia Hutchins,white,female,5.40654018043396,3
Amelia Jenks Bloomer,white,female,4.31386722036915,1
America Ferrera,latino,female,6.13033376849501,3
Ami Bera,asian,male,5.783189,1
Ami Blackwelder,white,female,3.73878055848437,1
Ami McKay,white,female,4.90363251608424,2
Amie L spurgeon,white,female,2.38916608436453,1
Amie Ryan,white,female,4.29666519026153,2
Amilcar Cabral,black,male,6.232996,1
Amina Gautier,black,female,4.238046,1
Aminatta Forna,black,female,5.16731733474818,7
Amir Clayton Powell,black,male,2.945469,1
Amiri Baraka,black,male,5.88536122003151,5
Amisha Patel,asian,female,5.830589,1
Amit Abraham,asian,male,4.92634244662565,10
Amit Bhatia,asian,male,5.611723,1
Amit Chatterjee,asian,male,5.42813479402879,7
Amit Chaudhuri,asian,male,5.34242268082221,6
Amit Gupta,asian,male,6.737987,3
Amit K Ghosh,asian,male,4.610660163,3
Amit Kalantri,asian,male,5.01283722470517,10
Amit Pandey,asian,male,6.17026171539496,4
Amit Ray,asian,male,5.274157849,10
Amit Reddy,asian,male,4.883093,2
Amit Trivedi,asian,male,6.374748,3
Amita Trasi,asian,female,4.25527250510331,6
Amitabh Bachchan,asian,male,7.274157849,7
Amitav Chowdhury,asian,male,3.863917377,10
Amitav Ghosh,asian,male,6.11394335230684,10
Amitava Chowdhury,asian,male,4.817565,1
Amitsingh Rungoo,asian,male,2.517196,1
Amity Gaige,white,female,5.274157849,1
Amity Shlaes,white,female,4.98587535730839,3
Ammon Hennacy,white,male,4.25767857486918,1
Amor Towles,white,male,5.59659709562646,10
Amory B. Lovins,white,male,4.54530711646582,1
Amos Bronson Alcott,white,male,5.178976947,10
Amos N. Wilson,black,male,4.583199,1
Amos Oz,white,male,5.62736585659273,2
Amos Tversky,white,male,5.74585519517373,1
Amrita Singh,asian,female,6.515874,1
Amulya Malladi,asian,female,4.465383,1
Amy A. Bartol,white,female,4.80208925788173,5
Amy Adams,white,female,6.683047038,3
Amy Alcott,white,female,4.45024910831936,2
Amy Alward,white,female,4.55509444857832,1
Amy Andrews,white,female,5.30749603791321,10
Amy Astorga,latino,female,3.44247976906445,2
Amy Bass,white,female,5.04532297878666,1
Amy Bloom,white,female,5.14612803567824,7
Amy Butler Greenfield,white,female,4.44870632,1
Amy Carmichael,white,female,5.3096301674259,10
Amy Carroll,white,female,5.49276038902684,1
Amy Chua,asian,female,5.30319605742049,5
Amy Clampitt,white,female,4.75966784468963,1
Amy Cuddy,white,female,5.29666519026153,1
Amy Dacyczyn,white,female,4.16435285578444,1
Amy Daumit,white,female,3.16731733474818,1
Amy Davidson,white,female,5.27646180417324,1
Amy Daws,white,female,5.16136800223498,1
Amy E. Mason,white,female,4.46982201597816,1
Amy E. Reichert,white,female,4.88649072517248,2
Amy E. Spiegel,white,female,3.35024801833416,4
Amy E. Tobin,white,female,3.19589965240923,6
Amy Efaw,white,female,4.31386722036915,3
Amy Eldon,white,female,4.23299611039215,1
Amy Engel,white,female,5.58883172559421,10
Amy Ephron,white,female,5.48287358360875,1
Amy Ewing,white,female,4.81822589361396,2
Amy Fellner Dominy,white,female,4.52633927738984,2
Amy Gerstler,white,female,4.6232492903979,2
Amy Grant,white,female,6.24797326636181,10
Amy Greene,white,female,5.07188200730613,1
Amy Guth,white,female,4.30535136944662,1
Amy Harmon,white,female,5.40993312333129,10
Amy Hatvany,white,female,4.73639650227664,5
Amy Heckerling,white,female,5.28103336724773,1
Amy Hempel,white,female,4.7701152947871,2
Amy Hennig,white,female,4.97589113640179,2
Amy J. Murphy,white,female,4.41497334797082,1
Amy Jackson,white,female,6.29885307640971,6
Amy Jacobson,white,female,4.60314437262018,1
Amy Jacques-Garvey,black,female,4.684845,1
Amy Jarecki,white,female,4.8842287696326,10
Amy Kaufman Burk,white,female,3.14301480025409,1
Amy Klobuchar,white,female,6.06069784035361,2
Amy Koppelman,white,female,4.39093510710338,2
Amy Krouse Rosenthal,white,female,5.6232492903979,3
Amy Landecker,white,female,5.62531245096167,1
Amy Layne Litzelman,white,female,3.40823996531185,7
Amy Leach,white,female,4.65224634100332,4
Amy Lee Peine,white,female,2.51454775266029,1
Amy Leigh Mercree,white,female,4.9731278535997,10
Amy Levy,white,female,4.69635638873333,1
Amy Lichtenhan,white,female,4.42324587393681,2
Amy Lignor,white,female,3.96094619573383,1
Amy Lowell,white,female,5.1846914308176,10
Amy Mah,asian,female,4.38201704257487,4
Amy Manemann,white,female,3.58994960132571,1
Amy Marie,white,female,6.14612803567824,1
Amy McAuley,white,female,3.87273882747267,2
Amy McGuire,white,female,5.10037054511756,1
Amy McNamara,white,female,4.94250410616808,4
Amy Miller,white,female,6.00860017176192,4
Amy Neftzger,white,female,3.90363251608424,10
Amy Olinger,white,female,4.29446622616159,1
Amy Pascale,white,female,4.053078443,1
Amy Plum,white,female,5.57518784492766,5
Amy Poehler,white,female,6.52633927738984,10
Amy Purdy,white,female,4.87390159786446,8
Amy Rachel Peterson,white,female,3.51321760006794,3
Amy Rachiele,white,female,3.60314437262018,1
Amy Rae Durreson,white,female,4.025305865,1
Amy Rankin,white,female,4.97634997900327,10
Amy Reed,white,female,5.81690383937566,10
Amy Schumer,white,female,6.579783597,2
Amy Sedaris,white,female,5.62428209583567,10
Amy Sherman-Palladino,white,female,5.89817648349768,1
Amy Smart,white,female,6.01703333929878,1
Amy Smith,white,female,6.3541084391474,2
Amy Sommers,white,female,4.40993312333129,10
Amy Stewart,white,female,5.54032947479087,2
Amy Stross,white,female,4.26481782300954,1
Amy Sumida,asian,female,4.58995,1
Amy Tan,asian,female,5.93851972517649,10
Amy Tintera,white,female,5.61489721603314,5
Amy Vanderbilt,white,female,4.66464197555613,1
Amy Waldman,white,female,5.56110138364906,5
Amy Weber,white,female,5.28780172993023,3
Amy Winehouse,white,female,6.99738638439731,10
Amy Zhang,asian,female,5.32837960343874,8
Amélie Nothomb,white,female,6.26245109,2
An Na,asian,female,6.694605,1
An Wang,asian,male,5.71264970162721,3
Ana Castillo,latino,female,5.70671778233676,3
Ana Chapman,white,female,4.52762990087134,4
Ana Claudia Antunes,latino,female,4.50785587169583,10
Ana Franco,latino,female,5.91328390176042,2
Ana Kostovska,white,female,4.40654018043396,2
Ana Monnar,latino,female,4.25767857486918,10
Ana Ortega,latino,female,5.89762709129044,7
Ana Plascencia,latino,female,4.389166,1
Ana Rangel,latino,female,5.322219295,2
Ana Sáez González,latino,female,3.501059,1
Anais Torres,latino,female,4.887054,1
Anam Iqbal,asian,female,4.62838893005031,3
Anamika Mishra,asian,female,5.4345689040342,10
Anand Neelakantan,asian,male,5.14612803567824,5
Anand Paramaguru,asian,male,5.08636,1
Anand V,asian,male,5.687529,1
Anandamayi Ma,asian,female,5.870404,1
Anant Agarwal,asian,male,5.298853,1
Anas Aremeyaw Anas,black,male,5.344392,1
Anastacia Oaikhena,black,female,2.434569,1
Anastasia,white,female,8.23299611039215,2
Anastasia Griffith,white,female,5.29003461136252,1
Anastasia Nil,white,female,2.39619934709574,2
"Anastasia Novyh ""Allatra",white,female,3.24797326636181,2
Anastasiya Kotelnikova,white,female,3.29225607135648,1
Anatole Broyard,black,male,4.71180722904119,6
Anatole France,white,male,6.56229286445647,10
Anatoli Boukreev,white,male,4.92634244662565,1
Anatoliy Obraztsov,white,male,2.61278385671974,5
Anatoly Chubais,white,male,4.83758843823551,1
Anaximenes,white,male,5.23044892137827,1
Anaïs Nin,white,female,5.87390159786446,8
Anchee Min,asian,female,5.61489721603314,2
Ander Crenshaw,white,male,4.03742649794062,3
Ander Monson,white,male,4.475671188,1
Anders Breivik,white,male,5.69983772586725,1
Anders Ericsson,white,male,5.62428209583567,2
Anders Rydell,white,male,4.8998205024271,1
Anderson A. Charles,black,male,4.178977,1
Anderson Cooper,white,male,6.53402610605614,7
Andi Zeisler,white,female,4.82994669594164,2
Andie MacDowell,white,female,6.12385164096709,7
Andie Mitchell,white,female,4.12710479836481,2
Andra Brynna Goeglein,white,female,0.301029995663981,1
Andra Day,black,female,6.18752072083646,2
Andre Agassi,white,male,6.29225607135648,10
Andre Balazs,white,male,4.40312052117582,2
Andre Benjamin,black,male,5.38021124171161,3
Andre Braugher,black,male,5.692847,1
Andre Chenier,white,male,4.74896286125616,1
Andre Dubus,white,male,4.99078269180314,2
Andre Dubus III,white,male,5.29225607135648,2
Andre Ellison,black,male,3.972666,1
Andre Godin,white,male,4.49692964807322,2
Andre Jordan,black,male,4.697229,1
Andre Leon Talley,black,male,5.43296929087441,3
Andre Mikhailovich Solonitsyn,white,male,2.59988307207369,1
Andre Norton,white,female,5.53147891704226,2
Andre Rieu,white,male,6.44715803134222,6
Andre Ward,black,male,5.40654018043396,4
Andre Weil,white,male,4.62531245096167,1
Andre the BFG,white,male,3.27646180417324,2
Andrea Arnold,white,female,5.48995847942483,2
Andrea Barbosa,latino,female,5.30319605742049,2
Andrea Bocelli,white,male,6.86332286012046,4
Andrea Bouchaud,white,female,2.58994960132571,1
Andrea Camilleri,white,male,6.00860017176192,3
Andrea Corr,white,female,5.22271647114758,1
Andrea Cremer,white,female,5.23044892137827,10
Andrea Dworkin,white,female,5.30102999566398,10
Andrea Febbraio,white,male,4,1
Andrea Goeglein,white,female,3.78318869107526,10
Andrea Gogelein,white,female,0.778151250383644,1
Andrea Hairston,black,female,4.73798732633343,2
Andrea Heltsley,white,female,3.45636603312904,3
Andrea Hirata,asian,male,5.908485,2
Andrea Jung,asian,female,5.13033376849501,2
Andrea K. Höst,white,female,4.01283722470517,6
Andrea Laurence,white,female,5.21748394421391,1
Andrea Lee,asian,male,5.814913,1
Andrea Levy,black,female,5.2718416065365,2
Andrea Lochen,white,female,3.74663419893758,1
Andrea Portes,white,female,4.81291335664286,4
Andrea Randall,white,female,4.94250410616808,2
Andrea Riseborough,white,female,5.92531209149965,1
Andrea Savage,white,female,5.12710479836481,1
Andrea Seigel,white,female,4.149219113,1
Andrea T. Goeglein,white,female,2.97863694838447,10
Andrea Thompson,white,female,5.59328606702046,2
Andrea Zuvich,white,female,4.17318626841227,4
Andreas Codispoti,white,male,2.36361197989214,1
Andreas Eschbach,white,male,6.01703333929878,2
Andreas Feininger,white,male,5.69635638873333,1
Andreas Harpas,white,male,3.3384564936046,1
Andreas Moritz,white,male,5.26007138798508,2
Andreas Schleicher,white,male,5.45178643552429,1
Andreas Vesalius,white,male,5.78031731214015,1
Andrei A. Gromyko,white,male,4.65321251377534,1
Andrei Bely,white,male,5.07918124604763,1
Andrei Codrescu,white,male,5.31386722036915,3
Andrei Lankov,white,male,4.92427928606188,1
Andrei Platonov,white,male,5.02118929906994,2
Andrei Pleșu,white,male,5.6599162,1
Andrei Sakharov,white,male,5.66745295288995,1
Andrei Tarkovsky,white,male,6.5854607295085,7
Andrei Voznesensky,white,male,4.59328606702046,2
Andrej Pejic,white,female,5.24551266781415,1
Andrena Sawyer,black,female,4.40140054078154,10
Andres Giraldo,latino,male,5.469822,1
Andres Heinz,white,male,4.3096301674259,1
Andres Iniesta,white,male,6.17609125905568,1
Andres Oliver,latino,male,4.466868,1
Andres Serrano,latino,male,5.426511,1
Andrew Agbonlahor,black,male,2.96895,1
Andrew Ashling,white,male,3.68752896121463,10
Andrew Ashwin,white,male,4.25285303097989,1
Andrew Barger,white,male,4.47712125471966,5
Andrew Bird,white,male,5.72835378202123,2
Andrew Biss,white,male,4.14612803567824,1
Andrew Boddie,black,male,3.733197,1
Andrew Bogut,white,male,5.50242711998443,1
Andrew Bonar,white,male,5.19589965240923,2
Andrew Breitbart,white,male,5.08635983067475,5
Andrew Bridge,white,male,4.58319877396862,1
Andrew Brown,black,male,6.271842,2
Andrew Card,white,male,4.89597473235906,1
Andrew Carnegie,white,male,6.23299611039215,7
Andrew Clements,white,male,5.54777470538782,3
Andrew Cormier,white,male,4.48713837547719,9
Andrew Coyne,white,male,4.9576072870601,1
Andrew Critchley,white,male,4.65609820201283,1
Andrew Crofts,white,male,5.41830129131975,8
Andrew Cuomo,white,male,6.43775056282039,9
Andrew D. Chumbley,white,male,4.025305865,1
Andrew Dalby,white,male,6.07918124604763,1
Andrew Darrah,white,male,3.95036485437612,1
Andrew Davie,white,male,4.92992956008459,1
Andrew Davies,white,male,5.6954816764902,1
Andrew Delbanco,white,male,4.89652621748955,1
Andrew Dickson White,white,male,5.27875360095283,1
Andrew Durbin,white,male,4.23552844690755,4
Andrew Eldritch,white,male,4.80955971463527,2
Andrew Faulkner,white,male,4.94743372188705,2
Andrew Ferguson,white,male,5.9216864754836,1
Andrew Fisher,white,male,5.56702636615906,1
Andrew Forrest,white,male,5.45636603312904,1
Andrew Fukuda,asian,male,4.4843,1
Andrew Garfield,white,male,7.11394335230684,1
Andrew Garve,white,male,4.72672720902657,2
Andrew Goodman,white,male,5.26245109,1
Andrew Greeley,white,male,4.91222205653242,2
Andrew Griffin,white,male,5.53019969820308,2
Andrew Harvey,white,male,5.45484486,1
Andrew Holleran,white,male,5.30102999566398,10
Andrew Horvat,white,male,3.96425963019685,1
Andrew Hudgins,white,male,4.206825876,1
Andrew Hussie,white,male,5.31386722036915,1
Andrew Hyde,white,male,4.67851837904011,2
Andrew J. Bernstein,white,male,4.29003461136252,2
Andrew J. Keir,white,male,3.19033169817029,1
Andrew J. Peters,white,male,4.83758843823551,2
Andrew J. Robinson,white,male,5.12385164096709,1
Andrew Jackson,white,male,6.74115159885179,8
Andrew James Pritchard,white,male,3.44247976906445,5
Andrew James White,white,male,4.38381536598043,1
Andrew Johnson,white,male,6.45788189673399,2
Andrew Kaufman,white,male,5.45178643552429,4
Andrew Kendall,white,male,4.9912260756925,4
Andrew Klavan,white,male,5.12385164096709,3
Andrew Koh,asian,male,4.643453,1
Andrew Krivak,white,male,5.48995847942483,1
Andrew Lang,white,male,5.88986172125819,7
Andrew Lansley,white,male,4.73239375982297,2
Andrew Leigh,white,male,5.28555730900777,1
Andrew Lennon,white,male,4.74429298312268,2
Andrew Levkoff,white,male,3.758154622,10
Andrew Lincoln,white,male,6.15836249209525,1
Andrew Lloyd Webber,white,male,6.6222140229663,5
Andrew Lo,asian,male,5.053078,2
Andrew Loomis,white,male,5.31175386105575,3
Andrew Luck,white,male,5.96614173273903,2
Andrew M. Greeley,white,male,5.20139712432045,1
Andrew Marr,white,male,5.57634135020579,1
Andrew Marvell,white,male,5.30102999566398,9
Andrew Mason,white,male,5.58319877396862,1
Andrew Masuku,black,male,3.342423,1
Andrew Matthews,white,male,5.63548374681491,2
Andrew Mayne,white,male,4.99343623049761,1
Andrew McAfee,white,male,5.10380372095596,1
Andrew McMillan,white,male,5.29446622616159,3
Andrew Mellon,white,male,5.22788670461367,1
Andrew Miller,white,male,6.41830129131975,9
Andrew Motion,white,male,4.95808584852109,3
Andrew Murray,white,male,6.00860017176192,10
Andrew Neff,white,male,4.80002935924413,2
Andrew Niccol,white,male,5.30102999566398,2
Andrew Osmond,white,male,4.89486965674525,1
Andrew P. Harris,white,male,4.37839790094814,2
Andrew Peterson,white,male,5.6599162,5
Andrew Pettegree,white,male,5.09691001300806,7
Andrew Pyper,white,male,5.00860017176192,1
Andrew R. George,white,male,4.27646180417324,1
Andrew Robert Burn,white,male,3.609594409,1
Andrew Roberts,white,male,5.97081161087252,4
Andrew Root,white,male,4.67577834167408,2
Andrew Rosenblum,white,male,4.35024801833416,1
Andrew Ross Sorkin,white,male,6.28780172993023,2
Andrew Ruby,white,male,4.22530928172586,3
Andrew Ryan,white,male,5.75663610824585,1
Andrew Schweitzer,white,male,4.41329976408125,1
Andrew Scott,white,male,6.50514997831991,1
Andrew Sean Greer,white,male,5.98091193777684,6
Andrew Shaffer,white,male,4.84571801796666,4
Andrew Shue,white,male,4.83821922190763,3
Andrew Smith,white,male,6.542825427,10
Andrew Solomon,white,male,5.37106786227174,10
Andrew Soutar,white,male,4.33845649360461,1
Andrew Stanton,white,male,5.74663419893758,3
Andrew Strauss,white,male,5.40823996531185,1
Andrew Sturm,white,male,4.12385164096709,5
Andrew Sullivan,white,male,5.54654266347813,4
Andrew Thomson,white,male,5.71516735784846,1
Andrew Tobias,white,male,4.84198480459011,2
Andrew V. Barber,white,male,3.40312052117582,1
Andrew Vachss,white,male,5.90417436828416,10
Andrew Weil,white,male,5.68930885912362,9
Andrew Wiles,white,male,5.13033376849501,1
Andrew Wommack,white,male,5.77670118398841,10
Andrew Wyeth,white,male,6.01703333929878,7
Andrew Young,black,male,6.06818586174616,7
Andrew Zimmern,white,male,5.66931688056611,1
Andrew Zolli,white,male,4.3324384599156,9
Andrew-Lee Potts,white,male,4.80277372529198,1
Andrews,white,male,8.26481782300954,1
Andreï Makine,white,male,5.27646180417324,1
Andri Malraux,white,male,6.04139268515823,2
Andri Maurois,white,male,5.77305469336426,4
Andrija Jonić,white,male,3.93449845124357,3
Andrius B. Tapinas,white,male,2.76042248342321,1
Andriy Shevchenko,white,male,6.23552844690755,3
Andry Chang,asian,male,4.082785,1
Andrzej Sapkowski,white,male,6.84198480459011,8
Andrzej Wajda,white,male,6.30319605742049,1
André Bazin,white,male,5.57518784492766,1
André Berthiaume,white,male,4.40483371661994,1
André Breton,white,male,6.47712125471966,10
André Brink,white,male,5.668385917,3
André Comte-Sponville,white,male,5.6570558528571,1
André Gide,white,male,6.45484486,9
André Gorz,white,male,5.22530928172586,1
André Malraux,white,male,6.63548374681491,8
André Maurois,white,male,5.98855895687862,10
Andrés Aloi,latino,male,4.143015,2
Andrés Neuman,latino,male,5.434569,1
Andy Andrews,white,male,5.32428245529769,7
Andy Behrman,white,male,4.24551266781415,1
Andy Beirsack,white,male,5.55990662503611,1
Andy Biersack,white,male,5.57403126772772,2
Andy Carrington,white,male,3.82151352840477,2
Andy Cohen,white,male,6.81224469680037,1
Andy Couturier,white,male,4.16136800223498,8
Andy Crouch,white,male,4.88930170250631,1
Andy Dick,white,male,6.00432137378264,3
Andy Flynn,white,male,5.06069784035361,6
Andy Garcia,latino,male,6.439333,1
Andy Goldsworthy,white,male,5.43616264704076,4
Andy Heaton,white,male,4.4983105537896,1
Andy Kaufman,white,male,5.60745502321467,1
Andy Kindler,white,male,4.61384182187607,1
Andy Lane,white,male,5.029383778,3
Andy Leeks,white,male,3.52504480703685,1
Andy Mulcahy,white,male,3.80888586735981,1
Andy Murray,white,male,6.52504480703685,7
Andy Partridge,white,male,5.14301480025409,2
Andy Pauley,white,male,3.22271647114758,1
Andy Peloquin,white,male,4.91698004732038,1
Andy Quan,asian,male,4.357935,1
Andy Raskin,white,male,5.54777470538782,1
Andy Roddick,white,male,5.95808584852109,3
Andy Rooney,white,male,5.41995574848976,10
Andy Sawford,white,male,4.35024801833416,1
Andy Serkis,white,male,6.3654879848909,8
Andy Stanley,white,male,5.55990662503611,10
Andy Stanton,white,male,4.80413943233535,1
Andy Summers,white,male,5.78175537465247,1
Andy Warhol,white,male,7.36735592102602,10
Andy Weir,white,male,6.18752072083646,10
Andy Whitfield,white,male,5.1846914308176,1
Andy Williams,white,male,6.81291335664286,1
Andy Zaltzman,white,male,4.72591163229505,2
Ane Krstevska,white,female,3.33041377334919,10
Aneurin Bevan,white,male,6.24303804868629,9
Ang Lee,asian,male,6.15228834438306,7
Angel Cabrera,latino,male,5.622214,1
Angel Olsen,white,female,5.60314437262018,1
Angel Ramon Medina,latino,male,3.36735592102602,5
Angela Ahrendts,white,female,5.38021124171161,2
Angela B. Chrysler,white,female,3.71349054309394,1
Angela Barron McBride,white,female,3.73878055848437,1
Angela Bernabe,latino,female,3.8767949762007,2
Angela Carter,white,female,5.83632411570675,10
Angela Chase,white,female,4.772321707,1
Angela Cope,white,female,4.22271647114758,1
Angela D'Ambrosio,white,female,4.49415459401844,1
Angela Davis,black,female,6.39445168082622,7
Angela Duckworth,asian,female,5.676694,2
Angela Elwell Hunt,white,female,4.92427928606188,2
Angela Flournoy,black,female,5.70500795933334,7
Angela Gascoigne,white,female,3.84757265914211,1
Angela Glowacki,white,female,4.16136800223498,1
Angela Khristin Brown,black,female,3.13672056715641,2
Angela L Craig,white,female,3.75891189239797,1
Angela L. Wozniak,white,female,3.36735592102602,1
Angela Lam,asian,female,3.02530586526477,3
Angela Lynne Craig,white,female,3.07188200730613,8
Angela Merici,white,female,6.053078443,3
Angela Merkel,white,female,6.89431606268444,7
Angela Monique Crudupt,black,female,2.079181,1
Angela N. Blount,black,female,4.06818586174616,9
Angela Quarles,white,female,4.42488163663107,4
Angela Rae Harris,black,female,3.252853,1
Angela Richardson,white,female,5.59879050676312,9
Angela Schwindt,white,female,4.67394199863409,1
Angela Thirkell,white,female,5.4814426285023,1
Angela Watson,white,female,5.33845649360461,1
Angela Y. Davis,black,female,5.9576072870601,5
Angelika Rust,white,female,3.748188027,3
Angelina Assanti,white,female,3.39445168082622,3
Angelina Fleck,white,female,2.7355989,1
Angelina Grimke,white,female,5.029383778,2
Angelina J. Windsor,white,female,2.45331834004704,1
Angelina Jolie,white,female,7.48995847942483,10
Angelina Sedlacek,white,female,1.80617997398389,1
Angeline M. Bishop,white,female,3.44404479591808,2
Angelique Arnauld,white,female,4.21748394421391,1
Angelique Kerber,white,female,6.24551266781415,2
Angelo Codevilla,white,male,4.37839790094814,2
Angelo Dirks,white,male,3.0899051114394,2
Angelo M. Swinson,black,male,2.252853,1
Angelo N. Dallas,white,male,2.08635983067475,1
Angelo Scola,white,male,5.35024801833416,1
Angelo Spagnolo,white,male,3.9912260756925,1
Angelo Tsanatelis,white,male,3.4983105537896,7
Angelos Ioannis,white,male,3.30319605742049,1
Angelos Michalopoulos,white,male,4.10380372095596,10
Angelus Silesius,white,male,5.59879050676312,4
Angi Kim,asian,female,3.577492,1
Angie Dickinson,white,female,5.96236933567002,1
Angie Fox,white,female,4.94694327069783,3
Angie Harmon,white,female,5.65321251377534,1
Angie Morgan,white,female,4.93701610746481,3
Angie Sage,white,female,5.09691001300806,5
Angie Stone,black,female,6.15836249209525,2
Angie Thomas,black,female,6.10037054511756,3
Angle Dickinson,white,female,5.97127584873811,1
Angus T. Jones,white,male,5.2148438480477,1
Angus Wilson,white,male,4.99651167215418,4
Angus Young,white,male,6.36361197989214,3
Angélica Calheiros,latino,female,2.758912,1
Ani DiFranco,white,female,6.08635983067475,10
Ania Szado,white,female,3.99387691494121,1
Aniket More,asian,male,4.838219,2
Anil Kapoor,asian,male,6.639486,1
Anil prajapati,asian,male,5.59769518592551,2
AnilChandra,asian,male,4.771587,1
Animesh Singh,asian,male,5.596597,1
Anind Mathur,asian,male,2.631444,1
Anindita,asian,female,6.641474,1
Anirban Bose,asian,male,4.80277372529198,3
Aniruddha Sastikar,asian,male,3.25285303097989,10
Anish Kapoor,asian,male,6.30535136944662,4
Anisha D'souza,asian,female,3.78746,1
Anita Anand,asian,female,5.587711,2
Anita Baker,black,female,6.05690485133647,4
Anita Brookner,white,female,5.50379068305718,10
Anita DeFrantz,black,female,4.453318,1
Anita Desai,asian,female,5.42651126136457,3
Anita Diamant,white,female,5.07918124604763,10
Anita Diament,white,female,3.48995847942483,2
Anita Ekberg,white,female,5.86272752831797,1
Anita Hill,black,female,5.475671188,4
Anita Ibeakanma,black,female,2.79098847508882,2
Anita Krishan,asian,female,4.365488,1
Anita Krizzan,white,female,4.59439255037543,2
Anita Loos,white,female,5.08635983067475,2
Anita Moorjani,asian,female,5.24303804868629,2
Anita Nair,asian,female,5.418301,1
Anita Rajbhar,asian,female,4.686636,1
Anita Roddick,white,female,5.51054501020661,8
Anita Shreve,white,female,5.86864443839483,10
Anita Silvey,white,female,4.80685802951882,1
Anita Weiss,white,female,4.55630250076729,1
Anitra Shelton-Quinn,black,female,3.11059,1
Anjan Dey,asian,male,4.70500795933334,2
Anjelica Huston,white,female,6.04139268515823,2
Ankala Subbarao,asian,male,5.51054501020661,8
Ankala V Subbarao,asian,male,2.98989456371877,10
Anker Frankoni,white,male,2.60314437262018,1
Ankit Goel,asian,male,5.28780172993023,3
Ankit Rawat,asian,male,5.56937390961505,4
Ankit Samrat,asian,male,4.240549248,8
AnkitMishra,asian,male,4.62838893005031,3
Ankit_pandey,asian,male,5.98811284026835,3
Ankita Agrawal,asian,female,5.075547,1
Ankita Kapoor,asian,female,4.970812,1
Ankita Singhal,asian,female,4.44404479591808,10
Ankur Basu Roy,asian,male,1.934498,1
Ankur Bhardwaj,asian,male,4.871573,1
Ankur singh yadav,asian,male,4.36172783601759,2
Anmol Mehta,asian,male,4.536558,1
Anmol Rawat,asian,male,4.46239799789896,4
Ann Aguirre,white,female,5.11058971029925,10
Ann B. Keller,white,female,3.70500795933334,1
Ann B. Ross,white,female,4.93951925261862,1
Ann Bancroft,white,female,4.77887447200274,5
Ann Barrett Batson,white,female,2.49276038902684,1
Ann Bausum,white,female,4.7481880270062,1
Ann Beattie,white,female,4.97405090279288,2
Ann Brashares,white,female,5.73957234445009,10
Ann Callis,white,female,4.82477646247555,1
Ann Charles,white,female,5.16136800223498,5
Ann Cleeves,white,female,5.68124123737559,1
Ann Clwyd,white,female,4.42160392686983,1
Ann Cotton,white,female,4.92064500140679,6
Ann Coulter,white,female,5.62736585659273,10
Ann D. Clark,white,female,4.01703333929878,1
Ann Dee Ellis,white,female,4.15836249209525,1
Ann Demeulemeester,white,female,6.59659709562646,2
Ann Douglas,white,female,5.30535136944662,2
Ann Druyan,white,female,5.46982201597816,3
Ann E. Burg,white,female,4.40993312333129,2
Ann Edall-Robson,white,female,3.64542226934909,1
Ann Fairbairn,white,female,3.7701152947871,2
Ann H. Gabhart,white,female,4.902002891,3
Ann Handley MarketingProfs,white,female,3.54530711646582,1
Ann Herendeen,white,female,3.98091193777684,1
Ann Hood,white,female,5.06818586174616,5
Ann Howard Creel,white,female,4.62013605497376,2
Ann Jillian,white,female,4.85853719756964,1
Ann Kaiser Stearns,white,female,3.89597473235906,1
Ann Kidd Taylor,white,female,4.46089784275655,1
Ann Landers,white,female,5.68214507637383,9
Ann Lawrence,white,female,5.76342799356294,1
Ann Leary,white,female,4.73078227566639,1
Ann Leckie,white,female,5.81954393554187,10
Ann M. Martin,white,female,5.68394713075151,4
Ann Mah,asian,female,4.495544,1
Ann Makosinski,asian,female,4.64345267648619,2
Ann Marie Aguilar,latino,female,3.93701610746481,6
Ann Marie Frohoff,white,female,3.64640372622307,8
Ann Marie Stewart,white,female,4.81291335664286,1
Ann Marlowe,white,female,4.29446622616159,2
Ann McElhinney,white,female,4.3324384599156,1
Ann McLane Kuster,white,female,4.6159500516564,1
Ann Medlock,white,female,4.19865708695442,2
Ann Morrow Lindbergh,white,female,4.26717172840301,1
Ann Napolitano,white,female,5.53402610605614,1
Ann Oakley,white,female,4.94890176097021,2
Ann Packer,white,female,5.02118929906994,1
Ann Patchett,white,female,5.8109042806687,10
Ann Plato,black,female,3.68842,2
Ann Radcliffe,white,female,5.40483371661994,1
Ann Richards,white,female,5.64443858946784,10
Ann Rinaldi,white,female,4.542825427,6
Ann Rule,white,female,5.43136376415899,1
Ann Shayne,white,female,4.75281643118827,1
Ann Simko,white,female,3.94890176097021,2
Ann Simpson,white,female,5.84757265914211,1
Ann Somerville,white,female,4.60530504614111,3
Ann Spangler,white,female,4.83058866868514,1
Ann Tatlock,white,female,4.48000694295715,1
Ann Voskamp,white,female,5.26245109,10
Ann Ward Radcliffe,white,female,5.55022835305509,1
Ann Whitman,white,female,4.91487181754005,1
Ann Wigmore,white,female,5.29003461136252,3
Ann Wroe,white,female,4.58658730467176,2
Ann Zwinger,white,female,4.22271647114758,1
Ann-Margret,white,female,6.22788670461367,1
Anna Akana,asian,female,5.5092025223311,6
Anna Akhmatova,white,female,5.42975228000241,10
Anna Bennett,white,female,5.64933485871214,4
Anna Bloom,white,female,4.90471554527868,1
Anna Breslaw,white,female,4.10380372095596,2
Anna Buchan,white,female,4.11394335230684,1
Anna Carey,white,female,5.08278537,5
Anna Chennault,asian,female,4.330414,1
Anna Chlumsky,white,female,5.4814426285023,1
Anna Deavere Smith,black,female,5.45939248775923,6
Anna Del Conte,white,female,4.99343623049761,1
Anna Dobritt,white,female,3.88366143515362,1
Anna Dymna,white,female,5.68574173860226,1
Anna Faris,white,female,6.2380461031288,1
Anna Fels,white,female,4.00860017176192,1
Anna Fienberg,white,female,4.97863694838447,1
Anna Ford,white,female,4.8394780473742,1
Anna Fraser,white,female,4.95375969173323,1
Anna Freeman,white,female,4.692846919,2
Anna Freud,white,female,5.94546858513182,5
Anna Funder,white,female,5.0899051114394,9
Anna Gavalda,white,female,5.44870632,2
Anna Glazebrook,white,female,3.51321760006794,1
Anna Godbersen,white,female,5.240549248,10
Anna Gould,white,female,4.49136169383427,1
Anna Held,white,female,4.92064500140679,10
Anna Howard Shaw,white,female,5.04139268515823,3
Anna Jameson,white,female,4.65321251377534,4
Anna Jarzab,white,female,4.57634135020579,3
Anna Jean Ouellette,white,female,2.44247976906445,2
Anna Jeffrey,white,female,4.40140054078154,1
Anna Kamieńska,white,female,4.95424250943933,3
Anna Katharine Green,white,female,5.5854607295085,1
Anna Kavan,white,female,4.84757265914211,4
Anna Keesey,white,female,4.01283722470517,2
Anna Kendrick,white,female,6.64048143697042,7
Anna Kournikova,white,female,6.51054501020661,2
Anna Lappé,white,female,4.79098847508882,1
Anna Lee,asian,female,6.5092025223311,2
Anna Lee Huber,white,female,5.20411998265593,1
Anna Letitia Barbauld,white,female,5.03342375548695,1
Anna Lindh,white,female,5.48995847942483,3
Anna Malaika Nti-Asare,black,female,2.557507,1
Anna Maria Chavez,latino,female,4.363612,1
Anna Maria Ortese,white,female,5.4456042032736,1
Anna McPartlin,white,female,4.97818051693741,3
Anna Moore,white,female,5.62117628177504,2
Anna Nalick,white,female,5.48000694295715,1
Anna Neagle,white,female,5.34635297445064,2
Anna Nicole Smith,white,female,6.31597034545692,2
Anna North,white,female,5.120573931,2
Anna Paszkiewicz,white,female,5.22530928172586,1
Anna Pavlova,white,female,5.796574333,7
Anna Politkovskaya,white,female,5.49554433754645,3
Anna Quindlen,white,female,5.88986172125819,10
Anna Rindfleisch,white,female,3.20411998265593,1
Anna Sewell,white,female,5.6170003411209,3
Anna Silver,white,female,4.73957234445009,2
Anna Snoekstra,white,female,4.95808584852109,1
Anna Sofia Botkin,white,female,3.26245108973043,2
Anna Staniszewski,white,female,4.67024585307412,1
Anna Stevens,white,female,5.75204844781944,2
Anna Sui,asian,female,7.00860017176192,2
Anna Todd,white,female,5.88138465677057,10
Anna Torv,white,female,5.71349054309394,2
Anna Van Breugel,white,female,4.34242268082221,1
Anna White,white,female,5.61804809671209,10
Anna Wintour,white,female,6.55509444857832,2
Anna Zaires,white,female,5.52504480703685,1
Anna von der Goltz,white,female,4.09342168516223,1
AnnaBella Cavanagh,white,female,1.9731278535997,1
AnnaSophia Robb,white,female,6.6222140229663,2
Annabel Crabb,white,female,5.39269695325967,1
Annabel Joseph,white,female,4.40140054078154,5
Annabel Lyon,white,female,4.60852603357719,1
Annabel Monaghan,white,female,5.936010796,1
Annabel Navarro,latino,female,3.908485,1
Annabel Pitcher,white,female,5.04921802267018,1
Annabella Sciorra,white,female,5.78390357927274,2
Annabelle Selldorf,white,female,5.00860017176192,2
Annabelle Wallis,white,female,5.88592633980143,1
Anne Archer,white,female,5.39967372148104,2
Anne Bancroft,white,female,5.85064623518307,1
Anne Baxter,white,female,5.62838893005031,3
Anne Beattie,white,female,4.52113808370404,1
Anne Belov,white,female,3.96894968098134,1
Anne Berest,white,female,5.71516735784846,1
Anne Bishop,white,female,5.40312052117582,10
Anne Blankman,white,female,4.73639650227664,1
Anne Boleyn,white,female,6.4983105537896,1
Anne Boyd,white,female,4.985426474083,1
Anne Bradstreet,white,female,5.23552844690755,9
Anne Brontë,white,female,5.65513843481138,10
Anne Burack Sayre,white,female,2.38381536598043,1
Anne Burrell,white,female,5.72509452108147,1
Anne Carson,white,female,5.66086547800387,10
Anne Cassidy,white,female,5.34439227368511,2
Anne Clendening,white,female,3.77815125038364,1
Anne Corlett,white,female,4.41995574848976,4
Anne De Lenclos,white,female,4.59988307207369,1
Anne Deavere Smith,black,female,5.45939248775923,2
Anne Dillard,white,female,4.07554696139253,1
Anne E.G. Nydam,white,female,3.78532983501077,1
Anne Eliot,white,female,4.13672056715641,1
Anne Elisabeth Stengl,white,female,4.36361197989214,3
Anne Elizabeth Moore,white,female,4.579783597,2
Anne Enright,white,female,5.37839790094814,3
Anne F. Beiler,white,female,3.54777470538782,3
Anne F. Rockwell,white,female,4.4456042032736,1
Anne Fadiman,white,female,5.15836249209525,10
Anne Fall,white,female,4.49415459401844,1
Anne Firor Scott,white,female,4.04921802267018,1
Anne Fortier,white,female,5.5705429398819,9
Anne Frank,white,female,7.00860017176192,10
Anne Frasier,white,female,4.90848501887865,2
Anne Garréta,white,female,4.57518784492766,3
Anne Giardini,white,female,4.22788670461367,1
Anne Gilchrist,white,female,4.78103693862113,1
Anne Graham Lotz,white,female,5.7160033436348,1
Anne Grant,white,female,5.00432137378264,1
Anne H. Janzer,white,female,3.19589965240923,1
Anne Hansen,white,female,5.66181268553726,1
Anne Hathaway,white,female,7.13987908640124,6
Anne Herbert,white,female,5.025305865,1
Anne Hines,white,female,4.61804809671209,1
Anne Hollander,white,female,4.72345567203519,1
Anne Holm,white,female,4.78958071216443,4
Anne Holt,white,female,5.4345689040342,1
Anne Hutchinson,white,female,5.23552844690755,3
Anne Hébert,white,female,5.71264970162721,1
Anne Killigrew,white,female,4.536558443,1
Anne Lamott,white,female,5.67851837904011,9
Anne Leonard,white,female,4.82020145948564,1
Anne Lewis,white,female,5.5705429398819,1
Anne M. Mulcahy,white,female,4.37839790094814,1
Anne Marsh,white,female,5.3541084391474,1
Anne Mateer,white,female,4.06069784035361,2
Anne McCaffrey,white,female,5.6232492903979,10
Anne Michaels,white,female,5.03742649794062,10
Anne Morrow Lindbergh,white,female,5.66086547800387,10
Anne Nesbet,white,female,4.683047038,1
Anne O'Brien,white,female,6.20411998265593,1
Anne O'Hare McCormick,white,female,4.18752072083646,2
Anne Ortlund,white,female,4.34242268082221,1
Anne Osterlund,white,female,4.21218760440396,4
Anne Perry,white,female,5.63648789635337,10
Anne Rainey,white,female,4.6599162,1
Anne Rice,white,female,6.52762990087134,10
Anne Ridler,white,female,4.56820172406699,1
Anne Rivers Siddons,white,female,5.67024585307412,2
Anne Robinson,white,female,5.59769518592551,2
Anne Roiphe,white,female,4.69108149212297,2
Anne Rouen,white,female,3.892094603,10
Anne Schroeder,white,female,4.969881644,1
Anne Sexton,white,female,5.62634036737504,10
Anne Shannon Monroe,white,female,4.01283722470517,1
Anne Spencer,black,female,5.290035,1
Anne Spollen,white,female,4.07554696139253,2
Anne Steele,white,female,5.55750720190566,1
Anne Stevenson,white,female,5.08278537,3
Anne Stuart,white,female,5.2380461031288,4
Anne Sullivan,white,female,5.61489721603314,7
Anne Sullivan Macy,white,female,4.75204844781944,1
Anne Taintor,white,female,4.96142109406645,2
Anne Taylor,white,female,5.90955602924118,2
Anne Truitt,white,female,4.64933485871214,1
Anne Tyler,white,female,5.64443858946784,10
Anne Ursu,white,female,5.5705429398819,9
Anne Wojcicki,white,female,4.86569606,10
Anne de Gandt,white,female,3.61804809671209,2
Anne-Laure Bondoux,white,female,5.274157849,2
Anne-Marie Pol,white,female,5.07918124604763,1
Anne-Marie Slaughter,white,female,5.39269695325967,1
Anne-Marie Willis,white,female,4.3747483460101,1
Anne-Robert-Jacques Turgot,white,male,5.03742649794062,1
Anne-Sophie Swetchine,white,female,4.06445798922692,6
Anneli Rufus,white,female,4.36172783601759,2
Anneliese Blakeney,white,female,2.01703333929878,1
Annette Bening,white,female,6.12385164096709,1
Annette Bridges,white,female,4.53529412004277,4
Annette Curtis Klause,white,female,4.716003344,3
Annette Funicello,white,female,5.55144999797287,5
Annette Messager,white,female,5.94939000664491,1
Annette Meyers,white,female,4.47712125471966,1
Annette Schrab Clark,white,female,2.25285303097989,1
Annette Simmons,white,female,5.07554696139253,1
Annette Vaillancourt,white,female,3.54900326202579,10
Anni Sennov,white,female,4.07554696139253,3
Annie Baker,white,female,5.11727129565576,2
Annie Barrows,white,female,5.22530928172586,3
Annie Besant,white,female,6.45636603312904,8
Annie Bradshaw,white,female,4.53402610605614,1
Annie Bryant,white,female,5.09342168516223,1
Annie Dillard,white,female,5.50105926221775,10
Annie Edmonds,white,female,4.206825876,1
Annie Ernaux,white,female,6.63144376901317,1
Annie F. Downs,white,female,4.78461729263288,2
Annie Gottlieb,white,female,4.41664050733828,2
Annie Hughes,white,female,5.63748973,1
Annie Ilonzeh,black,female,5.33041377334919,2
Annie Lang,white,female,4.8228216453031,2
Annie Leibovitz,white,female,6.29666519026153,9
Annie Lennox,white,female,6.52504480703685,8
Annie Morecambe,white,female,3.13672056715641,2
Annie Murphy Paul,white,female,4.92479599579791,1
Annie O'Reilly,white,female,4.72916479,1
Annie Parisse,white,female,5.39269695325967,2
Annie Proulx,white,female,5.56702636615906,5
Annie Ward,white,female,5.27646180417324,1
Annika Sorensen,white,female,5.92324401863028,5
Annisa Kania Dewi,asian,female,2.705864,1
Anoop Raghav,asian,male,3.94051648493257,3
Anouk Aimee,white,female,5.03342375548695,2
Anouska Hempel,white,female,5.12710479836481,3
Anowar Hossain,asian,male,6.178977,1
Ansel Adams,white,male,6.536558443,10
Ansel Elgort,white,male,6.25042000230889,5
Anselm Feurbah,white,male,5.49554433754645,1
Anselm Hollo,white,male,4.76937732607614,2
Anselm Kiefer,white,male,5.91328390176042,2
Anshul Dubey,asian,male,5.025305865,3
Anson Mount,white,male,5.54900326202579,1
Ant Ryan,white,male,3.84571801796666,1
Antal Szerb,white,male,5.04921802267018,1
Anthea Turner,white,female,5.19033169817029,2
Anthelme Brillat Savarin,white,male,5.42813479402879,4
Anthon St. Maarten,black,male,4.69019608002851,6
Anthony Albanese,white,male,6.81291335664286,1
Anthony Anderson,black,male,6.103804,1
Anthony Avina,latino,male,4.829947,1
Anthony Biglan,white,male,4.44404479591808,2
Anthony Bloom,white,male,4.67117284271508,1
Anthony Bourdain,white,male,6.57863920996807,10
Anthony Brandt,white,male,5.0899051114394,2
Anthony Braxton,black,male,5.439333,1
Anthony Breznican,white,male,4.88761730033574,1
Anthony Browne,white,male,5.59549622182557,8
Anthony Burgess,white,male,5.92685670894969,10
Anthony Caro,white,male,5.07918124604763,1
Anthony Collins,white,male,5.43933269383026,1
Anthony Corlisatra,white,male,3.05690485133647,3
Anthony D. Ravenscroft,white,male,2.99299509843134,2
Anthony Doerr,white,male,5.69196510276736,10
Anthony Eden,white,male,5.58092497567562,2
Anthony Everitt,white,male,4.67209785793572,1
Anthony Fauci,white,male,6.18752072083646,2
Anthony Foxx,black,male,4.772321707,2
Anthony Green,white,male,5.93951925261862,1
Anthony Hamilton,black,male,6.19589965240923,2
Anthony Hitt,white,male,4.33645973384853,1
Anthony Holden,white,male,4.89762709129044,1
Anthony Hope,white,male,5.37657695705651,2
Anthony Hopkins,white,male,6.8228216453031,10
Anthony Horowitz,white,male,5.95424250943933,10
Anthony Hyde,white,male,4.84135947045486,1
Anthony J. Ciorra,white,male,3.89209460269048,1
Anthony J. D'Angelo,white,male,5.2718416065365,10
Anthony J. Pettito,white,male,1.77085201164214,1
Anthony Jacob,white,male,5.42488163663107,1
Anthony Jay,white,male,5.07918124604763,1
Anthony Jay Cleveland,black,male,2.454845,2
Anthony Joshua,black,male,7.32428245529769,2
Anthony Kennedy,white,male,5.63042787502502,3
Anthony Kiedis,white,male,6.01283722470517,10
Anthony Kong,asian,male,4.285557,1
Anthony L. Williams,black,male,5.123852,1
Anthony Lane,white,male,5.26007138798508,1
Anthony Liccione,white,male,4.64246452024212,10
Anthony Liccione fd,white,male,0.698970004336019,1
Anthony M. Esolen,white,male,3.84198480459011,4
Anthony M. Platt,white,male,3.9106244048892,1
Anthony Mackie,black,male,6.41497334797082,2
Anthony Mann,white,male,5.57403126772772,1
Anthony Marra,white,male,4.9216864754836,10
Anthony McGowan,white,male,4.74115159885179,1
Anthony Michael Hall,white,male,5.62634036737504,1
Anthony Minghella,white,male,5.37106786227174,1
Anthony North,white,male,5.03342375548695,6
Anthony O'Neill,black,male,5.523746,3
Anthony Otero,latino,male,4.702431,1
"Anthony P. Mauro, Sr.",white,male,3.60205999132796,7
Anthony Paletta,white,male,4.13353890837022,1
Anthony Powell,white,male,5.47129171105894,10
Anthony Pratt,white,male,4.863917377,1
Anthony Principi,white,male,4.18184358794477,1
Anthony Quinn,latino,male,6.28103336724773,2
Anthony Rapp,white,male,5.57863920996807,1
Anthony Rizzo,white,male,5.95520653754194,1
Anthony Robbins,white,male,5.8494194137969,10
Anthony Rubino Jr.,white,male,4.961895474,2
Anthony S. Maulucci,white,male,3.01283722470517,1
Anthony Standen,white,male,4.053078443,1
Anthony Storr,white,male,4.78958071216443,4
Anthony Swofford,white,male,4.66464197555613,4
Anthony T Hincks,white,male,5.02118929906994,10
Anthony T Hinkcs,white,male,5.02118929906994,2
Anthony T. Hncks,white,male,5.02118929906994,1
Anthony Talmage,white,male,3.68574173860226,2
Anthony Trollope,white,male,5.74585519517373,10
Anthony Volodkin,white,male,3.97863694838447,1
Anthony Wayne,white,male,6.01283722470517,1
Anthony Weiner,white,male,5.40140054078154,1
Anthony Weston,white,male,4.77742682238931,1
Anthony Zinni,white,male,4.80345711564841,1
Antiphanes,white,male,4.53147891704226,2
Antoine Bret,white,male,4.44090908206522,1
Antoine François Prévost d'Exiles,white,male,4.57518784492766,2
Antoine Laurain,white,male,5.32633586092875,1
Antoine Lavoisier,white,male,5.564666064,4
Antoine Leiris,white,male,5.08278537,2
Antoine Predock,white,male,4.87852179550121,3
Antoine Rivarol,white,male,4.48855071650044,2
Antoine de Rivarol,white,male,5.178976947,2
Antoine de St. Exupery,white,male,5.10720996964787,2
Antoinette Brown Blackwell,white,female,4.64933485871214,5
Antoinette Deshouliere,white,female,0.954242509439325,1
Antoinette Turner,black,female,4.598791,1
Anton Chekhov,white,male,6.16435285578444,10
Anton Corbijn,white,male,6.22271647114758,2
Anton Rubaclini,white,male,3.70671778233676,2
Anton Strout,white,male,4.24551266781415,2
Anton Szandor LaVey,white,male,5.51454775266029,7
Anton Wildgans,white,male,4.97034687623009,1
Anton Zeilinger,white,male,5.6159500516564,1
Anton du Beke,white,male,5.58658730467176,4
Antonella Gambotto-Burke,white,female,3.985426474083,4
Antoni Gaudí,white,male,6.93449845124357,7
Antoni Omeihe,black,male,2.363612,1
Antonia Fraser,white,female,5.25527250510331,5
Antonia Michaelis,white,female,5.15533603746506,5
Antonia Montoya,latino,female,4.6159500516564,2
Antonie van Leeuwenhoek,white,male,6.09342168516223,1
Antonin Artaud,white,male,6.24303804868629,3
Antonin Dvorak,white,male,5.93145787068901,1
Antonin Scalia,white,male,5.88138465677057,10
Antonio Banderas,latino,male,7.187521,2
Antonio Cisneros,latino,male,5.59549622182557,4
Antonio F. Vianna,latino,male,3.549003,1
Antonio G. Kowatsch,white,male,0.602059991327962,1
Antonio Gramsci,white,male,6.51454775266029,6
Antonio J. Méndez,latino,male,4.801404,1
Antonio Machado,white,male,6.51454775266029,10
Antonio Munoz Molina,latino,male,5.11058971029925,2
Antonio Negri,white,male,5.81756536955978,1
Antonio Nuñez Lopez,latino,male,4.25042,1
Antonio Olinto,latino,male,5.515874,1
Antonio Rossano Mendes Pontes,latino,male,3.649335,1
Antonio Russo,white,male,5.58658730467176,1
"Antonio Sabato, Jr.",white,male,5.5092025223311,1
Antonio Tabucchi,white,male,5.86864443839483,5
Antonio Villaraigosa,latino,male,5.13987908640124,2
Antony Beevor,white,male,6.025305865,3
Antony Garrett Lisi,white,male,3.70156798505593,1
Antony Gormley,white,male,5.56937390961505,2
Antony Jay,white,male,4.79448804665917,1
Antony Sher,white,male,4.7427251313047,1
Antony Starr,white,male,5.96941591235398,1
Antonya Nelson,white,female,5.50650503240487,1
Antwan 'Ant' Bank$,black,male,3.584331,1
Antwi Isaac,black,male,1,3
António R. Damásio,white,male,5.17609125905568,2
Anubhav Mishra,asian,male,5.27646180417324,2
Anuj Bajaj,asian,male,4.10721,2
Anuj Kr. Thakur,asian,male,5.09691001300806,8
Anuj Tiwari,asian,male,5.641474111,4
Anuja Ghosh,asian,female,3.870989,1
Anum Sattar,asian,female,3.85369821177617,5
Anupam Kher,asian,male,6.57403126772772,5
Anupam Sharma,asian,male,5.716003,1
Anupama Chopra,asian,female,5.66745295288995,2
Anupama Garg,asian,female,4.30102999566398,6
Anuprita,asian,female,5.354108,1
Anuradha Bhattacharyya,asian,female,4.09691,10
Anuradha Roy,asian,female,5.758912,1
Anurag Bhatt,asian,male,6.708421,1
Anurag Kashyap,asian,male,6.25767857486918,2
Anurag Shourie,asian,male,3.68841982200271,10
Anurag Wadehra,asian,male,3.62941,1
Anuranjita Kumar,asian,female,3.94051648493257,10
Anushka Bhartiya,asian,female,3.14612803567824,4
Anushka Sharma,asian,female,6.84135947045486,8
Anwar Fazal,asian,male,5.262451,1
Anwar Ibrahim,asian,male,6.810904,1
Anya Seton,white,female,4.81690383937566,4
Anya Taylor-Joy,white,female,6.7160033436348,1
Anya Wylde,white,female,4.11058971029925,1
Anya vonderLuft,white,female,2.77815125038364,1
Anzia Yezierska,white,female,5.10720996964787,3
Aoife Marie Sheridan,white,female,3.34635297445064,1
Aparna Pathak,asian,female,4.474216,1
Aphra Behn,white,female,5.84695532501982,9
Aphrodite Matsakis,white,female,3.95568775031351,1
Apollonius of Rhodes,white,male,5.31175386105575,1
Apollonius of Tyana,white,male,5.29446622616159,1
Apoorva Prajapati,asian,female,3.217484,1
Apoorve Dubey,asian,male,3.68574173860226,8
Apostle T. Vutabwashe,black,male,4.252853,1
Apostolos Doxiadis,white,male,5.03742649794062,1
Appius Claudius Caecus,white,male,4.915399835,1
Appu Nirmal,asian,male,2.472756,1
April Bloomfield,white,female,4.60314437262018,2
April Cassidy,white,female,3.99782308074573,3
April Genevieve Tucholke,white,female,4.83250891270624,10
April Gornik,white,female,4.34439227368511,1
April Mae Monterrosa,latino,female,4.18184358794477,10
April Sinclair,black,female,4.227887,1
April W. Gardner,white,female,3.97173959088778,1
April WIlliams,black,female,6.02118929906994,8
April White,white,female,6.27875360095283,4
April Winchell,white,female,4.82672252016899,2
Aprille Legacy,black,female,2.539076,1
Aprilynne Pike,white,female,5.604226053,10
Apsley Cherry-Garrard,white,male,4.97772360528885,1
Apurva Purohit,asian,female,4.448706,1
Ar Rohit bhardwaj,asian,male,1,2
Arabella Weir,white,female,4.48995847942483,2
Arakida Moritake,asian,male,4.041393,1
Aram Saroyan,white,male,4.76192783842053,1
Aravind Adiga,asian,male,5.72754125702856,8
Arbab J. Edhi,asian,male,1.56820172406699,2
Arbella Stuart,white,female,4.609594409,1
Archana Chaurasia Kapoor,asian,female,2.90633504180509,8
Archana Singh,asian,female,6.394452,3
Archbishop Anthony Bloom,white,male,3.59217675739587,1
Archbishop C. Garbett,white,male,0.845098040014257,1
Archbishop Desmont Tutu,black,male,5.953276,1
Archbishop Francis J. Spellman,white,male,3.68124123737559,1
Archbishop Trench,white,male,4.120573931,1
Archibald Geikie,white,male,4.96425963019685,1
Archibald MacLeish,white,male,5.48855071650044,9
Archibald Putt,white,male,3.39445168082622,1
Archibald Wavell,white,male,4.95133751879592,1
Archie Andrews,white,male,5.61384182187607,1
Archie Bunker,white,male,5.71432975974523,2
Archie Moore,black,male,5.429752,1
Archilochos,white,male,4.6170003411209,1
Ardeth Greene Kapp,white,female,4.08635983067475,1
Ardianto sony,asian,male,2.38916608436453,2
Arely Martinez Garcia,latino,female,3.32221929473392,3
Aretha Franklin,black,female,7.66558099101795,6
Ari B. Goelman,white,male,2.69897000433602,1
Ari Gold,white,male,5.26245109,2
Ari Graynor,white,female,5.58433122436753,1
Aria Beth Sloss,white,female,3.62531245096167,4
Ariadna Athanasopulos,white,female,1.66275783168157,1
Ariana Dancu,white,female,4.02118929906994,3
Ariana Godoy,latino,female,6.09691001300806,2
Ariana Grande,white,female,8.17609125905568,4
Ariana Pedigo,white,female,2.98407703390283,1
Arianna Huffington,white,female,5.92737036303902,5
Arianne Cohen,white,female,4.20139712432045,1
Arians Karlovičs,white,male,2.36735592102602,1
Ariel Dorfman,latino,male,5.30535136944662,3
Ariel Durant,white,female,5.16731733474818,3
Ariel Lawhon,white,female,6.06818586174616,2
Ariel Leve,white,female,4.33645973384853,1
Ariel Levy,black,female,5.16435285578444,4
Ariel Meadow Stallings,white,female,4.16731733474818,2
Ariel Schrag,white,female,4.44247976906445,1
Arijit Singh,asian,male,7.46389298898591,2
Arika Okrent,white,female,4.58883172559421,1
Arima Kousei,asian,male,5.350248,2
Arindam Mukherjee,asian,male,5.536558,1
Arinn Dembo,white,female,4.33645973384853,1
Ariosto,white,male,6.40654018043396,2
Aristides de Souza Mendes do Amaral e Abranches,white,male,0.845098040014257,1
Aristophanes,white,male,6.18184358794477,10
Aristotle,white,male,7.31175386105575,10
Aristotle Onassis,white,male,5.40312052117582,6
Arjun Dev Arora,asian,male,3.845718,1
Arjun Kapoor,asian,male,6.44404479591808,4
Arjun Pawar,asian,male,5.093422,1
Arkady Strugatsky,white,male,5.14301480025409,5
Arkopaul Das,asian,male,3.424882,1
Arlaina Tibensky,white,female,3.53529412004277,4
Arland Gilbert,white,male,2.88649072517248,2
Arlen Specter,white,male,5.206825876,7
Arlene Ang,asian,female,4.889862,2
Arlene Blum,white,female,4.78958071216443,1
Arlene Brown,white,female,5.43775056282039,2
Arlene Croce,white,female,4.06069784035361,1
Arlene Dickinson,white,female,4.8998205024271,1
Arlene J. Chai,asian,female,3.822822,2
Arlene Raven,white,female,4.29885307640971,1
Arlie Russell Hochschild,white,female,5.33845649360461,1
Arlin Sailesh Kapadia,asian,male,2.57518784492766,6
Arlo Guthrie,white,male,5.69196510276736,3
Armaan Malik,asian,male,6.54777470538782,4
Armand Jean du Plessis Richelieu,white,male,4.22530928172586,1
Armando Iannucci,white,male,5.34635297445064,1
Armando Lucas Correa,latino,male,5.350248,1
Armie Hammer,white,male,6.09342168516223,1
Armin Zoggeler,white,male,4.51719589794997,1
Armin van Buuren,white,male,6.79865064544527,1
Armistead Maupin,white,male,5.82477646247555,6
Armstrong Sperry,white,male,4.86093662070009,1
Armstrong Williams,black,male,5.15533603746506,4
Arna Bontemps,black,male,5.021189,1
Arnaldur Indriðason,white,male,6.3541084391474,1
Arne Duncan,white,male,5.25767857486918,1
Arne Garborg,white,male,5.30535136944662,1
Arne Jacobsen,white,male,7.28330122870355,5
Arne Klingenberg,white,male,3.51719589794997,1
Arnel Tan,asian,male,4.558709,1
Arno Rafael Minkkinen,white,male,4.8992731873176,2
Arnold A. Dallimore,white,male,4.16136800223498,1
Arnold Albert van Ruler,white,male,3.053078443,1
Arnold Beichman,white,male,4.10720996964787,1
Arnold Beisser,white,male,4.06069784035361,1
Arnold Bennett,white,male,5.58994960132571,10
Arnold Daly,white,male,4.485721426,1
Arnold Edinborough,white,male,3.93449845124357,1
Arnold Ehret,white,male,5.536558443,1
Arnold Glasgow,white,male,4.07188200730613,1
Arnold Glasow,white,male,4.40993312333129,5
Arnold H. Glasgow,white,male,4.40140054078154,1
Arnold H. Glasow,white,male,4.79169064902012,10
Arnold Haultain,white,male,4.21748394421391,1
Arnold J. Toynbee,white,male,5.43616264704076,10
Arnold Joseph Toynbee,white,male,5.16731733474818,1
Arnold Lazarus,white,male,4.46089784275655,1
Arnold Lobel,white,male,5.55630250076729,1
Arnold Mandel,white,male,3.90200289135073,1
Arnold Palmer,white,male,6.79239168949825,8
Arnold Patent,white,male,3.36172783601759,1
Arnold R. Beisser,white,male,3.65991620006985,1
Arnold Schoenberg,white,male,5.75966784468963,2
Arnold Schwarzenegger,white,male,7.2148438480477,10
Arnold Toynbee,white,male,5.767897616,4
Arnošt Lustig,white,male,5.37106786227174,1
Aron Christensen,white,male,4.23299611039215,2
Aron Ra,white,male,4.60530504614111,3
Aron Ralston,white,male,5.09691001300806,2
Arpit Agrawal,asian,male,5.356026,1
Arpit Aryan Gupta,asian,male,2.962843,1
Arrian,white,male,5.66558099101795,3
Arrigo Boito,white,male,6.13672056715641,1
Arsene Houssaye,white,male,4.74896286125616,1
Arsene Wenger,white,male,6.40654018043396,6
Arsenie Boca,white,male,6.00432137378264,1
Arshdeep Singh Samrala,asian,male,2.63447727016073,8
Arshpreet Kaur,asian,female,5.478566,1
Art Alexakis,white,male,5.572871602,3
Art Blakey,black,male,6.120573931,3
Art Buchwald,white,male,4.99738638439731,10
Art Linkletter,white,male,5.27646180417324,1
Art Shay,white,male,4.51321760006794,1
Art Sobczak,white,male,4.13353890837022,1
Art Spiegelman,white,male,5.89652621748955,4
Art Wittmann,white,male,3.47129171105894,1
Artemus Ward,white,male,5.42324587393681,2
Arther Bloch,white,male,5.58771096501891,1
Arthur Adamov,white,male,4.96236933567002,2
Arthur Aron,white,male,4.85491302230786,1
Arthur Asa Berger,white,male,5.04532297878666,1
Arthur Ashe,black,male,6.26007138798508,10
Arthur Baer,white,male,4.33041377334919,2
Arthur Balfour,white,male,5.10037054511756,5
Arthur Bennett,white,male,5.00432137378264,1
Arthur Blank,white,male,5.25767857486918,1
Arthur Bloch,white,male,5.51054501020661,3
Arthur Brisbane,white,male,4.70671778233676,4
Arthur Byron Cover,white,male,4.45939248775923,1
Arthur C. Brooks,white,male,5.50379068305718,2
Arthur C. Clarke,white,male,6.5092025223311,10
Arthur C. Danto,white,male,5.3747483460101,1
Arthur C. Howard,white,male,4.28103336724773,2
Arthur C. Nielsen,white,male,4.31386722036915,2
Arthur Cayley,white,male,4.79098847508882,1
Arthur Chapman,white,male,4.87157293554588,2
Arthur Christopher Benson,white,male,5.10380372095596,10
Arthur Conan Doyle,white,male,6.9804578922761,10
Arthur Cravan,white,male,5.00860017176192,2
Arthur Daigle,white,male,4.35983548233989,1
Arthur Daley,white,male,4.83122969386706,1
Arthur Davison Ficke,white,male,4.62838893005031,1
Arthur E. Morgan,white,male,4.60530504614111,1
Arthur Eddington,white,male,5.47421626407626,1
Arthur Erickson,white,male,5.51188336097887,10
Arthur Ernest Cowley,white,male,3.61384182187607,1
Arthur F. Sheldon,white,male,3.8055008581584,1
Arthur Flowers,black,male,4.220108,1
Arthur Freed,white,male,5.14612803567824,1
Arthur Gingold,white,male,2.45939248775923,1
Arthur Godfrey,white,male,5.50242711998443,2
Arthur Golden,white,male,5.43933269383026,10
Arthur Graham,white,male,4.81756536955978,2
Arthur Guiterman,white,male,4.40654018043396,6
Arthur H. Campton,white,male,1.85733249643127,1
Arthur H. Compton,white,male,4.51851393987789,1
Arthur H. Stainback,white,male,3.19865708695442,1
Arthur Hailey,white,male,5.579783597,1
Arthur Helps,white,male,4.77597433112937,10
Arthur Henderson,white,male,4.99607365448528,6
Arthur Henry Reginald Buller,white,male,3.54282542695918,1
Arthur Holitscher,white,male,4.35024801833416,1
Arthur Honegger,white,male,5.94596070357757,1
Arthur Hugh Clough,white,male,5.0899051114394,3
Arthur James Balfour,white,male,5.22271647114758,1
Arthur Japin,white,male,5.48855071650044,1
Arthur John Strutt,white,male,4.09691001300806,1
Arthur K. Flam,white,male,3.25285303097989,2
Arthur K. Watson,white,male,3.99913054128737,1
Arthur Koestler,white,male,5.66370092538965,10
Arthur Kornberg,white,male,5.06445798922692,1
Arthur Levine,white,male,5.67394199863409,1
Arthur Lydiard,white,male,5.01703333929878,2
Arthur M. Ramsey,white,male,3.52762990087134,1
Arthur M. Schlesinger,white,male,5.50105926221775,1
Arthur M. Schlesinger Jr.,white,male,5.34242268082221,3
Arthur M. Young,white,male,4.62940959910272,1
Arthur Machen,white,male,5.5705429398819,5
Arthur Mellen Wellington,white,male,3.63948648926859,2
Arthur Miller,white,male,6.38381536598043,10
Arthur Murphy,white,male,5.67669360962487,1
Arthur Nersesian,white,male,4.71349054309394,1
Arthur O'Shaughnessy,white,male,4.33845649360461,2
Arthur Ochs Sulzberger,white,male,4.542825427,1
"Arthur Ochs Sulzberger, Jr.",white,male,4.15228834438306,1
Arthur P. Ciaramicoli,white,male,4.44715803134222,10
Arthur Peacocke,white,male,4.46834733041216,1
Arthur Pendenys,white,male,3.053078443,1
Arthur Plotnik,white,male,4.19312459835446,1
Arthur Potts Dawson,white,male,4.5092025223311,1
Arthur Quiller-Couch,white,male,5.48995847942483,1
Arthur R. M. Lower,white,male,3.536558443,1
Arthur R. Marshall,white,male,5.27646180417324,1
Arthur Rackham,white,male,5.97451169273733,1
Arthur Radford,white,male,4.56348108539441,1
Arthur Rimbaud,white,male,6.35793484700045,10
Arthur Rock,white,male,4.66651798055488,1
Arthur Rubinstein,white,male,5.71432975974523,6
Arthur Scargill,white,male,4.82736927305382,1
Arthur Schlesinger,white,male,5.51188336097887,3
Arthur Schnitzler,white,male,5.7419390777292,3
Arthur Schopenhauer,white,male,6.41830129131975,10
Arthur Slade,white,male,4.72509452108147,1
Arthur Somers Roche,white,male,4.40312052117582,2
Arthur Stanley Eddington,white,male,4.95472479097906,5
Arthur Stringer,white,male,4.56110138364906,1
Arthur Symons,white,male,5.00860017176192,4
Arthur Tofte,white,male,3.51719589794997,1
Arthur Tomaszewicz,white,male,2.73479982958885,1
Arthur Urbane Dilley,white,male,4.120573931,1
Arthur Vandenberg,white,male,4.70329137811866,1
Arthur W. Pink,white,male,5.03342375548695,3
Arthur Ward,white,male,5.49136169383427,1
Arthur Wellesley,white,male,5.4983105537896,10
Arthur William Radford,white,male,3.50105926221775,1
Arthur Wing Pinero,white,male,5.05690485133647,7
Arthur Young,white,male,5.57518784492766,2
Arti Honrao,asian,female,3.559907,1
Artie Kane,white,male,4.68841982200271,2
Artie Lange,white,male,5.29225607135648,4
Artie Shaw,white,male,5.92941892571429,1
Artika R. Tyner,black,female,4.42651126136457,2
Artur Rubinstein,white,male,5.28555730900777,3
Artur Schnabel,white,male,5.53402610605614,4
Arturo Pérez-Reverte,white,male,6.85369821177617,6
Arturo Toscanini,white,male,6.37839790094814,1
Arun Joshi,asian,male,5.55630250076729,3
Arun Kumar,asian,male,7.100371,1
Arundathi Roy,asian,female,6.209515,1
Arundhati Bhattacharya,asian,female,5.209515,1
Arundhati Roy,asian,female,6.20951501454263,10
Arunesh mani,asian,male,4.029383778,2
Arushi Singh,asian,female,5.064458,1
Arvind Gupta,asian,male,5.565848,1
Arvind Parashar,asian,male,4.41497334797082,3
Arvo Part,white,male,5.37291200297011,1
Arwen Elys Dayton,white,female,4.820857989,1
Ary Hidayat,asian,male,3.956649,2
Aryn Kyle,white,female,5.4983105537896,7
Arzak Khan,asian,male,3.62531245096167,8
Asa Akira,asian,female,7.45788189673399,2
Asa Don Brown,white,male,4.33845649360461,10
Asa Gray,white,male,5.22010808804005,2
Asa Hutchinson,white,male,5.34635297445064,4
Asafa Powell,black,male,5.64836,1
Ash Maurya,asian,male,4.758155,1
Asha Kanta Sharma,asian,male,3.891537,1
Ashim Shanker,asian,male,3.55630250076729,10
Ashish Bhardwaj,asian,male,5.367356,1
Ashish Dalela,asian,male,4.08636,1
Ashish Jaiswal,asian,male,5.89098,1
Ashish Patel,asian,male,5.63648789635337,10
Ashish Patela,asian,male,1.863323,1
Ashlee Willis,white,female,4.53907609879278,3
Ashleigh Brilliant,white,male,4.48287358360875,5
Ashley Benson,white,female,6.15533603746506,1
Ashley Cope,white,female,4.66745295288995,1
Ashley Earley,white,female,4.50242711998443,9
Ashley Elston,white,female,6.029383778,1
Ashley Ford,black,female,5.146128,1
Ashley Graham,white,female,6.74585519517373,3
Ashley Greene,white,female,6.13033376849501,1
Ashley Jensen,white,female,5.93348728784871,2
Ashley Madekwe,black,female,5.11727129565576,2
Ashley Mae Hoiland,white,female,3.5705429398819,1
Ashley Montagu,white,male,5.36361197989214,8
Ashley Null,white,male,4.15836249209525,1
Ashley Olsen,white,female,6.149219113,3
Ashley Poch,white,female,3.00432137378264,1
Ashley Poston,white,female,6.4814426285023,2
Ashley Purdy,white,male,4.863917377,1
Ashley Scott,white,female,5.86272752831797,2
Ashley Stoyanoff,white,female,3.87157293554588,3
Ashley Tisdale,white,female,6.26245109,10
Ashley Wagner,white,female,5.17318626841227,6
Ashley Warlick,white,female,4.36172783601759,1
Ashley Williams,white,male,6.39093510710338,1
Ashlyn Chase,white,female,4.66558099101795,6
Ashlyn Macnamara,white,female,4.485721426,3
Ashmita Acharya,asian,female,4.03342375548695,2
Ashok Anand,asian,male,3.495544,1
Ashok Kallarakkal,asian,male,3.11394335230684,10
Ashok Khurana,asian,male,4.77959649125782,4
Ashok Sharma,asian,male,6.506505,1
Ashoka Jahnavi Prasad,asian,male,3.96801571399364,2
Ashraf Ali Jamshedpur,asian,male,0.90309,1
Ashthon Jones,black,female,4.30103,1
Ashton Applewhite,white,female,4.95375969173323,5
Ashutosh Gupta,asian,male,5.82994669594164,2
Ashutosh Naliapara,asian,male,2.225309,1
Ashwin Sanghi,asian,male,5.25285303097989,10
Ashwini Gopalkrishnan,asian,female,2.184691,1
Ashṭāvakra,asian,male,3.037426,1
Asif Ali Zardari,asian,male,5.957607,1
Asif Kapadia,asian,male,5.67942789661212,2
Asim kayani,asian,male,4.281033,1
Aslaug Magnusdottir,white,female,3.48287358360875,1
Asma Nadia,asian,female,5.550228,1
Asoka Jina,asian,male,3.01283722470517,10
Asoka Nimal Jinadasa,asian,male,2.94645226501307,6
Aspen Matis,white,female,4.178976947,10
Assata Shakur,black,female,5.72181061521255,2
Assegid Habtewold,black,male,3.79169064902012,10
Asti Hustvedt,white,female,3.85064623518307,1
Astrid 'Artistikem' Cruz,latino,female,3.170262,1
Astrid Lindgren,white,female,6.75204844781944,3
Astro Teller,white,male,4.59879050676312,2
Asuna,asian,male,7.294466,1
Aswin Devarajan,asian,male,2.652246,1
Atal Bihari Vajpayee,asian,male,6.66181268553726,8
Athanasius Kircher,white,male,5.69460519893357,1
Athol Dickson,white,male,4.274157849,1
Athol Fugard,white,male,5.63042787502502,3
Atle Jarnæs Lerøy,white,male,2.72181061521255,2
Atrayee Basu,asian,female,4.012837,1
Atsuko Asano,asian,female,5.03742649794062,2
Atsushi Ohkubo,asian,male,5.9216864754836,5
Atul Gawande,asian,male,6.093422,10
Atul Kumar Sharma,asian,male,5.542825,1
Atul Purohit,asian,male,5.63042787502502,6
Atul Randev,asian,male,2.729974,2
Atul Srivastava,asian,male,5.431364,1
Atul Tiwari,asian,male,5.719331,1
Atwood H. Townsend,white,male,3.39445168082622,1
Auberon Herbert,white,male,4.4456042032736,1
Auberon Waugh,white,male,4.89652621748955,3
Aubrey Beardsley,white,male,5.69635638873333,1
Aubrey Plaza,latino,female,6.618048,1
Aubrey de Grey,white,male,5.35602585719312,4
Aubrey de Sélincourt,white,male,4.68841982200271,1
Audie Murphy,white,male,6.26717172840301,3
Audre Lorde,black,female,6.09342168516223,10
Audrey Auden,white,female,3.07188200730613,1
Audrey Greathouse,white,female,3.54032947479087,1
Audrey Hepburn,white,female,7.11727129565576,10
Audrey Kishline,white,female,3.42651126136458,1
Audrey Magee,white,female,5.12710479836481,2
Audrey McLaughlin,white,female,4.54032947479087,1
Audrey Moralez,latino,female,3.149219113,8
Audrey Niffenegger,white,female,5.84385542262316,9
Audrey Niffenger,white,female,5.89376176205794,1
Audrey Phillips,white,female,5.120573931,1
Audrey Regan,white,female,3.900367129,2
August Bebel,white,male,6.03342375548695,2
August Derleth,white,male,5.28780172993023,1
August Rush,white,male,5.4814426285023,1
August Strindberg,white,male,5.98362628712453,10
August Westman,white,male,3.22010808804005,1
August Wilhelm Schlegel,white,male,5.49554433754645,1
August Wilhelm von Schlegel,white,male,5.18184358794477,1
August Wilson,black,male,5.92116605063774,10
Augusta Gregory,white,female,4.62940959910272,1
Augusta Li,asian,female,3.799341,1
Augusta Scattergood,white,female,4.0899051114394,4
Auguste Comte,white,male,6.3747483460101,4
Auguste Escoffier,white,male,5.69635638873333,1
Auguste Renoir,white,male,6.71683772329952,4
Auguste Rodin,white,male,6.35218251811136,8
Augusten Buroughs,white,male,5.68214507637383,1
Augusten Burroughs,white,male,5.68033551341456,10
Augustin Matata Ponyo,black,male,5.173186,1
Augustine Birrell,white,male,4.98989456371877,6
Augusto Roa Bastos,latino,male,5.80685802951882,5
Augustus,white,male,7.95520653754194,3
Augustus Hare,white,male,4.70586371228392,4
Augustus Toplady,white,male,5.34635297445064,1
Aundrea Ascencio,latino,female,2.24797326636181,2
Aung San Suu Kyi,asian,female,6.33445375115093,10
Aurin Squire,black,male,4.31597,1
Aurora,white,female,8.54032947479087,2
Aurora Rose Reynolds,white,female,5.45331834004704,3
Aurora Whittet,white,female,3.8109042806687,1
Aurélien Roulland,white,male,3.22271647114758,1
Ausone de Chancel,white,male,3.63042787502502,1
Ausonius,white,male,5.52762990087134,5
Austin Aragon,latino,male,4.371068,1
Austin Butler,white,male,7.00432137378264,1
Austin Cochran,white,male,4.62428209583567,2
Austin Farrer,white,male,4.39093510710338,2
Austin Fischer,white,male,4.77670118398841,1
Austin Grossman,white,male,4.54530711646582,4
Austin Kleon,white,male,5.55388302664387,10
Austin Nichols,white,male,5.36921585741014,1
Austin O'Malley,white,male,4.65127801399814,10
Austin Osman Spare,white,male,5.45939248775923,1
Austin Phelps,white,male,4.77670118398841,3
Austin Sarat,white,male,5.31175386105575,1
Authur Rubinstein,white,male,5.74350976472843,1
Auður Ava Ólafsdóttir,white,female,4.9670797341445,2
Ava Dellaira,white,female,5.25285303097989,10
Ava DuVernay,black,female,5.93094903116752,2
Ava Gray,white,female,4.91907809237607,2
Ava J. Abramowitz,white,female,3.16731733474818,1
Ava Richardson,white,female,5.12710479836481,2
Avery Brooks,black,male,5.541579,1
Avery Brundage,white,male,5.27875360095283,1
Avi Kaplan Pentatonix,white,male,3.73719264270474,1
Avi Steinberg,white,male,4.50650503240487,1
Avijeet 'Musafir' Das,asian,male,1.69897000433602,2
Avijeet Das,asian,male,4.88874096068289,10
Avinash Advani,asian,male,4.35024801833416,7
Avinash Babu,asian,male,4.760422,1
Avinash Matta,asian,male,3.472756,1
Avinash Mullangi,asian,male,2.133539,1
Avinash Narula,asian,male,3.4996870826184,2
Avinash Prasad,asian,male,4.750508,1
Avinash Rao,asian,male,4.9670797341445,7
Avis J. Williams,black,female,3.89817648349768,10
Avishek Mondal,asian,male,4.653213,1
Avital Ronell,white,female,4.89597473235906,1
Avram Davidson,white,male,4.66558099101795,1
Avril Lavigne,white,female,7.08278537,5
Awa Kenzo,asian,male,4.11059,1
Awais Aman,asian,male,3.574031,1
Awkwafina,asian,female,6.468347,1
Axay D. Bhisikar,asian,male,1.792392,1
Axel Fredrik Cronstedt,white,male,4.46538285144842,1
Axel Munthe,white,male,5.59988307207369,2
Axl Rose,white,male,6.51321760006794,2
Aya Kanno,asian,female,5.127105,1
Aya Kito,asian,female,5.563481,1
Aya Ling,asian,female,4.43775056282039,3
Aya Nakahara,asian,female,5.025306,1
Ayana Mathis,black,female,5.565848,1
Ayelet Waldman,white,female,5.60314437262018,3
Ayi Kwei Armah,black,male,5.209515,1
Ayisha Tabbassum,asian,female,3.214844,1
Ayn Rand,white,female,6.49692964807322,10
Ayrton Senna,white,male,7.05690485133647,8
Ayush Yadav,asian,male,6.071882,1
Ayushee Ghoshal,asian,female,3.68841982200271,3
Ayushman Jamwal,asian,male,3.278754,1
Azhar Ali,asian,male,6.004321,1
Azim Premji,asian,male,6.32633586092875,10
Aziz Ansari,asian,male,6.00860017176192,2
B. Alan Wallace,white,male,4.78604121024255,2
B. B. King,black,male,6.78958071216443,6
B. Bhardwaz,asian,male,4.767156,2
B. C. Forbes,white,male,4.71432975974523,9
B. Carroll Reece,white,male,4.11394335230684,1
B. Dave Walters,black,male,4.22010808804005,4
B. F. Skinner,white,male,6.06069784035361,10
B. Graham Dienert,white,male,2.68930885912362,1
B. H. Liddell Hart,white,male,5.38201704257487,6
B. J. Cole,white,male,4.88986172125819,1
B. K. Sandwell,white,male,3.73878055848437,2
B. M. Bower,white,female,5.42160392686983,2
B. Mauritz,white,male,3.71767050300226,1
B. R. Ambedkar,asian,male,6.811575,10
B.A. Paris,white,female,5.74115159885179,1
B.A. Rhea,white,female,3.69019608002851,1
B.J. Daniels,black,male,5.04921802267018,10
B.J. Novak,white,male,5.57634135020579,3
B.J. Ward,white,male,5.120573931,1
B.K.S. Iyengar,asian,male,6.245513,3
B.S. Johnson,white,male,4.89320675305985,1
B.V. Larson,white,male,4.68124123737559,1
BJ the Chicago Kid,black,male,5.91907809237607,2
Baba Dioum,black,male,4.970347,1
Baba Kalyani,asian,male,4.62013605497376,2
Baba Tunde Ojo-Olubiyo,black,male,2.13987908640124,3
Babe Didrikson Zaharias,white,female,5.19865708695442,2
Babe Ruth,white,male,6.94448267215017,10
Babri Memon,asian,male,1.633468,1
Babu Rajan,asian,male,4.99431715266964,4
Baby Halder,asian,female,3.956649,1
Baden Powell,white,male,6.45178643552429,1
Bai Ling,asian,female,6.307496,1
Bailee Madison,white,female,5.77305469336426,1
Bailey Cates,white,female,4.10037054511756,1
Bailey Richert,white,female,3.45024910831936,1
Bailey White,white,female,5.25527250510331,1
Bainbridge Colby,white,male,4.55750720190566,4
Baisakhi Saha,asian,female,4.499687,1
Baisao,asian,male,4.549003,2
Bakunin,white,male,6.04139268515823,1
Bal Gangadhar Tilak,asian,male,5.929419,1
Balakoteswara Panchakshari,asian,male,2.36361197989214,5
Balan Gothandaraman,asian,male,1.724276,1
Balkrishn Sanmotra,asian,male,2.12710479836481,4
Baltasar Gracián,white,male,6.31175386105575,10
Baltasar Gracián Y Morales,white,male,5.13353890837022,1
Balthazar Getty,white,male,5.11727129565576,1
Balthus,white,male,6.04139268515823,2
Bam Margera,white,male,6.029383778,1
Bambang,asian,male,7.262451,1
Bambang Purwadi,asian,male,4.127105,1
Bamigboye Olurotimi,black,male,3.86864443839483,10
Ban Ki-Moon,asian,male,6.489958,10
Banana Yoshimoto,asian,female,5.59439255037543,10
Banani Ray,asian,female,4.13353890837022,10
Bandile M Matsenjwa,black,male,1.845098,9
Bangambiki Habyarimana,black,male,4.45636603312904,10
Bankei Yotaku,asian,male,3.865104,1
Banksy,white,male,7.25767857486918,10
Bao Dai,asian,male,5.770852,1
Bao Shu,asian,female,5.73158876518674,2
Baptist de Pape,white,male,4.72754125702856,3
Barack Obama,black,male,7.56937390961505,10
Barbara Abercrombie,white,female,4.54406804435028,1
Barbara Ann Kipfer,white,female,5.17318626841227,2
Barbara Aronstein Black,white,female,3.59988307207369,1
Barbara Avon,white,female,4.33845649360461,7
Barbara Bartlein,white,female,3.70070371714502,2
Barbara Becker Holstein,white,female,4.15228834438306,2
Barbara Blatner,white,female,4.69108149212297,1
Barbara Boxer,white,female,5.36361197989214,4
Barbara Bradley Hagerty,white,female,4.45484486,1
Barbara Brooke,white,female,4.39794000867204,2
Barbara Brown Taylor,white,female,5.33645973384853,2
Barbara Bush,white,female,5.93500315145365,10
Barbara Cartland,white,female,5.70329137811866,4
Barbara Castle,white,female,5.206825876,2
Barbara Colson,white,female,4.51454775266029,1
Barbara Comyns,white,female,5.0899051114394,1
Barbara Corcoran,white,female,5.64542226934909,6
Barbara Crooker,white,female,4.63848925695464,1
Barbara Cueto,latino,female,4.149219,1
Barbara Dana,white,female,4.65896484266444,2
Barbara De Angelis,white,female,5.73639650227664,10
Barbara Delinsky,white,female,6.02118929906994,10
Barbara Demick,white,female,5.52891670027766,2
Barbara Deming,white,female,4.73957234445009,1
Barbara Ehrenreich,white,female,5.46982201597816,10
Barbara Elsborg,white,female,4.4996870826184,7
Barbara Else,white,female,4.10720996964787,1
Barbara Field Benziger,white,female,2.62940959910272,2
Barbara Friedberg,white,female,4.25767857486918,1
Barbara Goldsmith,white,female,5.02118929906994,1
Barbara Gordon,white,female,6.21748394421391,1
Barbara Grizzuti Harrison,white,female,4.24303804868629,4
Barbara Guest,white,female,4.77959649125782,1
Barbara Hambly,white,female,5.13672056715641,5
Barbara Hepworth,white,female,5.63346845557959,1
Barbara Hershey,white,female,5.73399928653839,4
Barbara Hillary,black,female,4.257679,1
Barbara Hodgson,white,female,4.86864443839483,1
Barbara Hoffman,white,female,5.04139268515823,1
Barbara Holland,white,female,5.029383778,1
Barbara Januszkiewicz,white,female,4.28330122870355,2
Barbara Johansen,white,female,4.64738297,1
Barbara Johnson,white,female,5.97818051693741,2
Barbara Jonas,white,female,4.38201704257487,1
Barbara Jordan,black,female,5.59328606702046,7
Barbara K Olson,white,female,4.02118929906994,1
Barbara Katz Rothman,white,female,4.63447727016073,4
Barbara Kingsolver,white,female,5.883093359,10
Barbara Kloss,white,female,4.63447727016073,1
Barbara Kruger,white,female,5.71683772329952,5
Barbara L. Fredrickson,white,female,5.029383778,2
Barbara Lieberman,white,female,4.35983548233989,6
Barbara Marciniak,white,female,4.98181860717066,7
Barbara McClintock,white,female,5.24551266781415,1
Barbara Michaels,white,female,4.72997428569956,1
Barbara Mikulski,white,female,4.83250891270624,3
Barbara Miller,white,female,6.34635297445064,1
Barbara Neville,white,female,4.48000694295715,1
Barbara O'Connor,white,female,5.87794695162919,1
Barbara Park,white,female,5.45024910831936,1
Barbara Pletcher,white,female,3.70842090013471,1
Barbara Post-Askin,white,female,3.15228834438306,2
Barbara Proctor,black,female,4.671173,1
Barbara Pym,white,female,5.13987908640124,5
Barbara R. Duguid,white,female,3.74507479158206,1
Barbara Renner,white,female,4.64048143697042,1
Barbara Rogan,white,female,4.33041377334919,1
Barbara Samuel,white,female,4.3096301674259,3
Barbara Schmidt,white,female,5.83884909073726,1
Barbara Scrupski,white,female,4.45636603312904,1
Barbara Sher,white,female,4.8234742291703,10
Barbara Shook Hazen,white,female,4.84695532501982,1
Barbara Sleigh,white,female,4.49554433754645,1
Barbara Smith,black,female,6.13672056715641,2
Barbara Strickland,white,female,4.89209460269048,1
Barbara T. Cerny,white,female,3.35024801833416,6
Barbara Taylor Bradford,white,female,6.28555730900777,6
Barbara Tuchman,white,female,5.54530711646582,4
Barbara Valentin,white,female,4.74741180788642,1
Barbara W. Tuchman,white,female,5.55388302664387,9
Barbara Walters,white,female,6.10720996964787,10
Barbara Ward,black,female,5.35218251811136,2
Barbara Wood,white,female,5.55509444857832,1
Barbey d'Aurevilly,white,male,5.91592721169712,1
Barbra Annino,white,female,4.06069784035361,4
Barbra Pletcher,white,female,1.93449845124357,1
Barbra Streisand,white,female,6.74973631556906,10
Barkha Chainani,asian,female,2.659916,1
Barnett Newman,white,male,5.43136376415899,1
Barney Frank,white,male,5.3096301674259,1
Barney Norris,white,male,4.73479982958885,6
Barney Oliver,white,male,4.22788670461367,1
Barney Stinson,white,male,5.83884909073726,2
Baron Manfred von Richthofen,white,male,5.03742649794062,1
Baron Rothschild,white,male,5.39269695325967,1
Baron de Montesquieu,white,male,5.64738297,2
Baron von Leibnitz,white,male,3.32837960343874,1
Baroness Edith Summerskill,white,female,2.71180722904119,1
Baroness Orczy,white,female,5.5092025223311,1
Barrett Wendell,white,male,4.54157924394658,1
Barry B. Powell,white,male,4.65321251377534,2
Barry Babcock,white,male,3.98632377705077,4
Barry Bonds,black,male,6.51321760006794,2
Barry Commoner,white,male,5.20139712432045,10
Barry Cornwall,white,male,4.41830129131975,1
Barry DeCarli,white,male,3.69897000433602,2
Barry Deutsch,white,male,4.24551266781415,1
Barry Estabrook,white,male,4.40140054078154,1
Barry Finlay,white,male,4.564666064,1
Barry Gehm,white,male,4.77815125038364,1
Barry Gibb,white,male,5.98721922990801,4
Barry Gifford,white,male,4.92427928606188,1
Barry Glassner,white,male,4.54157924394658,1
Barry Goldwater,white,male,5.92890769024395,8
Barry Graham,white,male,5.55144999797287,3
Barry Gray,white,male,5.25767857486918,3
Barry Hannah,white,male,4.7041505168398,3
Barry Hughart,white,male,4.65224634100332,3
Barry Humphries,white,male,5.34830486304816,3
Barry James,white,male,5.58319877396862,1
Barry James Hickey,white,male,3.69635638873333,1
Barry Jenkins,black,male,5.72427586960079,2
Barry Lyga,white,male,5.58206336291171,10
Barry López,white,male,5.68394713075151,2
Barry M. Goldwater,white,male,5.18184358794477,2
Barry Manilow,white,male,6.43296929087441,2
Barry Mann,white,male,5.35983548233989,2
Barry Marshall,white,male,5.25042000230889,1
Barry McCaffrey,white,male,5.04532297878666,1
Barry O'Farrell,white,male,5.23552844690755,1
Barry Pain,white,male,4.46538285144842,2
Barry Ritholtz,white,male,4.94987770403687,4
Barry Sanders,black,male,6.230449,2
Barry Schwartz,white,male,5.54777470538782,4
Barry Sternlicht,white,male,5.10720996964787,1
Barry Unsworth,white,male,5.025305865,4
Barry Webster,white,male,4.67577834167408,7
Barry White,black,male,6.48000694295715,5
Barry Zito,white,male,5.34242268082221,1
Bart D. Ehrman,white,male,5.3324384599156,4
Bart Yates,white,male,4.475671188,2
Barten Holyday,white,male,3.84571801796666,1
Bartolomé de las Casas,white,male,6.57863920996807,1
Barton Gellman,white,male,4.918030337,10
Baruch Spinoza,white,male,6.10037054511756,10
Barun Singhania,asian,male,2.849419,2
Bas Heijne,white,male,4.96754797621886,1
Basava,asian,male,6.43616264704076,2
Bashir F. Biodun,black,male,1.61278385671974,3
Bashiru Ismail,black,male,3.372912,1
Bashō Matsuo,asian,male,6.3324384599156,10
Basil Bunting,white,male,4.49136169383427,1
Basil Hume,white,male,4.93651374247889,2
Basil King,white,male,4.69635638873333,1
Basil S. Walsh,white,male,3.32014628611105,1
Basil W. Maturin,white,male,3.44090908206522,1
Basil Wolverton,white,male,5.32428245529769,1
Basil the Great,white,male,6.26951294421792,1
Bastian Schweinsteiger,white,male,6.07918124604763,1
Basu Singh,asian,male,4.84571801796666,2
Bayard Rustin,black,male,5.48995847942483,5
Bayard Taylor,white,male,5.09342168516223,4
Bayode Ojo,black,male,3.78390357927274,6
Baz Black,white,male,4.24303804868629,1
Baz Luhrmann,white,male,6.16136800223498,2
Beah Richards,black,female,4.992554,1
Bear Grylls,white,male,6.63548374681491,10
Beata Rank,white,female,3.35602585719312,1
Beatrice Fairfax,white,female,4.55630250076729,1
Beatrice Hitchman,white,female,3.95712819767681,1
Beatrice K. Otto,white,female,3.57518784492766,1
Beatrice McClearn,white,female,2.87966920563205,1
Beatrice Potter Webb,white,female,4.3324384599156,2
Beatrice Rose Roberts,white,female,2.63042787502502,2
Beatrice Sparks,white,female,4.34242268082221,6
Beatrice Stella Campbell,white,female,3.34830486304816,1
Beatrice Webb,white,female,5.33645973384853,1
Beatrice Wood,white,female,4.86332286012046,3
Beatrix Campbell,white,female,4.11058971029925,1
Beatrix Potter,white,female,6.772321707,9
Beatriz Colomina,latino,female,5.274158,1
Beatriz Fitzgerald Fernandez,latino,female,2.62013605497376,4
Beau Bridges,white,male,5.81624129999178,2
Beau Garrett,white,female,5.26481782300954,1
Beau Mirchoff,white,male,5.56820172406699,1
Beau Sides,white,male,3.45788189673399,4
Beau Taplin,white,male,5.49276038902684,4
Bebe Moore Campbell,black,female,5.10380372095596,3
Bec McMaster,white,female,5.00432137378264,3
Becca Fitzpatrick,white,female,5.38201704257487,10
Becca Fitzpatrick Finale,white,female,3.99651167215418,1
Becca Mann,white,female,4.3541084391474,1
Becca Ritchie,white,female,5.71264970162721,3
Beck,white,male,8.18752072083646,10
Beck Anderson,white,male,4.56702636615906,2
Becky Adams,white,female,5.57634135020579,1
Becky Albertalli,white,female,6.07554696139253,10
Becky Allen,white,female,5.57749179983723,5
Becky Andrews,white,female,5.05690485133647,1
Becky Chambers,white,female,5.579783597,9
Becky G,latino,female,7.025305865,4
Becky Lynch,white,female,6.6159500516564,1
Becky Masterman,white,female,4.8488047010518,1
Becky Wade,white,female,4.80821097292422,4
Becky Watson,white,female,5.23552844690755,2
Becky Wicks,white,female,4.76042248342321,3
Becky Wright,white,female,5.60314437262018,2
Bede Griffiths,white,male,4.95904139232109,1
Bede Jarrett,white,male,4.45939248775923,3
Bee Ridgway,white,female,3.86981820797933,2
Bee Wilson,white,female,5.26951294421792,1
Beeban Kidron,white,female,5.28555730900777,5
Beethoven,white,male,7.73078227566639,2
Befekadu G,black,male,2.932981,1
Behati Prinsloo,white,female,5.758154622,3
Bei Dao,asian,male,4.897627,1
Bei Maejor,black,male,5.1959,1
Beilby Porteous,white,male,3.2380461031288,1
Beilby Porteus,white,male,4.46982201597816,1
Bel Kaufman,white,female,4.29666519026153,1
Bela Bartok,white,male,5.70500795933334,1
Bela Kun,white,male,5.15533603746506,1
Bela Lugosi,white,male,6.32428245529769,4
Bela Schick,white,male,3.84260923961056,1
Belinda Bauer,white,female,5.13033376849501,1
Belinda Carlisle,white,female,6.14612803567824,1
Bella Abzug,white,female,5.5705429398819,5
Bella Andre,white,female,5.11727129565576,4
Bella James,white,female,4.95472479097906,3
Bella Pollen,white,female,3.93851972517649,4
Bella Swann,white,female,4.46089784275655,3
Bella Thorne,latino,female,6.660865,1
Bellamkonda Avinash Babu,asian,male,0.845098,1
Bellamy Young,white,female,5.12710479836481,2
Belle,white,female,8.7664128471124,2
Belle Davis,black,female,5.519828,1
Belle Feliz,latino,female,4.432969,1
Belle Hale,white,female,3.95133751879592,2
Bello Salihu,black,male,4.619093,2
Belva Davis,black,female,4.80955971463527,2
Ben Aaronovitch,white,male,5.5327543789925,10
Ben Affleck,white,male,7.07188200730613,5
Ben Ames Williams,white,male,4.843232778,1
Ben Bernanke,white,male,5.78604121024255,10
Ben Bradlee,white,male,5.01703333929878,2
Ben Carson,black,male,6.04921802267018,10
Ben Chapman,white,male,5.46538285144842,2
Ben Dolnick,white,male,4.09691001300806,1
Ben Dyer,white,male,4.828659897,1
Ben E. King,black,male,6.34830486304816,2
Ben Edwards,white,male,5.42488163663107,1
Ben Ehrenreich,white,male,4.6232492903979,1
Ben Elliot,white,male,4.58092497567562,1
Ben Elton,white,male,5.46982201597816,10
Ben Fountain,white,male,4.82607480270083,7
Ben Galley,white,male,4.26717172840301,1
Ben Goldacre,white,male,5.40483371661994,5
Ben H. Winters,white,male,5.274157849,1
Ben Hecht,white,male,5.34439227368511,2
Ben Herr,white,male,4.9532763366673,1
Ben Hogan,white,male,6.15228834438306,5
Ben Hopkins,white,male,4.88761730033574,1
Ben Horowitz,white,male,5.45788189673399,6
Ben Howard,white,male,5.80888586735981,1
Ben Jonson,white,male,5.88705437805096,10
Ben King,black,male,5.564666,1
Ben Kingsley,white,male,6.41329976408125,3
Ben Lerner,white,male,5.17609125905568,5
Ben Linders,white,male,5.4456042032736,1
Ben Marcus,white,male,4.930439595,10
Ben Mendelsohn,white,male,5.883093359,1
Ben Michaelis,white,male,4.18184358794477,1
Ben Midland,white,male,3.44247976906445,7
Ben Mikaelsen,white,male,4.89652621748955,1
Ben Nelson,white,male,5.4983105537896,2
Ben Nicholas,white,male,4.61278385671974,2
Ben Nicholson,white,male,5.36735592102602,1
Ben Okri,black,male,5.74429298312268,10
Ben Platt,white,male,6.03342375548695,2
Ben Robertson,white,male,5.08278537,1
Ben Sasse,white,male,5.90308998699194,1
Ben Savage,white,male,5.35793484700045,1
Ben Sedley,white,male,4.44715803134222,2
Ben Shapiro,white,male,6.71767050300226,8
Ben Sherwood,white,male,4.604226053,3
Ben Shneiderman,white,male,5.26007138798508,1
Ben Stein,white,male,5.38560627359831,8
Ben Stiller,white,male,6.64443858946784,1
Ben Sweetland,white,male,4.83758843823551,3
Ben Thompson,white,male,5.91115760873998,1
Ben Tillet,white,male,3.96236933567002,1
Ben Willoughby,white,male,4.23044892137827,4
Ben Witherington III,white,male,5.10720996964787,1
Ben Yagoda,white,male,4.84073323461181,1
Ben Zobrist,white,male,5.29225607135648,1
Benazir Bhutto,asian,female,6.22788670461367,10
Benebell Wen,asian,female,5.149219113,2
Benedetto Croce,white,male,6.08278537,1
Benedict Cumberbatch,white,male,6.88366143515362,10
Benedict Freedman,white,male,4.19865708695442,1
Benedict Jacka,white,male,5.35218251811136,2
Benedict of Nursia,white,male,5.23044892137827,1
Benigno Aquino III,asian,male,5.43775056282039,2
Benilde Little,black,female,4.146128,1
Benita J. Prins,white,female,2.766412847,3
Benito Mussolini,white,male,6.57863920996807,10
Benjamin Alire Sáenz,latino,male,5.85913829729453,10
Benjamin Aubrey Myers,white,male,2.21748394421391,5
Benjamin Balint,white,male,4.60530504614111,1
Benjamin Banneker,black,male,6.31175386105575,3
Benjamin Barber,white,male,5.0899051114394,2
Benjamin Bayani,asian,male,3.49415459401844,4
Benjamin Bradlee,white,male,4.20139712432045,1
Benjamin Bratt,latino,male,5.915927,1
Benjamin Button,white,male,6.3324384599156,1
Benjamin Cardozo,white,male,5.14301480025409,3
Benjamin Carson,black,male,4.885926,1
Benjamin Clementine,black,male,5.19312459835446,3
Benjamin Constant,white,male,6.40654018043396,3
Benjamin DeHaven,white,male,3.81888541459401,2
Benjamin E. Mays,black,male,5.55990662503611,5
Benjamin Errett,white,male,4.22010808804005,1
Benjamin F. Wade,white,male,4.206825876,1
Benjamin Franklin Wade,white,male,3.97863694838447,1
Benjamin Greene,white,male,4.96941591235398,1
Benjamin H. Berkley,white,male,3.38201704257487,2
Benjamin Hale,white,male,5.57634135020579,1
Benjamin Harrison,white,male,6.00860017176192,3
Benjamin Haydon,white,male,4.4996870826184,2
Benjamin Hoff,white,male,4.90848501887865,9
Benjamin J. Carey,white,male,4.16435285578444,2
Benjamin James Sadock,white,male,4.10037054511756,1
Benjamin Johncock,white,male,3.66651798055488,2
Benjamin Jowett,white,male,5.47275644931721,5
Benjamin Kane Ethridge,white,male,3.87157293554588,3
Benjamin Kofi Quansah,black,male,3.68124123737559,4
Benjamin Lipson,white,male,3.73078227566639,1
Benjamin M. Strozykowski,white,male,2.13033376849501,2
Benjamin Mays,black,male,4.55145,1
Benjamin Netanyahu,white,male,7.11058971029925,8
Benjamin Percy,white,male,5.5327543789925,3
Benjamin R. Smith,white,male,4.73957234445009,10
Benjamin Spock,white,male,5.18184358794477,9
Benjamin Watson,black,male,5.11394335230684,2
Benjamin Whichcote,white,male,4.39967372148104,1
Benjamin Wiker,white,male,4.8109042806687,2
Benjamin ndayishimiye,black,male,3.21748394421391,3
Benjanun Sriduangkaew,asian,female,4.54157924394658,2
Bennet Omalu,black,male,5.071882,1
Bennett Cerf,white,male,5.15228834438306,2
Benny Green,black,male,5.744293,1
Benny Lewis,white,male,4.82994669594164,2
Bentinho Massaro,white,male,4.68214507637383,2
Benvenuto Cellini,white,male,6.322219295,2
Berenice Abbott,white,female,5.55388302664387,3
Berkeley Breathed,white,male,4.95808584852109,4
Bernadette Devlin,white,female,5.04921802267018,2
Bernadette Devlin McAliskey,white,female,4.274157849,2
Bernard Barton,white,male,4.76117581315573,2
Bernard Baruch,white,male,5.22271647114758,9
Bernard Beckett,white,male,5.02118929906994,8
Bernard Berenson,white,male,5.09691001300806,8
Bernard Cornwell,white,male,5.92992956008459,10
Bernard DeVoto,white,male,4.930439595,2
Bernard Ebbers,white,male,4.57403126772772,2
Bernard Edwards,black,male,5.423246,1
Bernard Kelvin Clive,black,male,4.53529412004277,10
Bernard Law Montgomery,white,male,4.80208925788173,2
Bernard Lewis,white,male,5.67394199863409,2
Bernard M. Baruch,white,male,5.03742649794062,9
Bernard Malamud,white,male,6.01283722470517,9
Bernard Manning,white,male,4.97266559226611,3
Bernard Meltzer,white,male,4.82994669594164,9
Bernard Tschumi,white,male,5.70586371228392,3
Bernard Williams,white,male,5.59988307207369,10
Bernard Wolfe,white,male,4.37839790094814,2
Bernard de Fontenelle,white,male,4.93550726582471,2
Bernard of Clairvaux,white,male,5.63447727016073,9
Bernardo Bertolucci,white,male,6.31806333496276,2
Bernd Heinrich,white,male,5.029383778,3
Bernhard Langer,white,male,5.44090908206522,2
Bernice Johnson Reagon,black,female,5.07918124604763,2
Bernie Glassman,white,male,5.55509444857832,2
Bernie Mac,black,male,6.08635983067475,4
Bernie S. Siegel,white,male,5.57634135020579,9
Bernie Sanders,white,male,7.15228834438306,10
Bernie Siegel,white,male,5.322219295,4
Bernie Yaras,white,male,2.48995847942483,2
Berry Gordy,black,male,5.705864,2
Bertha von Suttner,white,female,6.17026171539496,2
Bertice Berry,black,female,4.730782,1
Bertolt Brecht,white,male,6.8668778143375,10
Bertrand Russell,white,male,6.56110138364906,10
Beryl Smalley,white,female,4.31175386105575,2
Besa Kosova,white,female,3.79448804665917,6
Bess Streeter Aldrich,white,female,4.88138465677057,2
Bessel A. van der Kolk,white,male,5.6159500516564,5
Bessie Coleman,black,female,5.604226053,2
Bessie Rowland James,black,female,3.155336,1
Bessie Smith,black,female,5.867467,1
Beth Ditto,white,female,5.34044411484012,6
Beth Fantaskey,white,female,4.67486114073781,10
Beth Garrod,white,female,4.91275330367132,3
Beth Hoffman,white,female,5.62634036737504,2
Beth Johnson,white,female,6.11394335230684,6
Beth Kempton,white,female,4.9804578922761,10
Beth Kephart,white,female,5.02118929906994,5
Beth Mikell,white,female,3.40823996531185,2
Beth Moore,white,female,5.78318869107526,10
Beth Morey,white,female,4.04921802267018,6
Beth Nimmo,white,female,4.25767857486918,5
Beth Revis,white,female,5.73878055848437,10
Beth Wiseman,white,female,4.74663419893758,3
Bethany Griffin,white,female,4.74429298312268,7
Bethany Hamilton,white,female,5.51587384371168,7
Bethany Wiggins,white,female,4.33845649360461,2
Bethenny Frankel,white,female,6.21748394421391,2
Betsey Johnson,white,female,6.66745295288995,5
Betsy Lerner,white,female,4.475671188,8
Bette Bao Lord,asian,female,4.82930377283103,2
Bette Davis,white,female,6.604226053,10
Bette Lee Crosby,white,female,4.41329976408125,6
Bette Midler,white,female,6.47712125471966,8
Betty Bender,white,female,4.61804809671209,2
Betty Ford,white,female,5.88705437805096,3
Betty Friedan,white,female,6.025305865,10
Betty Gilpin,white,female,5.77305469336426,2
Betty Jamie Chung,asian,female,3.178977,2
Betty MacDonald,white,female,4.94001815500766,2
Betty Smith,white,female,6.00432137378264,10
Beverley Malcolm,white,female,3.92992956008459,1
Beverley Mitchell,white,female,5.2380461031288,3
Beverley Nichols,white,male,4.62428209583567,2
Beverley Sylvester,black,female,3.133539,1
Beverly Cleary,white,female,5.62838893005031,7
Beverly Lewis,white,female,5.52113808370404,2
Beverly Ovalle,latino,female,4.350248,1
Beverly Sills,white,female,5.22788670461367,8
Beyoncé Knowles,black,female,6.17318626841227,9
Bhagat Negi,asian,male,4.50242711998443,3
Bhagat Singh,asian,male,7.053078443,4
Bhagwan Shree Rajneesh,asian,male,5.67394199863409,2
Bharat,asian,male,8.30963,1
Bharat Shah,asian,male,5.399674,1
Bharath Mamidoju,asian,male,2.89376176205794,10
Bharati Mukherjee,asian,female,4.90848501887865,2
Bhaskarananda,asian,male,4.214844,1
Bhavik Sarkhedi,asian,male,4.29446622616159,10
Bhavya Kaushik,asian,female,3.97635,1
Bhikkus,asian,male,4.41162,1
Bhoopal M,asian,male,3.45024910831936,4
Bhumibol Adulyadej,asian,male,6.29666519026153,10
Bhumika Singh,asian,female,4.980003,1
Bhupendra Pratap Singh,asian,male,4.902547,1
Bhupesh B. Patil,asian,male,2.463893,1
Bhuvana Mandalapu,asian,female,3.041393,1
Bianca Agoncillo,asian,female,2.235528,1
Bianca Giovanni,white,female,4.14301480025409,2
Bianca Sommerland,white,female,4.48713837547719,5
Bibhu Mohapatra,asian,male,5.859138,1
Bich Minh Nguyen,asian,female,4.271842,1
Bidemi Mark-Mordi,black,female,4.57518784492766,10
Big Boi,black,male,6.36361197989214,4
Big Sean,black,male,6.81756536955978,2
Big Time Rush,white,male,6.59659709562646,3
Bijan Shrestha,asian,male,3.681241,1
Bijaya,asian,male,6.416641,1
Bijendra Kumar,asian,male,5.64443858946784,2
Bijou Hunter,black,female,3.853698,9
Biju Karakkonam,asian,male,2.60205999132796,9
Bikash Bhandari,asian,male,4.76192783842053,10
Bikash Chaurasiya,asian,male,4.13987908640124,6
Bikram Choudhury,asian,male,5.23552844690755,5
Bil Keane,white,male,4.90848501887865,7
Bilal Chaudhry,asian,male,6.064458,1
Bilawal Bhutto Zardari,asian,male,6.158362,1
Bill Ayers,white,male,4.97680833733807,4
Bill Blais,white,male,4.91645394854993,3
Bill Bradley,white,male,5.68930885912362,8
Bill Bright,white,male,5.11394335230684,2
Bill Bryson,white,male,6.6954816764902,10
Bill Budge,white,male,3.89597473235906,4
Bill Callahan,white,male,5.58206336291171,4
Bill Clegg,white,male,4.77305469336426,7
Bill Clinton,white,male,7.34635297445064,7
Bill Collins,white,male,5.53402610605614,1
Bill Condon,white,male,5.63144376901317,2
Bill Copeland,white,male,4.73798732633343,5
Bill Cosby,black,male,6.48429983934679,10
Bill Courtney,white,male,4.53907609879278,10
Bill Dana,white,male,4.86981820797933,3
Bill Dedman,white,male,4.64345267648619,6
Bill Frist,white,male,5.01283722470517,2
Bill Gates,white,male,7.45331834004704,10
Bill George,white,male,5.53402610605614,2
Bill Goldberg,white,male,5.65224634100332,5
Bill Gross,white,male,5.39794000867204,2
Bill Gunn,black,male,4.670246,1
Bill Hader,white,male,6.67394199863409,5
Bill Hicks,white,male,5.6170003411209,10
Bill Holm,white,male,4.47712125471966,4
Bill Hybels,white,male,5.16136800223498,4
Bill Jensen,white,male,5.07554696139253,10
Bill Johnson,white,male,6.274157849,4
Bill Knott,white,male,4.39967372148104,2
Bill Kurtis,white,male,5.01283722470517,3
Bill Lawrence,white,male,6.07188200730613,2
Bill Loguidice,white,male,4.50379068305718,6
Bill Maher,white,male,6.6232492903979,10
Bill Maris,white,male,4.08278537,3
Bill McKibben,white,male,6.206825876,3
Bill Moyers,white,male,5.5705429398819,9
Bill Murray,white,male,6.72181061521255,9
Bill Nighy,white,male,6.18184358794477,5
Bill Nye,white,male,6.25767857486918,10
Bill O'Reilly,white,male,6.21748394421391,4
Bill Parcells,white,male,5.55509444857832,4
Bill Rancic,white,male,4.70156798505593,2
Bill Richardson,latino,male,5.59879050676312,3
Bill Rodgers,white,male,5.13353890837022,2
Bill Russell,black,male,6.63548374681491,4
Bill Shankly,white,male,5.51454775266029,5
Bill Strickland,black,male,4.659916,1
Bill T. Jones,black,male,5.173186,1
Bill Toomey,white,male,4.69635638873333,3
Bill Vaughan,white,male,4.69460519893357,10
Bill Veeck,white,male,5.37291200297011,4
Bill W.,white,male,6.03342375548695,5
Bill Ward,white,male,5.97497199429807,2
Bill Watterson,white,male,5.82542611776782,10
Bill Willingham,white,male,5.31806333496276,6
Bill Wilson,white,male,5.98989456371877,4
Billi Jean,white,female,5.06818586174616,2
Billie Burke,white,female,5.3747483460101,4
Billie Holiday,black,female,6.66464197555613,10
Billie Jean King,white,female,6.65417654187796,10
Billie Joe Armstrong,white,male,6.2380461031288,9
Billie Letts,white,female,4.82672252016899,2
Billy Bragg,white,male,5.87215627274829,3
Billy Collins,white,male,5.56702636615906,10
Billy Connolly,white,male,6.14301480025409,10
Billy Corgan,white,male,6.10380372095596,10
Billy Crystal,white,male,6.8488047010518,10
Billy Dee Williams,black,male,6.16435285578444,2
Billy Eichner,white,male,6.08278537,2
Billy Graham,white,male,7.15533603746506,10
Billy Higgins,black,male,5.369216,1
Billy Idol,white,male,6.67394199863409,3
Billy Joel,white,male,7.10037054511756,10
Billy Mays,white,male,5.2718416065365,2
Billy Porter,black,male,6.369216,1
Billy Rose,white,male,5.48287358360875,2
Billy S VanOrsdol,white,male,0.778151250383644,2
Billy Strayhorn,black,male,6.041393,1
Billy Sunday,white,male,5.35024801833416,10
Billy Wilder,white,male,6.25527250510331,5
Billy Williams,black,male,5.745855,1
Bim Adewunmi,black,female,5.313867,1
Bimo Satriyo,asian,male,3.691965,1
Bindi Irwin,white,female,5.56820172406699,10
Binduu Chopra,asian,female,2.367356,1
Bing Crosby,white,male,6.88366143515362,2
Biniam Yibaleh,black,male,3.419956,1
Binod Syangtan,asian,male,3.537819,1
Binoy Boban,asian,male,2.81358098856819,2
Binyavanga Wainaina,black,male,5.22271647114758,2
Bipan Chandra,asian,male,5.269513,1
Bipasha Basu,asian,female,6.313867,1
Birgitte Hjort Sorensen,white,female,4.8488047010518,2
Bisco Hatori,asian,female,5.38021124171161,10
Bishnu Bhatta,asian,male,4.958086,1
Bishop Ronnie Crudup,black,male,3.340444,1
Biyi Bandele-Thomas,black,male,3.870404,1
Biz Stone,white,male,5.03742649794062,10
Bjarke Ingels,white,male,6.46834733041216,6
Bjarne Stroustrup,white,male,5.93901977644867,2
Bjorn Lomborg,white,male,5.44090908206522,2
Bjorn Ulvaeus,white,male,5.60530504614111,2
Björk,white,female,7.27646180417324,10
Bjørnstjerne Bjørnson,white,male,5.28555730900777,2
Blac Chyna,black,female,6.32838,1
Black Barbie,black,female,6.318063,1
Blair Underwood,black,male,5.69897,1
Blaise Pascal,white,male,6.58771096501891,10
Blaize Clement,white,female,4.15533603746506,3
Blake Crouch,white,male,5.63346845557959,9
Blake Farenthold,white,male,4.51454775266029,2
Blake Lewis,white,male,5.15228834438306,2
Blake Lively,white,female,7.11058971029925,10
Blake Mycoskie,white,male,5.29885307640971,3
Blake Nelson,white,male,5.88592633980143,2
Blake Shelton,white,male,6.80685802951882,8
Blakely Bennett,white,female,3.68484536164441,3
Blanche Lincoln,white,female,4.579783597,2
Blanka Vlasic,white,female,5.59439255037543,2
Bliss Carman,white,male,4.69897000433602,8
Blu Cantrell,black,female,5.396199,1
Blythe Baird,white,female,4.766412847,2
Bo Bennett,white,male,5.86510397464113,10
Bo Burnham,white,male,6.55266821611219,5
Bo Derek,white,female,6.2148438480477,2
Bo Diddley,black,male,6.079181,1
Bo Jackson,black,male,6.57403126772772,3
Bo Sanchez,asian,male,5.624282,1
Bo-Young Kim,asian,female,5.206826,1
Boakye Opoku Agyemang,black,male,2.31806333496276,2
Bob Ainsworth,white,male,4.72754125702856,2
Bob Barr,white,male,5.00432137378264,3
Bob Beckel,white,male,4.37839790094814,7
Bob Diamond,white,male,4.969881644,2
Bob Dole,white,male,5.73957234445009,2
Bob Dylan,white,male,7.40993312333129,10
Bob Feller,white,male,5.66651798055488,5
Bob Filner,white,male,4.54530711646582,3
Bob Goff,white,male,5.34635297445064,4
Bob Graham,white,male,5.58883172559421,3
Bob Hayes,black,male,5.454845,1
Bob Hope,white,male,6.591064607,10
Bob Iger,white,male,6.09342168516223,8
Bob Kahn,white,male,4.69019608002851,2
Bob Kaufman,black,male,4.918555,1
Bob Lemon,white,male,5.274157849,2
Bob Marley,black,male,7.50785587169583,10
Bob Massie,white,male,4.54530711646582,2
Bob McDonnell,white,male,4.90036712865647,2
Bob Menendez,latino,male,5.592177,1
Bob Monkhouse,white,male,4.97220283837906,3
Bob Nelson,white,male,5.536558443,4
Bob Newhart,white,male,6.65321251377534,10
Bob Ney,white,male,4.23552844690755,3
Bob Ong,asian,male,5.053078443,4
Bob Parsons,white,male,5.05690485133647,2
Bob Proctor,white,male,5.83884909073726,9
Bob Riley,white,male,5.01703333929878,5
Bob Ross,white,male,6.93399316383124,6
Bob Rubin,white,male,4.49136169383427,1
Bob Saget,white,male,5.94398887507377,2
Bob Seger,white,male,6.44247976906445,3
Bob Taft,white,male,4.564666064,3
Bob Uecker,white,male,5.54032947479087,2
Bob Verdi,white,male,3.75204844781944,2
Bob Woodward,white,male,5.88705437805096,8
Bobbi Brown,white,female,7.33041377334919,2
Bobbie Ann Mason,white,female,5.07918124604763,2
Bobby Adair,white,male,4.62736585659273,4
Bobby Brown,black,male,7.29885307640971,2
Bobby Darin,white,male,6.3654879848909,6
Bobby F. Kimbrough Jr.,black,male,4.35218251811136,10
Bobby Fischer,white,male,6.4345689040342,4
Bobby Flay,white,male,6.66370092538965,3
Bobby Heenan,white,male,5.34044411484012,5
Bobby Hoffman,white,male,4.36735592102602,3
Bobby Jindal,asian,male,5.25767857486918,3
Bobby Knight,white,male,5.46089784275655,8
Bobby Layne,white,male,5.02118929906994,1
Bobby Orr,white,male,6.025305865,3
Bobby Riggs,white,male,5.61489721603314,2
Bobby Rush,black,male,5.390935,1
Bobby Sands,white,male,5.45178643552429,2
Bobby Scott,black,male,5.43775056282039,5
Bobby Seale,black,male,5.26951294421792,3
Bodhidharma,asian,male,5.81157500587059,10
Bodie Thoene,white,female,5.33445375115093,5
Boethius,white,male,6.00432137378264,10
Bogdan Vaida,white,male,4.55144999797287,10
Bohumil Hrabal,white,male,6.12385164096709,4
Bonar Law,white,male,5.15533603746506,3
Bonaro Overstreet,white,female,3.83442070368153,3
Bondan Winarno,asian,male,4.95424250943933,6
Bong Joon-ho,asian,male,6.235528,1
Bonita Gutierrez,latino,female,4.278754,1
Bonnie Blair,white,female,4.875061263,9
Bonnie Friedman,white,female,4.60745502321467,3
Bonnie Hunt,white,female,6.03342375548695,6
Bonnie Marcus,white,female,4.96142109406645,7
Bonnie Raitt,white,female,6.25767857486918,7
Bonnie Tyler,white,female,6.63648789635337,3
Bonnie Zackson Koury,white,female,3.38021124171161,2
Bono,white,male,8.14301480025409,10
Booker T. Washington,black,male,6.45939248775923,10
Booth Tarkington,white,male,5.33041377334919,8
Boris Johnson,white,male,6.92012332629072,6
Boris Kovalík,white,male,3.88817949391832,10
Boris Pasternak,white,male,5.774516966,10
Boris Spassky,white,male,5.70500795933334,2
Boris Trajkovski,white,male,5.71432975974523,2
Boris Vallejo,latino,male,5.659916,1
Bow Wow,black,male,6.796574,1
Boy George,white,male,6.38916608436453,5
Boyd K. Packer,white,male,5.14301480025409,4
Boyz II Men,black,male,6.488551,1
Bozena Zawisz,white,female,3.51454775266029,3
Brad Bird,white,male,5.74350976472843,2
Brad Dourif,white,male,5.67942789661212,2
Brad Feld,white,male,4.98766626492627,5
Brad Goreski,white,male,5.64542226934909,9
Brad Henry,white,male,5.50242711998443,10
Brad Herzog,white,male,5.53019969820308,4
Brad Jensen,white,male,5.15533603746506,2
Brad Lomenick,white,male,4.84073323461181,8
Brad Meltzer,white,male,6.025305865,10
Brad Paisley,white,male,6.34044411484012,10
Brad Pitt,white,male,7.45024910831936,10
Brad Thor,white,male,5.572871602,5
Braden Pedersen,white,male,3.10380372095596,5
Bradley B. Dalina,white,male,2.86628733908419,10
Bradley Bowman,white,male,4.88081359228079,3
Bradley Cooper,white,male,6.88817949391832,4
Bradley Whitford,white,male,5.68214507637383,2
Bradley Wiggins,white,male,5.65513843481138,6
Brahmananda Patra,asian,male,3.35024801833416,2
Brahms Lewis,white,male,3.13672056715641,4
Brajesh Kumar,asian,male,6.494155,1
Bram Stoker,white,male,6.78675142214556,10
Branch Rickey,white,male,5.34242268082221,4
Brandi Glanville,white,female,5.51982799377572,4
Brandi N. Jefferson-Motley,black,female,2.43616264704076,2
Brandon Benevides,latino,male,2.804139,1
Brandon David Hastings,white,male,1.95424250943932,2
Brandon J Brown,black,male,4.645422,1
Brandon Mull,white,male,5.45024910831936,10
Brandon Sanderson,white,male,6.80482067872116,10
Brandon Scott,black,male,6.11059,1
Brandon Scott Gorrell,white,male,3.21218760440396,3
Brandon Stanton,white,male,5.0899051114394,7
Brandon Thomas DiSabatino,white,male,2.42975228000241,2
Brandon Villasenor,latino,male,3.764176132,2
Brandon Webb,white,male,5.29225607135648,2
Brandy Heineman,white,female,3.58206336291171,3
Brandy Nacole,black,female,4.240549248,10
Brandy Norwood,black,female,5.56110138364906,2
Brantley Gilbert,white,male,6.04139268515823,4
Bre Pettis,white,male,4.836956737,3
Breaking Benjamin,white,male,6.32837960343874,4
Breanna Hayse,white,female,4.07554696139253,4
Bree Despain,white,female,4.76267856372744,10
Breehn Burns,white,male,4.48429983934679,10
Brenda H Sedgwick,white,female,2.4814426285023,2
Brenda Hiatt,white,female,4.92064500140679,2
Brenda Joyce,white,female,6.13987908640124,4
Brenda Lee,white,female,7.29666519026153,2
Brenda Lochinger,white,female,3.22271647114758,2
Brenda Perlin,white,female,4.49276038902684,10
Brenda Song,asian,female,6.113943,1
Brenda Sutton Rose,white,female,3.54900326202579,10
Brenda Ueland,white,female,4.75281643118827,10
Brendan Behan,white,male,5.240549248,10
Brendan Coyle,white,male,5.19312459835446,2
Brendan Francis,white,male,4.63042787502502,9
Brendan Gill,white,male,5.206825876,2
Brendan Iribe,white,male,4.98136550907854,2
Brendon Burchard,white,male,5.902002891,2
Brendon Urie,white,male,5.87273882747267,6
Brenna Yovanoff,white,female,5.66181268553726,10
Brennan Manning,white,male,5.08278537,10
Brent Weeks,white,male,5.39619934709574,10
Brené Brown,white,female,6.67760695272049,10
Bret Easton Ellis,white,male,6.053078443,10
Bret Harte,white,male,6.3747483460101,8
Brett Armstrong,white,male,5.11058971029925,2
Brett Butler,white,female,5.55388302664387,2
Brett Young,white,male,6.04139268515823,2
Breyten Breytenbach,white,male,5.63648789635337,3
Brian A. McBride,white,male,3.76937732607614,10
Brian Baumgartner,white,male,5.25285303097989,2
Brian Celio,white,male,3.54777470538782,8
Brian Chesky,white,male,5.49276038902684,2
Brian Clevinger,white,male,5.00860017176192,8
Brian Clough,white,male,5.67486114073781,3
Brian Cox,white,male,6.6222140229663,4
Brian D'Ambrosio,white,male,4.64246452024212,7
Brian Doyle,white,male,5.54406804435028,9
Brian Eno,white,male,6.51587384371168,10
Brian Eshleman,white,male,4.46239799789896,2
Brian Evenson,white,male,5.09691001300806,2
Brian Farrey,white,male,4.322219295,5
Brian Francis Slattery,white,male,4.17609125905568,3
Brian Grazer,white,male,5.46834733041216,2
Brian Greene,white,male,6.06818586174616,10
Brian Herbert,white,male,5.67577834167408,10
Brian Jacques,white,male,5.4814426285023,10
Brian Joyce,white,male,4.81491318127507,10
Brian K. Vaughan,white,male,5.68930885912362,10
Brian Keene,white,male,5.46538285144842,2
Brian Koppelman,white,male,5.44870632,2
Brian L. Weiss,white,male,5.61909333062674,6
Brian Lawley,white,male,4.3747483460101,4
Brian Lee,asian,male,6.260071,1
Brian Leslie,white,male,5.38381536598043,2
Brian Logan Dales,white,male,4.19865708695442,2
Brian MacLearn,white,male,3.09691001300806,4
Brian May,white,male,6.67209785793572,4
Brian McGreevy,white,male,5.56820172406699,9
Brian McKnight,black,male,6.117271,1
Brian McNaughton,white,male,4.64443858946784,2
Brian Michael Good,white,male,4.36735592102602,2
Brian Molko,white,male,5.74741180788642,3
Brian Moore,white,male,5.98632377705077,3
Brian Morgan,white,male,5.46834733041216,2
Brian Mulroney,white,male,5.45178643552429,2
Brian O'Driscoll,white,male,5.56348108539441,5
Brian P. Cleary,white,male,5.10380372095596,5
Brian Posehn,white,male,5.76715586608218,2
Brian Regan,white,male,5.774516966,2
Brian Reynolds,white,male,5.31806333496276,3
Brian Selznick,white,male,5.93851972517649,6
Brian Spellman,white,male,4.26717172840301,10
Brian Staveley,white,male,5.09691001300806,3
Brian Sutton-Smith,white,male,4.87737134586977,2
Brian Tee,asian,male,5.465383,1
Brian Tracy,white,male,6.57749179983723,10
Brian W. Aldiss,white,male,5.55144999797287,4
Brian Weiss,white,male,5.76566855475902,2
Brian Wilson,white,male,6.61804809671209,4
Brian Zahnd,white,male,5.10037054511756,2
Brian de Haaff,white,male,4.14612803567824,6
Briana Pacheco,latino,female,3.79657433321043,5
Brianna Wiest,white,female,6.37839790094814,5
Bridget Asher,white,female,4.55266821611219,4
Bridget English,white,female,4.59988307207369,3
Bridget Hall,white,female,5.11394335230684,2
Brielle A. Marino,white,female,2.766412847,3
Brigham Young,white,male,6.9532763366673,10
Brighton Sbusiso Mabuya,black,male,2.477121,1
Brigid Brophy,white,female,4.84073323461181,4
Brigid Kemmerer,white,female,6.19589965240923,4
Brigitte Bardot,white,female,6.88536122003151,6
Brit Bennett,black,female,5.322219295,2
Brit Hume,white,male,5.04139268515823,3
Brit Marling,white,female,5.40483371661994,2
Britany Lopez,latino,female,4.45178643552429,4
Britney Spears,white,female,7.6063813651106,10
Britt Merrick,white,male,5.25042000230889,2
Brittany Burgunder,white,female,4.32837960343874,10
Brittany Cavallaro,white,female,5.07554696139253,2
Brittany L. Engels,white,female,2.748188027,7
Brock Osweiler,white,male,5.09342168516223,4
Brock Yates,white,male,4.7701152947871,4
Brodi Ashton,white,female,5.5705429398819,10
Brody Jenner,white,male,5.3747483460101,3
Brom,white,male,7.12710479836481,10
Bronnie Ware,white,female,5.56937390961505,6
Brook Emery,white,male,3.53402610605613,2
Brooke Burke,white,female,5.79588001734407,7
Brooke Hauser,white,male,3.691965103,4
Brooke Shields,white,female,6.51454775266029,4
Brooks Atkinson,white,male,4.98677173426625,6
Brother Andrew,white,male,5.9216864754836,10
Brother Lawrence,white,male,5.59328606702046,3
Brother Yun,asian,male,4.59769518592551,5
Brownie McGhee,black,male,5.827369,1
Bruce Barton,white,male,5.04139268515823,10
Bruce Catton,white,male,5.03342375548695,3
Bruce Chatwin,white,male,5.37106786227174,5
Bruce Cockburn,white,male,5.49692964807322,2
Bruce Coville,white,male,5.89320675305985,6
Bruce D. Perry,white,male,5.55509444857832,2
Bruce Dickinson,white,male,6.47129171105894,5
Bruce Eric Kaplan,white,male,5.32014628611105,3
Bruce Feiler,white,male,5.61278385671974,5
Bruce Feirstein,white,male,4.79448804665917,3
Bruce H. Lipton,white,male,5.6170003411209,7
Bruce Lee,asian,male,7.58771096501891,10
Bruce Lee Bond,asian,male,3.38381536598043,3
Bruce Lipton,white,male,5.59217675739587,3
Bruce Littlefield,white,male,4.6599162,3
Bruce Mbanzabugabo,black,male,3.20139712432045,6
Bruce Meyer,white,male,5.07188200730613,2
Bruce Poon Tip,asian,male,4.507856,1
Bruce R. McConkie,white,male,5.3747483460101,4
Bruce Rauner,white,male,5.11727129565576,4
Bruce Robinson,white,male,5.46834733041216,4
Bruce Schneier,white,male,5.43136376415899,5
Bruce Springsteen,white,male,7.2148438480477,10
Bruce Sterling,white,male,5.38201704257487,6
Bruce Van Horn,white,male,4.65609820201283,2
Bruce Weinstein,white,male,5.29225607135648,5
Bruce Willis,white,male,7.10037054511756,3
Bruno Bauer,white,male,5.00860017176192,2
Bruno Bettelheim,white,male,5.71264970162721,6
Bruno Mars,latino,male,7.84198480459011,5
Bruno Schulz,white,male,5.50242711998443,4
Brunonia Barry,white,female,5.55990662503611,5
Bryan Chapell,white,male,5.542825427,7
Bryan Cranston,white,male,6.55266821611219,7
Bryan Curtis,white,male,4.81424759573192,2
Bryan Ferry,white,male,6.2148438480477,6
Bryan Fields,white,male,4.89153745767256,5
Bryan Procter,white,male,3.95424250943932,4
Bryan Stevenson,black,male,5.51587384371168,6
Bryan Sykes,white,male,4.95904139232109,4
Bryan White,white,male,5.692846919,3
Bryant Gumbel,black,male,5.20412,1
Bryant McGill,white,male,5.2148438480477,10
Bryce Anderson,white,male,5.12710479836481,2
Bryce Courtenay,white,male,4.97589113640179,8
Bryce Dallas Howard,white,female,6.30319605742049,4
Bryn Greenwood,white,female,4.98766626492627,5
Brynn Kelly,white,female,4.38201704257487,10
Bryonie Wise,white,female,3.98136550907854,3
Bryson Tiller,black,male,6.65224634100332,2
Buchi Emecheta,black,female,5.50515,2
Buckminster Fuller,white,male,5.94051648493257,6
Bud Abbott,white,male,5.35602585719312,2
Bud Grant,white,male,4.99431715266964,2
Budd Schulberg,white,male,5.274157849,3
Buddha,asian,male,8.07918124604763,10
Buddhadeva Bose,asian,male,4.591065,1
Buddy Guy,black,male,6.367356,1
Buddy Hackett,white,male,5.40312052117582,4
Buddy Holly,white,male,6.610660163,3
Buddy Valastro,white,male,5.88366143515362,3
Budjette Tan,asian,male,4.856729,1
Buenaventura Durruti,white,male,5.46834733041216,2
Buffalo Bill,white,male,6.54157924394658,5
Buffi Neal,white,female,2.73078227566639,5
Buhari S.I,black,male,3.42651126136458,3
Bunker Roy,asian,male,4.561101,1
Bunny Naidu,asian,male,4.68394713075151,10
Burgess Owens,black,male,4.85430604180108,3
Burt Reynolds,white,male,6.40823996531185,2
Busta Rhymes,black,male,6.738781,1
Butch Bellah,white,male,3.87157293554588,3
Butch Trucks,white,male,4.8992731873176,2
Buzz Aldrin,white,male,6.26951294421792,10
Byrappa,asian,male,5.61909333062674,2
Byron Dorgan,white,male,4.56348108539441,2
Byron Goines,black,male,3.0086,1
Byron Katie,white,female,5.609594409,6
Byron Ortiz,latino,male,4.903633,1
C. Barnett II,black,male,3.271842,1
C. Elizabeth,white,female,5.80345711564841,6
C. F. Ramuz,white,male,5.09342168516223,2
C. G. Jung,white,male,6.33845649360461,10
C. J. Sansom,white,male,5.47275644931721,7
C. L. R. James,black,male,5.45178643552429,7
C. Northcote Parkinson,white,male,5.09691001300806,6
C. Nzingha Smith,black,female,2.9731278535997,3
C. P. Snow,white,male,5.206825876,2
C. Robert Cargill,white,male,5.11394335230684,5
C. S. Lewis,white,male,7.07918124604763,10
C. Terry Warner,white,male,4.05690485133647,5
C. V. Raman,asian,male,6.53402610605614,3
C. Wright Mills,white,male,5.89652621748955,3
C.A. Keith,white,male,4.99869515831166,2
C.B. Lee,asian,female,5.05690485133647,5
C.D. Reiss,white,female,4.76117581315573,8
C.D. Wright,white,male,4.84260923961056,4
C.J. Anderson,black,male,5.3324384599156,10
C.J. Cherryh,white,female,5.82994669594164,7
C.J. Daugherty,white,female,5.19312459835446,2
C.J. Langenhoven,white,male,5.08635983067475,8
C.J. Mahaney,white,male,4.74896286125616,7
C.J. Redwine,white,male,4.98811284026835,10
C.K. Kelly Martin,white,female,4.02118929906994,2
C.L. Wilson,white,female,5.12710479836481,10
C.M. Hayden,white,male,4.10037054511756,5
C.M. Stunich,white,female,5.57518784492766,10
C.S. Forester,white,male,5.36172783601759,3
C.S. Friedman,white,female,5.274157849,3
C.T. Phipps,white,male,4.42324587393681,3
C.T. Studd,white,male,4.74741180788642,2
CC Sabathia,black,male,5.669317,1
CM Punk,white,male,6.86033800657099,2
Caitlin Doughty,white,female,5.01283722470517,5
Caitlin Flanagan,white,female,4.54032947479087,2
Caitlin Rush,white,female,3.97726621242729,2
Caitlyn Jenner,white,female,6.22788670461367,8
Caitlyn Paige,white,female,4.74507479158206,4
Caitlín R. Kiernan,white,female,5.24551266781415,8
Caity Lotz,white,female,5.90145832139611,2
Calandra Owens,black,female,1.963788,1
Caleb Carr,white,male,5.19312459835446,2
Caleb Crain,white,male,4.62013605497376,10
Caleb Ricketts,white,male,4.20139712432045,3
Calvin Coolidge,white,male,6.11394335230684,10
Calvin Miller,white,male,5.14301480025409,4
Calvin Trillin,white,male,5.63042787502502,8
Cameron C. Taylor,white,male,4.28555730900777,5
Cameron Crowe,white,male,6.25285303097989,3
Cameron Dane,white,male,3.97680833733807,2
Cameron Diaz,white,female,6.88366143515362,6
Cameron Russell,white,female,5.18184358794477,4
Cameron Sinclair,white,male,4.67024585307412,3
Camila Alves,latino,female,5.93399316383124,3
Camila Cabello,latino,female,7.158362,1
Camile Souza,latino,female,4.792392,1
Camilla Gibb,white,female,4.30535136944662,3
Camilla Isley,white,female,5.00860017176192,4
Camille Guaty,latino,female,5.372912,1
Camille Paglia,white,male,5.44715803134222,10
Camillo Di Cavour,white,male,4.61172330800734,2
Camilo Garzon,latino,male,5.173186,1
Camilo Gomes Jr.,latino,male,2.587711,1
Cammie McGovern,white,female,5.53019969820308,7
Campbell Brown,white,female,5.46538285144842,6
Camryn Manheim,white,female,5.44404479591808,4
Camy Tang,asian,female,4.689309,1
Candace Bushnell,white,female,5.4983105537896,10
Candace Cameron Bure,white,female,6.43775056282039,3
Candace Kita,asian,female,5.075547,1
Candace Parker,black,female,5.90848501887865,2
Candace Robinson,black,female,5.079181,1
Candice Bergen,white,female,5.8662873390842,5
Candice Galek,white,female,3.61278385671974,5
Candice Olson,white,female,5.46982201597816,3
Candida Martinelli,white,female,3.6570558528571,2
Candy Darling,white,female,5.11394335230684,2
Candy bustillo,latino,female,2.805501,1
Canelo Alvarez,latino,male,6.75050839485135,6
Cao Yu,asian,male,5.619093,1
Cao Đức Trọng,asian,male,4.952308,1
Caprice Crane,white,female,4.37657695705651,2
Cara Black,white,female,5.34830486304816,2
Caragh M. O'Brien,white,female,4.56229286445647,3
Cardinal James Gibbons,white,male,4.37291200297011,2
Cardinal Newman,white,male,5.96094619573383,3
Cardinal Richelieu,white,male,5.88986172125819,4
Cardinal de Retz,white,male,5.30319605742049,4
Carew Papritz,white,male,4.13987908640124,10
Carey Heywood,white,female,4.66464197555613,2
Cari Silverwood,white,female,4.322219295,4
Carina Aguilar,latino,female,4.8668778143375,2
Carine McCandless,white,female,4.7355989,2
Carine Roitfeld,white,female,6.17318626841227,10
Carl Andre,white,male,5.33645973384853,2
Carl Friedrich Gauss,white,male,5.91169015875386,2
Carl Henegan,white,male,4.83058866868514,10
Carl Hiaasen,white,male,5.52891670027766,10
Carl Jung,white,male,7.34044411484012,9
Carl Levin,white,male,5.25527250510331,4
Carl Lewis,black,male,5.94051648493257,2
Carl Lotus Becker,white,male,4.17318626841227,4
Carl Paladino,white,male,4.83250891270624,2
Carl Prude Jr.,black,male,3.00860017176192,3
Carl R White,white,male,4.35983548233989,4
Carl R. Rogers,white,male,5.45484486,10
Carl Reiner,white,male,6.03342375548695,2
Carl Rogers,white,male,6.25042000230889,6
Carl Sagan,white,male,6.61909333062674,10
Carl Sandburg,white,male,6.09342168516223,10
Carl Schurz,white,male,6.178976947,2
Carl T. Rowan,black,male,4.06069784035361,3
Carl William Brown,white,male,4.37839790094814,10
Carl von Clausewitz,white,male,6.11394335230684,10
Carla Bruni,white,female,6.43933269383026,6
Carla Gugino,white,female,6.178976947,2
Carla Harris,black,female,5.26245109,3
Carla Reighard,white,female,3.51054501020661,10
Carla Trueheart,white,female,3.65801139665711,2
Carla VanKoughnett,white,female,2.07188200730613,2
Carlene Hatcher Polite,black,female,3.503791,1
Carli Lloyd,white,female,5.4996870826184,2
Carline Francois,black,female,3.982271,1
Carlo Arellano,latino,male,4.710117,1
Carlo Carretto,white,male,5.12710479836481,2
Carlo Collodi,white,male,6.54157924394658,2
Carlo Goldoni,white,male,6.40483371661994,3
Carlo Rovelli,white,male,6.57403126772772,8
Carlos A. Rodriguez,latino,male,5.6954816764902,10
Carlos Andrés Gómez,latino,male,5.31597,1
Carlos Barrios,latino,male,6.120573931,2
Carlos Castañeda,latino,male,6.45636603312904,9
Carlos Castenada,latino,male,6.029384,1
Carlos Castillo,latino,male,6.685742,1
Carlos Drummond de Andrade,white,male,6.66181268553726,2
Carlos Fuentes,latino,male,6.322219295,10
Carlos Heleno,latino,male,4.38381536598043,2
Carlos Hernández,latino,male,7.068186,1
Carlos J. Cortes,latino,male,4.206826,2
Carlos López,latino,male,7.238046,1
Carlos Marighella,black,male,5.550228,1
Carlos Marin,latino,male,5.591065,1
Carlos María Domínguez,latino,male,6.238046,1
Carlos P. Romulo,asian,male,5.330414,1
Carlos Ponce,latino,male,5.865696,1
Carlos Roche,latino,male,4.52374646681156,2
Carlos Salinas,latino,male,6.07554696139253,9
Carlos Santana,latino,male,6.72997428569956,4
Carlous Ruiz Zafon,latino,male,6.668386,1
Carlton D. Pearson,black,male,4.35983548233989,2
Carlton Smith,black,male,5.093422,1
Carly Fiorina,white,female,5.79448804665917,8
Carly Kade,white,female,3.9216864754836,3
Carly Rae Jepsen,white,female,6.70243053644553,2
Carlyle Labuschagne,white,male,3.839478047,2
"Carmelo S. ""Nino"" Amarena",latino,male,0.477121,1
Carmen Agra Deedy,latino,female,5.053078,1
Carmen Basilio,white,male,4.80277372529198,1
Carmen Electra,white,female,6.3541084391474,8
Carmen Ferreiro-Esteban,latino,female,3.737987,1
Carmen Naranjo,latino,female,5.305351,1
Carmine Savastano,white,male,4.178976947,4
Carol Alt,white,female,5.70243053644553,6
Carol Ann Duffy,white,female,5.47712125471966,10
Carol Anshaw,white,female,4.475671188,2
Carol Bartz,white,female,4.96378782734556,2
Carol Cassella,white,female,4.29885307640971,5
Carol Emshwiller,white,female,4.85973856619715,5
Carol Gilligan,white,female,5.6232492903979,3
Carol J. Adams,white,female,4.82412583391655,2
Carol Lewis,black,female,5.994317,1
Carol Lynch Williams,white,female,4.52891670027766,2
Carol P. Christ,white,female,4.60530504614111,6
Carol Padilla,latino,female,4.822168,1
Carol Pearson,white,female,5.01703333929878,3
Carol Queen,white,female,4.87966920563205,3
Carol Rifka Brunt,white,female,5.55870857053317,10
Carol Ryrie Brink,white,female,4.97634997900327,5
Carol S. Dweck,white,female,5.93851972517649,4
Carol Shields,white,female,5.2380461031288,8
Carol Vorderman,white,female,5.820857989,3
Carol Vorvain,white,female,2.91750550955255,7
Carole Glickfeld,white,female,2.85430604180108,2
Carole Wilkinson,white,female,5.92427928606188,2
Carolina Cody Aldaz,latino,female,3.44247976906445,7
Carolina De Robertis,latino,female,5.041393,2
Carolina Herrera,latino,female,7.63245729218472,5
Carolina Maria de Jesus,black,female,6.041393,1
Caroline A. Shearer,white,female,3.51454775266029,4
Caroline B. Cooney,white,female,5.65224634100332,6
Caroline Cairn,white,female,2.84571801796666,3
Caroline Green,white,female,5.13987908640124,5
Caroline Greyling,white,female,3.66745295288995,3
Caroline Hanson,white,female,4.75281643118827,7
Caroline Kepnes,white,female,6.053078443,8
Caroline Leavitt,white,female,5.29885307640971,2
Caroline Leech,white,female,4.21748394421391,2
Caroline Mitchell,white,female,5.64640372622307,3
Caroline Myss,white,female,5.66370092538965,6
Caroline Paul,white,female,5.10720996964787,2
Caroline Rhea,white,female,5.22010808804005,4
Caroline Schoeder,white,female,2.8394780473742,1
Caroline Winberg,white,female,4.89097959698969,4
Caroline Wozniacki,white,female,5.922725458,9
Caroline de Leon,latino,female,5.594393,1
Carolyn Brown,white,female,5.65609820201283,4
Carolyn Byers Ruch,white,female,3.03742649794062,8
Carolyn Chute,white,female,4.39619934709574,2
Carolyn Crane,white,female,4.24303804868629,2
Carolyn Custis James,white,female,4.69196510276736,4
Carolyn Dean,white,female,4.92685670894969,2
Carolyn Elliott,white,female,4.96801571399364,3
Carolyn G. Heilbrun,white,female,4.42975228000241,6
Carolyn Gold Heilbrun,white,female,3.63144376901317,2
Carolyn Ives Gilman,white,female,4.41664050733828,4
Carolyn Jewel,white,female,4.91009054559407,8
Carolyn Keene,white,female,5.64246452024212,5
Carolyn Kenmore,white,female,3.47275644931721,2
Carolyn Kizer,white,female,4.7481880270062,4
Carolyn Mackler,white,female,5.10037054511756,2
Carolyn Murphy,white,female,5.57518784492766,2
Carolyn Riker,white,female,4.60205999132796,2
Carolyn V. Hamilton,white,female,4.47712125471966,6
Carolyn Wells,white,female,5.18752072083646,7
Caron Kamps Widden,white,female,3.20139712432045,4
Carre Otis,white,female,5.75358305889291,5
Carrie Ann Ryan,white,female,4.96142109406645,10
Carrie Brownstein,white,female,5.23552844690755,3
Carrie Chapman Catt,white,female,5.41830129131975,4
Carrie Fisher,white,female,6.49415459401844,10
Carrie Hope Fletcher,white,female,5.40312052117582,10
Carrie Jacobs Bond,white,female,4.87909587950007,2
Carrie Newcomer,white,female,4.76117581315573,2
Carrie Ryan,white,female,5.09342168516223,10
Carrie Snow,white,female,4.8318697742805,4
Carrie Snyder,white,female,5.13987908640124,2
Carrie Underwood,white,female,6.91275330367132,10
Carrie Vaughn,white,female,5.00432137378264,7
Carroll O'Connor,white,male,5.692846919,3
Carroll Shelby,white,male,6.13353890837022,8
Carrot Top,white,male,6.01283722470517,4
Carson Kressley,white,male,5.63042787502502,5
Carson McCullers,white,female,5.58883172559421,10
Carsten Jensen,white,male,5.71180722904119,10
Carsten Ostergaard Pedersen,white,male,2.40483371661994,2
Carter Bates,white,male,4.37839790094814,2
Carter Burwell,white,male,5.5327543789925,6
Carter G. Woodson,black,male,6.05690485133647,3
Carter Glass,white,male,4.77815125038364,1
Carter Heyward,white,female,4.10720996964787,3
Carvell Wallace,black,male,4.673942,1
Cary Fukunaga,asian,male,5.511883,1
Caryl Phillips,black,male,5.318063,1
Caryll Houselander,white,female,4.91222205653242,2
Casey Neistat,white,male,5.46389298898591,5
Casey Stengel,white,male,5.93449845124357,3
Casey Wilson,white,female,5.40312052117582,3
Caskie Stinnett,white,male,3.90254677931399,2
Caspar David Friedrich,white,male,6.54157924394658,2
Cass R. Sunstein,white,male,5.86272752831797,3
Cass Sunstein,white,male,5.65609820201283,7
Cassandra Clare,white,female,6.64443858946784,10
Cassandra Danz,white,female,3.52504480703685,3
Cassandra Giovanni,white,female,4.0899051114394,10
Cassandra Kemper,white,female,3.02530586526477,4
Cassandra King,white,female,4.85125834871908,2
Cassandra Wilson Run the Voodoo Down,black,female,2.897627,1
Cassie Beasley,white,female,4.74973631556906,4
Castiel,white,male,6.668385917,5
Casting Crowns,white,male,6.16731733474818,2
Cat Clarke,white,female,4.62838893005031,9
Cat Deeley,white,female,5.54530711646582,3
Cat Patrick,white,female,4.68124123737559,2
Cat Winters,white,female,4.240549248,8
Cate Blanchett,white,female,6.78461729263288,10
Cate Tiernan,white,female,4.76192783842053,7
Caterina Murino,white,female,5.41995574848976,2
Cath Crowley,white,female,5.05690485133647,10
Catharina Ingelman-Sundberg,white,female,5.07188200730613,2
Catharine A. MacKinnon,white,female,4.918030337,2
Catharine Maria Sedgwick,white,female,4.76267856372744,3
Catharine Marshall,white,female,3.58658730467176,4
Catherine Aird,white,female,4.91960102378411,6
Catherine Anderson,white,female,5.542825427,6
Catherine B. Roy,white,female,4.04921802267018,3
Catherine Carrigan,white,female,4.50514997831991,10
Catherine Chung,asian,female,4.830589,1
Catherine Cookson,white,female,5.64738297,4
Catherine Coulter,white,female,5.41497334797082,4
Catherine DePasquale,white,female,3.55266821611219,3
Catherine Deneuve,white,female,6.475671188,10
Catherine Doyle,white,female,5.92116605063774,7
Catherine Drinker Bowen,white,female,4.76863810124761,3
Catherine Fisher,white,female,5.58092497567562,6
Catherine Gilbert Murdock,white,female,4.78958071216443,4
Catherine Helen Spence,white,female,4.591064607,2
Catherine Jane Fisher,white,female,3.70243053644553,7
Catherine Johnson,black,female,5.653213,1
Catherine Jones Payne,white,female,3.82994669594164,6
Catherine Lacey,white,female,5.10037054511756,10
Catherine Louise Birmingham,white,female,3.38381536598043,10
Catherine Lowell,white,female,4.20411998265593,7
Catherine Marshall,white,female,5.34830486304816,4
Catherine McKenzie,black,female,4.838849,1
Catherine Opie,white,female,4.98317507203781,2
Catherine Ponder,white,female,4.77815125038364,4
Catherine Robinson-Walker,white,female,3.45788189673399,3
Catherine Ryan Hyde,white,female,5.4345689040342,5
Catherine Sanderson,white,female,4.91328390176042,3
Catherine Stine,white,female,4.3096301674259,1
Catherine Townsend-Lyon,white,female,3.56584781867352,2
Catherine Zeta-Jones,white,female,6.579783597,3
Catherine of Siena,white,female,6.19589965240923,7
Catherine the Great,white,female,6.3324384599156,10
Cathie Linz,white,female,4.69635638873333,2
Cathleen Falsani,white,female,4.46239799789896,4
Cathleen Schine,white,female,5.56584781867352,3
Cathryn Fox,white,female,4.641474111,2
Cathy Better,white,female,3.61172330800734,1
Cathy Bramley,white,female,5.46239799789896,2
Cathy Burnham Martin,white,female,3.98855895687862,10
Cathy Guisewite,white,female,5.38021124171161,4
Cathy Hopkins,white,female,5.44090908206522,5
Cathy Linh Che,asian,female,4.654177,1
Cathy McMorris Rodgers,white,female,5.42813479402879,2
Catie Marron,white,female,3.92634244662566,3
Catissa Chapman,black,female,2.575188,1
Cato the Elder,white,male,5.00432137378264,2
Catrice M. Jackson,black,female,3.892094603,10
Catullus,white,male,5.930439595,5
Cavett Robert,white,male,4.55630250076729,2
Cayla Kluver,white,female,4.37106786227174,3
Cecelia Ahern,white,female,6.45331834004704,10
Cecelia Ahern Ahern,white,female,3.19312459835446,3
Cecibel Contreras,latino,female,3.56584781867352,4
Cecil B. DeMille,white,male,6.49692964807322,3
Cecil Beaton,white,male,5.93094903116752,2
Cecil Brown,black,male,5.049218,1
Cecil Day-Lewis,white,male,4.78247262416629,4
Cecil Rhodes,white,male,5.68930885912362,4
Cecil Taylor,black,male,5.546543,1
Cecil Woodham-Smith,white,female,4.75663610824585,2
Cecilia Dart-Thornton,white,female,4.55266821611219,3
Cecilia Llompart,latino,female,3.66745295288995,10
Cecilia Ruiz,latino,female,5.862131,1
Cecilia Yeung,asian,female,4.85309,1
Cecily White,white,female,3.87157293554588,6
Cecily von Ziegesar,white,female,5.83505610172012,9
Cedric J. Robinson,black,male,5.033424,1
Cedric Namedi Mathuthe,black,male,0.30103,1
Cee Cee H. Caldwell-Miller,black,female,3.004321,1
CeeLo Green,black,male,6.11727129565576,7
Cees Nooteboom,white,male,5.78318869107526,3
Celeste Bradley,white,female,4.32633586092875,2
Celeste Lim,asian,female,4.611723,1
Celeste Ng,asian,female,5.65224634100332,3
Celia Cruz,latino,female,6.50515,1
Celia Hammond,white,female,5.178976947,2
Celine Dion,white,female,7.14612803567824,10
Celine Kiernan,white,female,4.63548374681491,2
Cervantes,white,male,7.836956737,8
Cesar Gealogo,asian,male,3.1959,1
Cesar Millan,latino,male,6.31175386105575,4
Cesar Milstein,white,male,4.86923171973098,2
Cesar Nascimento,latino,male,5.49415459401844,2
Cesar Pelli,latino,male,5.47856649559384,2
Cesar Romero,latino,male,5.977724,1
Cesare Pavese,white,male,6.4814426285023,9
Cessza Gumede,black,female,0.845098,1
Chad Hofmann,white,male,4.13353890837022,2
Chad Hurley,white,male,5.23299611039215,5
Chad Michael Murray,white,male,6.1846914308176,2
Chad Sugg,white,male,4.75281643118827,6
Chad White,white,male,6.9903388547876,7
Chai Jing,asian,male,6.100371,1
Chaim Potok,white,male,5.59328606702046,10
Chairil Anwar,asian,male,6.09691,1
Chaitanya,asian,male,7.42488163663107,2
Chaitanya Charan Das,asian,male,4.750508,3
Chaka Khan,black,female,6.55266821611219,2
Chan Siok Fong,asian,female,2.957128,1
Chanakya,asian,male,7.11058971029925,10
Chance The Rapper,black,male,6.62634,2
Chanda Kaushik,asian,female,3.915399835,3
Chanda Kochhar,asian,female,4.996512,1
Chandan Sharma,asian,male,6.15836249209525,10
Chandana Roy,asian,female,5.720986,1
Chandler Parsons,white,male,5.23299611039215,3
Chandni Maurya,asian,female,4.31386722036915,2
Chandra Sekhar,asian,male,6.660865,2
Chandra Talpade Mohanty,asian,female,5.037426,1
Chandrakant Kaluram Mhatre,asian,male,3.06445798922692,3
Chandrakanth Natekar,asian,male,2.757396,1
Chandrasekharendra Saraswati,asian,male,4.892095,1
Chandrashekar,asian,male,6.549003,2
Chandu Mukesh,asian,male,3.69897,1
Chang Ta-chun,asian,male,3.725095,1
Chang-Rae Lee,asian,male,5.604226,10
Channing Pollock,white,male,4.91907809237607,10
Channing Tatum,white,male,6.68394713075151,3
Chantal Halpin,white,female,2.67024585307412,2
Chantelle Shaw,black,female,5.440909,1
Chao-Ming Wu,asian,male,3.698101,1
Charanjit Singh Mannu,asian,male,2.783904,1
Charice Pempengco,asian,male,5.39794,1
Charlaine Harris,white,female,6.37839790094814,10
Charlemagne,white,male,7.04532297878666,2
Charlene Li,asian,female,4.868644,1
Charles A. Beard,white,male,5.20411998265593,2
Charles A. Brown II,black,male,3.672098,1
Charles A. Lindbergh,white,male,5.29446622616159,3
Charles B. Rangel,black,male,5.14612803567824,10
Charles Babbage,white,male,5.94743372188705,6
Charles Barkley,black,male,6.71933128698373,8
Charles Bass,white,male,4.79169064902012,7
Charles Baudelaire,white,male,6.42488163663107,10
Charles Baxter,white,male,5.08278537,9
Charles Bernheimer,white,male,4.22788670461367,2
Charles Bowden,white,male,4.78675142214556,3
Charles Bracelen Flood,white,male,4.43296929087441,2
Charles Bradlaugh,white,male,5.240549248,3
Charles Brenton Huggins,white,male,3.98855895687862,2
Charles Bukowski,white,male,6.53019969820308,10
Charles Buxton,white,male,4.92788341033071,8
Charles C. Grevvile,white,male,2.88649072517248,2
Charles C. Mann,white,male,5.6232492903979,2
Charles C. Noble,white,male,4.149219113,1
Charles Caleb Colton,white,male,5.25767857486918,10
Charles Dance,white,male,6.04921802267018,2
Charles Darwin,white,male,7.05690485133647,10
Charles Du Bos,white,male,4.73239375982297,2
Charles Dudley Warner,white,male,5.57518784492766,9
Charles Duhigg,white,male,6.58092497567562,10
Charles Eames,white,male,6.2718416065365,9
Charles Eisenstein,white,male,5.06818586174616,7
Charles Emmerson,white,male,4.45939248775923,5
Charles Evans Hughes,white,male,5.47129171105894,6
Charles Evers,black,male,4.472756,1
Charles F. Deems,white,male,3.84010609445676,3
Charles F. Glassman,white,male,4.58994960132571,10
Charles F. Kettering,white,male,5.21218760440396,9
Charles F. Stanley,white,male,7.20411998265593,4
Charles Fishman,white,male,4.6232492903979,5
Charles Fort,white,male,5.34044411484012,2
Charles Fourier,white,male,5.44404479591808,2
Charles Frohman,white,male,4.73719264270474,2
Charles G. Finney,white,male,5.39967372148104,3
Charles Grodin,white,male,5.45024910831936,2
Charles Haddon Spurgeon,white,male,6.01703333929878,10
Charles Hayes,black,male,5.19312459835446,3
Charles Horton Cooley,white,male,5.22530928172586,9
Charles Inglis,white,male,4.71096311899528,3
Charles J. Givens,white,male,4.42975228000241,2
Charles J. Ingersoll,white,male,3.95568775031351,6
Charles J. Sykes,white,male,4.46389298898591,3
Charles Jackson,black,male,6.164353,1
Charles Jencks,white,male,5.485721426,2
Charles Kennedy,white,male,5.3324384599156,8
Charles Kettering,white,male,5.01283722470517,10
Charles Kingsley,white,male,5.610660163,9
Charles Kuralt,white,male,5.7419390777292,10
Charles L. Whitfield,white,male,4.87098881376058,2
Charles Lamb,white,male,5.73239375982297,10
Charles Lutwidge Dodgson,white,male,5.63848925695464,1
Charles M. Blow,black,male,4.95036485437612,7
Charles M. Schulz,white,male,6.74036268949424,10
Charles M. Schwab,white,male,5.78461729263288,7
Charles M. Sheldon,white,male,5.03342375548695,2
Charles Mackay,white,male,5.178976947,2
Charles Manson,white,male,6.3747483460101,6
Charles Martin,white,male,6.22530928172586,4
Charles Maurice De Talleyrand,white,male,5.79379038469082,5
Charles Maurice de Talleyrand-Périgord,white,male,5.52891670027766,5
Charles McCarry,white,male,4.85853719756964,2
Charles Mingus,black,male,6.22010808804005,2
Charles Montesquieu,white,male,4.95904139232109,6
Charles Morgan,white,male,5.64048143697042,3
Charles Murray,white,male,5.61804809671209,6
Charles Nodier,white,male,5.71432975974523,5
Charles Olson,white,male,5.19033169817029,3
Charles Peguy,white,male,5.84695532501982,9
Charles Phillips,black,male,5.539076,1
Charles Portis,white,male,5.05690485133647,7
Charles Robert Maturin,white,male,5.17318626841227,2
Charles Sanders Peirce,white,male,5.93348728784871,2
Charles Schwab,white,male,6.62117628177504,3
Charles Sheehan-Miles,white,male,4.20951501454263,4
Charles Simic,white,male,5.15228834438306,10
Charles Spurgeon,white,male,6.38560627359831,10
Charles Stanley,white,male,6.85125834871908,10
Charles Stross,white,male,5.7930916,10
Charles Sumner,white,male,5.56229286445647,3
Charles Swindoll,white,male,5.25767857486918,3
Charles T. Munger,white,male,5.67942789661212,3
Charles Taylor,black,male,6.35024801833416,3
Charles V,white,male,6.54032947479087,3
Charles W. Chesnutt,black,male,5.30963,1
Charles W. Colson,white,male,5.02118929906994,4
Charles W. Eliot,white,male,5.50379068305718,5
Charles W. Pickering,white,male,4.17318626841227,2
Charles William Eliot,white,male,5.120573931,2
Charles Williams,black,male,6.12710479836481,4
Charles Wright,black,male,5.98811284026835,4
Charles Yost,white,male,4.698100546,2
Charles Yu,asian,male,5.22271647114758,7
Charles de Gaulle,white,male,7.54032947479087,10
Charles de Leusse,white,male,4.54777470538782,10
Charles de Lint,white,male,5.45024910831936,10
Charles de Montesquieu,white,male,5.79098847508882,8
Charles de Secondat,white,male,5.411619706,9
Charles-Augustin Sainte-Beuve,white,male,5.44090908206522,4
Charleszetta Waddles,black,female,3.608526,1
Charley Pride,black,male,5.692846919,6
Charley Reese,white,male,4.15533603746506,2
"Charlie ""Tremendous"" Jones",white,male,4.07554696139253,2
Charlie Brooker,white,male,5.54157924394658,4
Charlie Byrd,white,male,5.40312052117582,2
Charlie Chan,asian,male,5.877947,1
Charlie Chaplin,white,male,6.93196611472817,10
Charlie Close,white,male,4.64738297,2
Charlie Cox,white,male,6.30749603791321,2
Charlie Fletcher,white,male,4.96754797621886,3
Charlie Gonzalez,latino,male,4.999565,1
Charlie Haden,white,male,5.65224634100332,2
Charlie Higson,white,male,5.19589965240923,4
Charlie Hunnam,white,male,6.49276038902684,3
Charlie Jane Anders,white,female,5.63245729218472,10
Charlie Kaufman,white,male,5.57749179983723,7
Charlie Kimball,white,male,4.57749179983723,2
Charlie Munger,white,male,6.65224634100332,4
Charlie Parker,black,male,6.51587384371168,3
Charlie Rose,white,male,6.24551266781415,2
Charlie Sheen,latino,male,6.73399928653839,6
Charlie Sifford,black,male,4.955207,1
Charlie Trotter,white,male,4.99166900737995,2
Charlize Theron,white,female,6.84571801796666,3
Charlotte Beers,white,female,4.17609125905568,2
Charlotte Brontë,white,female,6.56229286445647,9
Charlotte Bunch,white,female,4.34830486304816,4
Charlotte Cushman,white,female,4.59328606702046,3
Charlotte Dujardin,white,female,5.64345267648619,4
Charlotte Eriksson,white,female,4.74507479158206,10
Charlotte Featherstone,white,female,4.43296929087441,4
Charlotte Huang,asian,female,4.69196510276736,2
Charlotte Joko Beck,white,female,4.85308952985187,4
Charlotte Lamb,white,female,4.85913829729453,3
Charlotte M. Mason,white,female,4.59659709562646,3
Charlotte McKinney,white,female,6.11727129565576,2
Charlotte Mew,white,female,4.57403126772772,4
Charlotte P. Gilman,white,female,4.025305865,5
Charlotte Pearson,white,female,4.8992731873176,3
Charlotte Perkins Gilman,white,female,6.29666519026153,10
Charlotte Rogan,white,female,5.53019969820308,2
Charlotte Shane,white,female,4.37657695705651,2
Charlotte Stein,white,female,4.73719264270474,4
Charlotte Whitton,white,female,4.88138465677057,7
Charlton Heston,white,male,6.35793484700045,6
Charlton Ogburn,white,male,4.274157849,2
Charmaine J Forde,black,female,4.6570558528571,10
Charmian Hussey,white,female,3.70329137811866,2
Charo,latino,female,7.060698,1
Chasidy Merlos,latino,female,2.579784,1
Chatchawan Tangtrongpanich,asian,male,3.209515,1
Chauncey Depew,white,male,4.69722934275972,3
Chayada Welljaipet,asian,female,3.257679,1
Chaz Bono,white,male,5.2148438480477,3
Ched Myers,white,male,4.18184358794477,2
Cheech Marin,latino,male,5.678518,1
Chef Edward Lee,asian,male,4.750508,1
Cheikh Anta Diop,black,male,6.644439,1
Chelsea Cain,white,female,4.969881644,6
Chelsea Clinton,white,female,5.79169064902012,7
Chelsea Handler,white,female,6.15228834438306,10
Chelsea Pitcher,white,female,4.66464197555613,3
Chelsea Sedoti,white,female,4.610660163,4
Chelsie Shakespeare,white,female,3.10380372095596,3
Chelsie Shock,white,female,2.53019969820308,2
Chen Guangbiao,asian,male,4.320146,1
Chen Guangcheng,asian,male,5.045323,1
Chen Shui-bian,asian,male,5.19033169817029,2
Cher,white,female,8.39794000867204,9
Cher Lloyd,white,female,5.75358305889291,3
Cher Wang,asian,female,4.409933,1
Cherie Blair,white,female,5.27646180417324,2
Cherie Carter-Scott,white,female,4.78247262416629,2
Cherie Colyer,white,female,3.83442070368153,8
Cherie Priest,white,female,4.92839585225671,6
Cherise Sinclair,white,female,4.7041505168398,10
Cherrie Moraga,latino,female,4.857935,1
Cherríe L. Moraga,latino,female,3.963316,1
Cheryl A. Bachelder,white,female,3.6954816764902,4
Cheryl Aguiar,latino,female,4.209515,1
Cheryl Burke,asian,female,5.498311,1
Cheryl Cole,white,female,6.14612803567824,4
Cheryl Hamada,asian,female,3.89042101880091,3
Cheryl Hayashi,asian,female,3.926342,1
Cheryl Hines,white,female,5.81491318127507,2
Cheryl Hughes,white,female,5.40654018043396,1
Cheryl James,black,female,5.16435285578444,3
Cheryl Koevoet,white,female,3.46686762035411,3
Cheryl L. Ilov,white,female,2.67117284271508,5
Cheryl Lacey Donovan,black,female,4.004321,1
Cheryl Ladd,white,female,5.73719264270474,2
Cheryl Rainfield,white,female,4.44715803134222,7
Cheryl Richardson,white,female,5.30102999566398,2
Cheryl Tiegs,white,female,5.72098574415374,2
Chesley Sullenberger,white,male,5.15836249209525,5
Chester A. Arthur,white,male,5.29666519026153,4
Chester Bennington,white,male,6.32014628611105,4
Chester Elijah Branch,black,male,2.85793526471943,2
Chester Himes,black,male,5.127105,1
Chester W. Nimitz,white,male,5.49136169383427,3
Chesty Puller,white,male,5.10720996964787,2
Chet Atkins,white,male,6.14301480025409,2
Chetan Bhagat,asian,male,5.99166900737995,10
Chetan M. Kumbhar,asian,male,2.74115159885178,3
Chetan katigar,asian,male,4.811575,1
Chevy Chase,white,male,6.91487181754005,8
Chey Tae-won,asian,male,5.227887,1
Chiang Kai-shek,asian,male,6.76267856372744,7
Chica Umino,asian,female,5.143015,1
Chick Corea,white,male,6.33041377334919,3
Chico Xavier,white,male,6.38201704257487,8
Chidi Prosper Agbugba,black,male,1.92427928606188,4
Chidiebere Prosper Agbugba,black,male,1.94939000664491,10
Chief Justice Moalusi Tlotlo,black,male,0.698970004336019,2
Chief-Icons Rashid Bawah,black,male,1,1
Chieko N. Okazaki,asian,female,4.14301480025409,3
Chiemezie Anyaeji,black,male,3.123852,1
Chigozie Obioma,black,male,5.46239799789896,3
Chimamanda Ngozi Adichie,black,female,6.74663419893758,9
Chimimanda Ngozi Adichie,black,female,6.730782,1
Chin-Ning Chu,asian,female,4.75358305889291,2
China Miéville,white,male,5.66464197555613,10
Chinedum Azuh,black,male,4.123852,1
Chinelo Okparanta,black,female,4.84757265914211,5
Chinonye J. Chidolue,black,female,4.14612803567824,10
Chintan Jain,asian,male,4.720159,3
Chinua Achebe,black,male,6.51982799377572,10
Chip Conley,white,male,4.9216864754836,5
Chip Ingram,white,male,5.01703333929878,5
Chip Kidd,white,male,5.12385164096709,4
Chirag Tulsiani,asian,male,3.38381536598043,3
Chiranjit Paul,asian,male,4.84260923961056,5
Chita Rivera,latino,female,5.401401,1
Chitose Yagami,asian,female,4.120574,1
Chitra Banerjee Divakaruni,asian,female,5.69019608002851,10
Chitra Nava,asian,female,1.653213,1
Chitralekha Paul,asian,female,3.750508,1
Chiyo Ni,asian,female,4.49693,1
Chloe Blaque,black,female,3.06818586174616,3
Chloe Huang,asian,female,5.28780172993023,2
Chloe M. Gooden,black,female,3.777427,1
Chloe Neill,white,female,4.96425963019685,10
Chloe Thurlow,white,female,5.07188200730613,10
Choa Kok Sui,asian,male,5.62117628177504,9
Chogyam Trungpa Rinpoche,asian,male,5.079181,1
Choi,asian,male,8.176091,1
Chou En-lai,asian,male,5.414973,1
Chow Yun-Fat,asian,male,5.946452,1
Chris Abani,black,male,5.32837960343874,2
Chris Baty,white,male,4.29003461136252,2
Chris Bradford,white,male,5.411619706,10
Chris Brady,white,male,5.20411998265593,3
Chris Brown,black,male,7.51587384371168,8
Chris Burkmenn,white,male,3.82672252016899,10
Chris C. Nwakanma,black,male,2.324282,1
Chris Campanioni,latino,male,4.10380372095596,10
Chris Cannon,white,male,6.0899051114394,3
Chris Carter,white,male,6.31597034545692,2
Chris Chocola,white,male,4.46982201597816,2
Chris Cleave,white,male,5.20139712432045,10
Chris Colfer,white,male,5.74973631556906,10
Chris Coppernoll,white,male,3.98944981766669,4
Chris Crutcher,white,male,4.66086547800387,6
Chris Daughtry,white,male,5.32837960343874,2
Chris Dietzel,white,male,4.29666519026153,2
Chris E. Martinez,latino,male,3.552668,1
Chris Evans,white,male,7.06818586174616,6
Chris Evert,white,female,5.86746748785905,5
Chris Fabry,white,male,4.78103693862113,5
Chris Fussell,white,male,4.68574173860226,2
Chris Gardner,black,male,5.755112,2
Chris Geiger,white,male,4.84633711212981,5
Chris Gibson,white,male,5.58658730467176,5
Chris Greenhalgh,white,male,4.79726754083072,1
Chris Guillebeau,white,male,5.3096301674259,3
Chris Hadfield,white,male,5.67851837904011,8
Chris Hardwick,white,male,5.51719589794997,2
Chris Hayes,white,male,6.21748394421391,4
Chris Hedges,white,male,5.87040390527903,10
Chris Hemsworth,white,male,6.91434315711944,4
Chris Hodges,white,male,5.25767857486918,4
Chris Howard,black,male,5.58883172559421,7
Chris I. Naylor,white,male,2.68394713075151,2
Chris Kattan,white,male,5.37839790094814,2
Chris Klein,white,male,5.52113808370404,2
Chris Kraus,white,male,5.19312459835446,10
Chris Kuhn,white,male,5.17026171539496,3
Chris Marker,white,male,5.52504480703685,2
Chris Marlow,white,male,4.95375969173323,3
Chris Martin,white,male,6.906873535,8
Chris Martinez,latino,male,6.093422,1
Chris Matakas,white,male,4.120573931,10
Chris Matthews,white,male,5.87215627274829,10
Chris Mc Geown,white,male,3.61909333062674,4
Chris Medina,latino,male,5.133539,1
Chris Michaels,white,male,4.93196611472817,2
Chris Murray,white,male,5.70243053644553,10
Chris Noth,white,male,5.76042248342321,2
Chris O'Donnell,white,male,5.98272338766855,2
Chris Patten,white,male,5.19033169817029,2
Chris Paul,black,male,6.761928,1
Chris Pavesic,white,male,4.04532297878666,5
Chris Pavone,white,male,4.82607480270083,2
Chris Penningroth,white,male,2.51982799377572,4
Chris Pine,white,male,6.53529412004277,10
Chris Prentiss,white,male,4.9670797341445,10
Chris Rock,black,male,6.64640372622307,10
Chris Salamone,white,male,4.22788670461367,10
Chris Squire,white,male,5.60097289568675,2
Chris Stapleton,white,male,6.75281643118827,3
Chris Thrall,white,male,4.65224634100332,3
Chris Tomlin,white,male,6.38201704257487,2
Chris Tucker,black,male,6.352183,1
Chris Van Allsburg,white,male,5.485721426,2
Chris Vonada,white,male,3.30319605742049,8
Chris Weitz,white,male,5.37291200297011,2
Chris Womersley,white,male,4.52891670027766,6
Chris Wooding,white,male,5.57634135020579,3
Chris Young,white,male,6.50514997831991,3
Chris d'Lacey,white,male,5.04139268515823,5
Chrissie Hynde,white,female,5.83632411570675,2
Chrissy Metz,white,female,5.61489721603314,3
Chrissy Teigen,asian,female,6.42488163663107,7
Christa Allan,white,female,4.18752072083646,4
Christa Wolf,white,female,5.53781909507327,3
Christena Cleveland,black,female,4.56348108539441,2
Christiaan Barnard,white,male,5.6730209071289,3
Christian Bale,white,male,6.80277372529198,5
Christian Bauman,white,male,4.178976947,5
Christian Bobin,white,male,5.5327543789925,3
Christian Bovee,white,male,3.84010609445676,9
Christian Cameron,white,male,4.9106244048892,2
Christian D. Lopez,latino,male,3.796574,1
Christian Dior,white,male,7.64345267648619,7
Christian Lacroix,white,male,6.71767050300226,3
Christian Lander,white,male,4.55022835305509,3
Christian Lous Lange,white,male,4.43775056282039,5
Christian Michael,white,male,5.61172330800734,8
Christian Morgenstern,white,male,5.51054501020661,4
Christian Nestell Bovee,white,male,4.78031731214015,9
Christian O. Ortiz,latino,male,3.3747483460101,5
Christian Serratos,latino,female,5.517196,1
Christian Slater,white,male,6.274157849,2
Christian de Duve,white,male,5.04532297878666,3
Christian de Portzamparc,white,male,5.45636603312904,2
Christie Brinkley,white,female,5.92737036303902,10
Christie Golden,white,female,5.49415459401844,3
Christie Hefner,white,female,4.84571801796666,6
Christie Watson,white,female,4.698100546,5
Christina Applegate,white,female,6.33645973384853,2
Christina Baker Kline,white,female,5.88986172125819,10
Christina Baldwin,white,female,4.68841982200271,9
Christina Dodd,white,female,5.13672056715641,10
Christina Escamilla,latino,female,4.155336,1
Christina Greer,black,female,4.959041,1
Christina Grimmie,white,female,5.4345689040342,2
Christina Henriquez,latino,female,3.97818051693741,2
Christina Henry,white,female,5.37839790094814,2
Christina Hoff Sommers,white,female,5.03342375548695,3
Christina Lauren,white,female,5.97726621242729,10
Christina Lockett,black,female,4.283301,1
Christina Marie Morales,latino,female,3.834421,1
Christina Milian,latino,female,6.19312459835446,10
Christina Perri,white,female,7.053078443,6
Christina Rasmussen,white,female,4.98317507203781,3
Christina Rossetti,white,female,5.683047038,10
Christina Scalise,white,female,4.06445798922692,2
Christina Stead,white,female,4.91907809237607,3
Christina Tetreault,white,female,4.53147891704226,2
Christina Westover,white,female,4.19033169817029,10
Christine Amsden,white,female,4.07554696139253,5
Christine Baranski,white,female,6.17026171539496,2
Christine Brodien-Jones,white,female,3.51719589794997,3
Christine Caine,white,female,5.55509444857832,6
Christine Gregoire,white,female,4.63548374681491,4
Christine Heppermann,white,female,4.21748394421391,3
Christine Keeler,white,female,5.17609125905568,3
Christine Lagarde,white,female,6.31175386105575,2
Christine Lahti,white,female,5.17318626841227,2
Christine M. Knight,white,female,4.19865708695442,3
Christine McVie,white,female,5.6570558528571,2
Christine Pelosi,white,female,4.96848294855393,3
Christine Quinn,white,female,5.485721426,3
Christine Tsai,asian,female,4.88649072517248,2
Christine Warren,white,female,4.959518376973,10
Christine Zolendz,white,female,4.13033376849501,3
Christine de Pizan,white,female,5.881954971,10
Christoph Waltz,white,male,6.31597034545692,2
Christopher Barzak,white,male,4.63144376901317,7
Christopher Bollen,white,male,4.64640372622307,10
Christopher Bram,white,male,4.46089784275655,10
Christopher Brookmyre,white,male,5.22271647114758,2
Christopher Buckley,white,male,5.16136800223498,5
Christopher Buehlman,white,male,5.93449845124357,8
Christopher Columbus,white,male,6.85064623518307,6
Christopher Darden,black,male,4.64738297,2
Christopher Dines,white,male,3.93247376467715,5
Christopher Dodd,white,male,4.96661098668193,3
Christopher Dutton,white,male,4.51719589794997,3
Christopher Farnsworth,white,male,4.5092025223311,4
Christopher Fowler,white,male,5.19865708695442,6
Christopher Fry,white,male,4.97081161087252,5
Christopher Gadsden,white,male,4.79169064902012,2
Christopher Golden,white,male,5.65321251377534,2
Christopher Guest,white,male,5.85491302230786,3
Christopher Hampton,white,male,5.48429983934679,2
Christopher Harris,black,male,5.595496,1
Christopher Hayes,white,male,5.30102999566398,2
Christopher Healy,white,male,5.07554696139253,7
Christopher Henry Dawson,white,male,3.49136169383427,5
Christopher Herz,white,male,3.84509804001426,2
Christopher Heuertz,white,male,3.65513843481138,2
Christopher Hill,white,male,5.8767949762007,2
Christopher Huh,asian,male,3.382017,1
Christopher Isherwood,white,male,5.54777470538782,10
Christopher John Farley,black,male,4.447158,1
Christopher Kelly,white,female,5.94448267215017,2
Christopher Kennedy Lawford,white,male,4.52374646681156,2
Christopher L. Bennett,white,male,5.0899051114394,2
Christopher Langan,white,male,4.56584781867352,3
Christopher Lasch,white,male,5.46089784275655,10
Christopher Lee,white,male,6.68214507637383,5
Christopher Logue,white,male,4.49692964807322,2
Christopher Marlowe,white,male,5.84633711212981,10
Christopher McCandless,white,male,5.19865708695442,6
Christopher McDougall,white,male,5.18752072083646,10
Christopher Moore,white,male,5.80002935924413,10
Christopher Morley,white,male,5.28103336724773,10
Christopher Morris,white,male,5.564666064,2
Christopher Nolan,white,male,6.95712819767681,9
Christopher Paolini,white,male,6.20139712432045,10
Christopher Paul Curtis,black,male,5.481443,1
Christopher Penczak,white,male,5.26007138798508,2
Christopher Pike,white,male,5.64246452024212,10
Christopher Plummer,white,male,6.24551266781415,2
Christopher Reeve,white,male,6.39794000867204,10
Christopher S. Hyatt,white,male,4.63042787502502,2
Christopher Smart,white,male,4.86093662070009,2
Christopher Soto,latino,male,5.296665,1
Christopher Taylor,black,male,6.187521,1
Christopher Wren,white,male,6.09691001300806,2
Christos Tsiolkas,white,male,5.29446622616159,7
Christy Birmingham,white,female,4.00860017176192,2
Christy Mathewson,white,male,5.880241776,3
Christy Pastore,white,female,4.2380461031288,5
Christy Turlington,white,female,6.04139268515823,10
Chrystia Freeland,white,female,6.17026171539496,3
Chuang-tzu,asian,male,5.99475694458763,4
Chuck Berry,black,male,6.7979596437372,7
Chuck Black,white,male,5.591064607,6
Chuck Close,white,male,5.44870632,4
Chuck D,black,male,6.00432137378264,2
Chuck Grassley,white,male,5.72591163229505,4
Chuck Jones,white,male,6.06818586174616,4
Chuck Klosterman,white,male,5.34242268082221,10
Chuck Lorre,white,male,5.7930916,4
Chuck Noll,white,male,5.17609125905568,7
Chuck Norris,white,male,7.35218251811136,10
Chuck Palahniuk,white,male,6.10380372095596,10
Chuck Schumer,white,male,6.58994960132571,4
Chuck Tanner,white,male,4.84571801796666,2
Chuck Wendig,white,male,5.76042248342321,10
Chuck Yeager,white,male,5.56820172406699,3
Chudney Thomas,black,female,3.04921802267018,5
Chung Mong-joon,asian,male,4.66370092538965,3
Chögyam Trungpa,asian,male,5.6570558528571,2
Cian Beirdd,white,male,2.52374646681157,3
Ciara,black,female,7.58771096501891,5
Cicely Tyson,black,female,5.55750720190566,3
Cicero,latino,male,7.46834733041216,10
Cierra Ramirez,latino,female,5.478566,1
Cikgu Syadida Zakaria,asian,female,0.60206,1
Cilla Black,white,female,5.6570558528571,3
Cinda Williams Chima,white,female,4.90525604874845,10
Cindee Snider Re,white,female,3.542825427,3
Cindi Lee,asian,female,4.914872,1
Cindy Ann Peterson,white,female,3.94497590841205,10
Cindy C. Bennett,white,female,4.04921802267018,2
Cindy Crawford,white,female,6.77378644498119,5
Cindy Margolis,white,female,5.54406804435028,3
Cindy Pon,asian,female,5.544068,1
Cindy Sheehan,white,female,5.23299611039215,3
Cindy Skaggs,white,female,4.36921585741014,6
Cindy Woodsmall,white,female,5.64640372622307,3
Ciputra,asian,male,6.74663419893758,2
Cisneros Sandra,latino,female,5.376577,1
Cissy Houston,black,female,5.367356,1
Cixin Liu,asian,male,5.656098,2
Claes Oldenburg,white,male,6.33445375115093,2
Claire Betita de Guzman,asian,female,3.981819,2
Claire Contreras,latino,female,5.041393,2
Claire Cook,white,female,5.03742649794062,10
Claire Danes,white,female,6.46982201597816,8
Claire Fuller,white,female,5.61172330800734,2
Claire Hennessy,white,female,4.7930916,3
Claire LaZebnik,white,female,4.93399316383124,4
Claire M. Banschbach,white,female,3.22788670461367,7
Claire North,white,female,5.38021124171161,10
Claire Tomalin,white,female,5.50514997831991,8
Clara Barton,white,female,5.915399835,7
Clara Chow,asian,female,5.36172783601759,3
Clara Kensie,white,female,3.75511226639507,4
Clara McBride Hale,black,female,3.45024910831936,2
Clara Schumann,white,female,6.00860017176192,5
Clara Winter,white,female,4.81424759573192,4
Clara Zetkin,white,female,6.29666519026153,4
Clare B. Dunkle,white,female,4.46686762035411,3
Clare Balding,white,female,5.641474111,4
Clare Boothe Luce,white,female,5.34635297445064,10
Clare De Graaf,white,female,4.16731733474818,4
Clare Vanderpool,white,female,5.55870857053317,5
Clarence Budington Kelland,white,male,4.84073323461181,2
Clarence Clemons,black,male,5.51321760006794,4
Clarence Darrow,white,male,5.83442070368153,10
Clarence Day,white,male,4.7355989,8
Clarence Day Jr.,white,male,4.23552844690755,5
Clarence Hunter,black,male,4.578639,1
Clarence Jordan,white,male,4.65801139665711,3
Clarence S. Darrow,white,male,4.178976947,1
Clarence Thomas,black,male,6.164353,1
Clarice Lispector,white,female,6.39619934709574,10
Clark Gable,white,male,6.4345689040342,1
Clark H. Pinnock,white,male,4.579783597,2
Claude Adrien Helvetius,white,male,5.01283722470517,3
Claude Bernard,white,male,6.692846919,7
Claude Debussy,white,male,6.63447727016073,9
Claude Lévi-Strauss,white,male,6.26717172840301,6
Claude M. Bristol,white,male,4.96331551138611,2
Claude Monet,white,male,7.25042000230889,10
Claudia Azula Altucher,latino,female,4.450249,1
Claudia Gray,white,female,5.54406804435028,10
Claudia Pegus,black,female,4.390935,1
Claudia Rankine,black,female,5.22271647114758,5
Claudia Schiffer,white,female,6.3654879848909,2
Claudialyn Rodriguez Cosentino,latino,female,1,1
Claudian,white,male,5.68841982200271,3
Claudio Encarnacion Montero,latino,male,3.57403126772772,3
Claudio Hummes,white,male,4.66745295288995,2
Claudio Magris,white,male,5.95230800966212,2
Claudius,white,male,7.01703333929878,2
Clay Aiken,white,male,5.3324384599156,6
Clay Shirky,white,male,5.40483371661994,10
Clayton Lessor MA,white,male,2.50514997831991,8
Clayton M. Christensen,white,male,6.00860017176192,8
Clemence Housman,white,female,4.68752896121463,3
Clemence Poesy,white,female,5.51321760006794,2
Clement Attlee,white,male,5.73239375982297,4
Clementine Holzinger,white,female,1.85733249643127,2
Clementine Paddleford,white,female,4.411619706,1
Cleveland Amory,white,male,4.63848925695464,6
Cliff Hannold,white,male,3.918030337,5
Cliff Richard,white,male,6.55990662503611,2
Clifford A. Pickover,white,male,5.26481782300954,3
Clifford D. Simak,white,male,5.82607480270083,7
Clifford Geertz,white,male,5.74350976472843,4
Clifford Odets,white,male,5.42975228000241,3
Clifford Stoll,white,male,4.65801139665711,4
Clifton Fadiman,white,male,5.23044892137827,10
Clifton L. West III,black,male,2.893207,1
Clint Borgen,white,male,3.778874472,2
Clint Eastwood,white,male,7.67851837904011,10
Clint Emerson,white,male,5.843232778,2
Clinton Kelly,white,male,4.93094903116752,2
Clipse,black,male,6.795185,1
Clive Anderson,white,male,5.06818586174616,2
Clive Barker,white,male,6.26481782300954,10
Clive Bell,white,male,5.04139268515823,4
Clive Blake,white,male,4.46538285144842,2
Clive Cussler,white,male,5.94001815500766,2
Clive James,white,male,5.35024801833416,10
Clive Ollies,white,male,3.4996870826184,2
Clive Owen,white,male,6.20139712432045,2
Clive Sinclair,white,male,4.89817648349768,2
Clotilde Martinez,latino,female,4.43933269383026,2
Cobi Jones,black,male,4.96661098668193,3
Cobie Smulders,white,female,6.09691001300806,2
Coco Chanel,white,female,7.19312459835446,10
Coco Lee,asian,female,5.88649072517248,3
Cody Edward Lee Miller,white,male,3.053078443,7
Cody McLain,white,male,4.45484486,5
Cokie Roberts,white,female,5.13672056715641,3
Colbie Caillat,white,female,6.53402610605614,4
Colby Buzzell,white,male,5.35218251811136,3
Cole Alpaugh,white,male,3.567026366,6
Cole Gibsen,white,male,4.26717172840301,2
Cole Ryan,white,male,5.70500795933334,4
Cole Swindell,white,male,5.84010609445676,5
Cole Younger,white,male,5.02118929906994,2
Coleen Kwan,asian,female,4.281033,1
Colette,white,female,7.61384182187607,10
Colin Angle,white,male,4.61384182187607,2
Colin Clark,white,male,5.58771096501891,3
Colin Cotterill,white,male,5.20411998265593,3
Colin Dickey,white,male,4.84447717574568,2
Colin Farrell,white,male,6.65417654187796,4
Colin Firth,white,male,6.50242711998443,4
Colin Kaepernick,black,male,6.26245109,5
Colin Meloy,white,male,5.46389298898591,2
Colin Powell,black,male,6.23299611039215,10
Colin Quinn,white,male,5.26245109,4
Colin R. Turner,white,male,4.03742649794062,2
Colin S. Smith,white,male,5.37839790094814,10
Colin Tegerdine,white,male,2.51719589794997,10
Colin Trevorrow,white,male,5.46239799789896,4
Colishia S. Benjamin,black,female,2.882525,1
Colleen Atwood,white,female,5.20139712432045,7
Colleen Bader,white,female,3.52504480703685,2
Colleen C. Barrett,white,female,3.72835378202123,2
Colleen Chen,asian,female,4.17609125905568,7
Colleen Coble,white,female,5.13672056715641,3
Colleen Ferrary Bader,white,female,3.17609125905568,10
Colleen Hanabusa,asian,female,4.394452,1
Colleen Hoover,white,female,6.89097959698969,9
Colleen Houck,white,female,5.60745502321467,10
Colleen J. McElroy,black,female,3.899821,1
Colleen McCullough,white,female,5.60097289568675,10
Colleen Patrick-Goudreau,white,female,4.83884909073726,5
Collen Hoover,white,female,6.89097959698969,2
Collette West,white,female,4.053078443,10
Colley Cibber,white,male,5.18752072083646,5
Colm Tóibín,white,male,6.40312052117582,6
Colman McCarthy,white,male,4.40654018043396,2
Colson Whitehead,black,male,6.38021124171161,10
Colum McCann,white,male,6.149219113,10
Compton Mackenzie,white,male,4.91907809237607,2
Comte de Lautréamont,white,male,5.21748394421391,6
Comtesse Diane,white,female,4.38201704257487,9
Conan O'Brien,white,male,7.00432137378264,9
Conchita Hernandez Hicks,latino,female,3.10721,1
Conchitina Cruz,latino,female,3.946943,1
Condoleezza Rice,black,female,6.19312459835446,10
Confucius,asian,male,7.01283722470517,10
Confucius possibly,asian,male,2.759668,1
Conn Iggulden,white,male,6.17026171539496,10
Connie Brockway,white,female,5.029383778,9
Connie Chung,asian,female,5.21218760440396,3
Connie Stevens,white,female,5.48995847942483,4
Connie Willis,white,female,5.35983548233989,9
Connilyn Cossette,white,female,4.98811284026835,3
Connor Franta,white,male,5.63245729218472,10
Conor Oberst,white,male,5.40823996531185,9
Conrad Black,white,male,5.37291200297011,2
Conrad Hilton,white,male,5.46239799789896,7
Constance Baker Motley,black,female,5.28780172993023,4
Constantin Brancusi,white,male,6.24303804868629,3
Constantin Stanislavski,white,male,5.5092025223311,3
Constantinos P. Cavafis,white,male,2.90091306773767,3
Conway Twitty,white,male,6.11058971029925,3
Coolio,black,male,6.83250891270624,1
Cora Carmack,white,female,5.60097289568675,10
Cora Coralina,white,female,6.42813479402879,2
Cora Pearl,white,female,5.13353890837022,2
Cora Reilly,white,female,5.54406804435028,3
Corazan Aquino,asian,female,2.761176,1
Corazon Aquino,asian,female,5.91698004732038,10
Cordelia Fine,white,female,4.77378644498119,3
Cordwainer Smith,white,male,5.06445798922692,5
Coretta Scott King,black,female,5.938019097,10
Corey Aaron Burkes,black,male,3.24797326636181,2
Corey Ann Haydu,white,female,4.76715586608218,10
Corey Feldman,white,male,6.29446622616159,4
Corey Hawkins,black,male,5.45788189673399,2
Corey Taylor,white,male,6.40312052117582,5
Corin Nemec,white,male,5.6570558528571,2
Corinne Bailey Rae,black,female,6.02118929906994,3
Corliss Lamont,white,male,4.6232492903979,4
Cormac McCarthy,white,male,6.3654879848909,10
Corneille,black,male,6.889862,3
Cornel West,black,male,5.87852179550121,10
Cornelia Funke,white,female,5.796574333,10
Corneliu Zelea Codreanu,white,male,5.42975228000241,2
Cornelius Mashilane,black,male,3.041393,1
Cornelius Van Til,white,male,5.49692964807322,2
Cornelius Vanderbilt,white,male,5.55870857053317,6
Cornell Thomas,black,male,4.824776,1
Corrie Ten Boom,white,female,5.73719264270474,10
Corrine Brown,black,female,4.754348,1
Cortney S. Warren,white,female,4.11394335230684,10
Cory Bernardi,white,male,4.86569606,3
Cory Booker,black,male,6.20411998265593,9
Cory Monteith,white,male,5.55509444857832,2
Cory R Lewis,black,male,3.287802,1
Costas Taktsis,white,male,4.03342375548695,3
Cotton Mather,white,male,5.41830129131975,3
Count Basie,black,male,6.469822,1
Countee Cullen,black,male,5.58771096501891,3
Courteney Cox,white,female,6.4814426285023,6
Courtney B. Vance,black,male,5.70927,1
Courtney C. Stevens,white,female,4.30749603791321,5
Courtney Cole,white,female,5.11058971029925,2
Courtney Giardina,white,female,3.58092497567562,9
Courtney Love,white,female,6.42488163663107,10
Courtney Maum,white,female,4.76937732607614,2
Courtney Milan,asian,female,4.97220283837906,10
Courtney Schafer,white,female,4.38381536598043,3
Courtney Summers,white,female,5.22271647114758,10
Courtney Thorne-Smith,white,female,5.49276038902684,3
Craig Benzine,white,male,4.47275644931721,4
Craig Bruce,white,male,5.17609125905568,4
Craig Charles,black,male,5.439333,2
Craig Claiborne,white,male,4.87737134586977,2
Craig D. Lounsbrough,white,male,4.8733206018154,10
Craig Davidson,white,male,5.03742649794062,2
Craig Ferguson,white,male,7.76492298464989,10
Craig Groeschel,white,male,6.13672056715641,10
Craig Hodges,black,male,4.995196,1
Craig Johnson,white,male,6.03742649794062,5
Craig Keen,white,male,4.30319605742049,2
Craig Lancaster,white,male,4.7041505168398,2
Craig M. Mullaney,white,male,3.85672889038288,2
Craig Martelle,white,male,4.97451169273733,2
Craig Mercier,white,male,3.62634036737504,4
Craig R. Key,white,male,3.59549622182557,4
Craig Raine,white,male,4.40312052117582,2
Craig Roberts,white,male,5.7419390777292,3
Craig Robinson,black,male,6.075547,1
Craig S. Keener,white,male,5.43296929087441,4
Craig Sager,white,male,4.7355989,7
Craig Silvey,white,male,5.53907609879278,2
Craig T. Nelson,white,male,5.58433122436753,2
Craig Thompson,white,male,5.64345267648619,10
Craig Venter,white,male,5.709269961,10
Cressida Cowell,white,female,5.68574173860226,7
Crina Popescu,white,female,4.73399928653839,2
Crissi Langwell,white,female,4.02118929906994,3
Cristela Alonzo,latino,female,5.674861,1
Cristian L. Martinez,latino,male,3.04139268515822,2
Cristiano Ronaldo,white,male,8.13987908640124,10
Cristin Milioti,white,female,6.19589965240923,2
Cristina García,latino,female,6.77378644498119,6
Cristina Henriquez,latino,female,5.26951294421792,3
Cristina Marrero,latino,female,4.53019969820308,7
Cristina Moracho,latino,female,4.1846914308176,2
Cristina Nehring,white,female,4.08278537,2
Cristina Saralegui,latino,female,5.139879,1
Crystal Evans,black,female,5.06445798922692,4
Crystal Kadakia,asian,female,4.03342375548695,2
Csaba Gabor-B,white,male,2.13672056715641,6
"Cuba Gooding, Jr.",black,male,6.041393,1
Cullen Hightower,white,male,4.62940959910272,4
Cupcake Brown,black,female,4.39269695325967,2
Curt Flood,black,male,5.36735592102602,2
Curt Schilling,white,male,5.64933485871214,2
Curt Weldon,white,male,4.43775056282039,2
Curtis Ackie,black,male,3.285557,1
Curtis Bill Pepper,white,male,3.8926510338773,3
Curtis Jackson,black,male,5.985426474083,5
Curtis Jones,black,male,6.298853,1
Curtis Mayfield,black,male,6.267172,1
Curtis Tyrone Jones,black,male,4.22271647114758,10
Curtis W. Jackson,black,male,4.11058971029925,2
Cybil Shepherd,white,female,5.6730209071289,3
Cybill Cain,white,female,2.94101424370557,4
Cyn Balog,white,female,4.536558443,3
Cyndi Lauper,white,female,6.85913829729453,2
Cynthia A. Rodriguez,latino,female,4.85491302230786,2
Cynthia Batten,white,female,3.54157924394658,2
Cynthia Bond,black,female,4.536558443,2
Cynthia Bourgeault,white,female,5.1846914308176,4
Cynthia D'Aprix Sweeney,white,female,5.149219113,2
Cynthia D. Witherspoon,black,female,3.86093662070009,5
Cynthia E. Olmedo,latino,female,3.235528,1
Cynthia E. Varnado,black,female,3.267172,1
Cynthia Eden,white,female,4.9329808219232,4
Cynthia Erivo,black,female,7.120574,1
Cynthia Hand,white,female,5.14612803567824,10
Cynthia Harrod-Eagles,white,female,5.31597034545692,3
Cynthia Heald,white,female,4.8109042806687,4
Cynthia Heimel,white,female,4.37839790094814,2
Cynthia Kadohata,asian,female,5.206825876,3
Cynthia Lord,white,female,4.70500795933334,3
Cynthia Nixon,white,female,6.06818586174616,2
Cynthia Olmedo,latino,female,3.763428,1
Cynthia Ozick,white,female,5.66651798055488,10
Cynthia Rylant,white,female,5.93145787068901,4
Cyrano de Bergerac,white,male,6.84260923961056,4
Cyril Connolly,white,male,4.94987770403687,9
Cyril James,black,male,4.954725,1
Cyril Ponnamperuma,asian,male,4.143015,1
Cyrus S. Poonawalla,asian,male,4.285557,1
Czesław Miłosz,white,male,5.6730209071289,10
Céleste Albaret,white,female,4.80345711564841,3
César A. Hidalgo,latino,male,5.056905,1
César Chávez,latino,male,6.61489721603314,10
César Vallejo,latino,male,6.93851972517649,4
D A Carson,white,male,5.58319877396862,4
D'Andre Lampkin,black,male,3.69983772586725,6
D'Arcy Wentworth Thompson,white,male,4.7979596437372,2
D'Brickashaw Ferguson,black,male,4.540329,1
D. Allen Miller,white,male,3.76492298464989,7
D. Antoinette Foy,black,female,3.99782308074573,10
D. B. Sweeney,white,male,5.19865708695442,4
D. Elton Trueblood,white,male,4.30102999566398,2
D. H. Lawrence,white,male,6.39619934709574,9
D. L. Hughley,black,male,5.68841982200271,2
D. Martyn Lloyd-Jones,white,male,4.90525604874845,4
D. Morgenstern,white,male,4.74663419893758,6
D. Nicole Williams,black,female,3.72427586960079,3
D.B.C. Pierre,white,male,4.74115159885179,3
D.D. Ayres,white,female,4.22010808804005,2
D.E. Navarro,latino,male,6.63548374681491,3
D.J. MacHale,white,male,5.60530504614111,10
D.J. MacLennan,white,male,3.66464197555613,3
D.M.X.,black,male,7.359835,6
D.N. Joshi,asian,male,4.401401,1
D.R. Pedraza,latino,male,4.232996,1
D.R. Silva,latino,male,5.40312052117582,10
D.S. Mashego,black,male,3.053078443,10
D.Sandeep,asian,male,4.929419,1
D.T. Suzuki,asian,male,5.30102999566398,3
DJ Jazzy Jeff,black,male,6.436163,1
Dada Bhagwa,asian,male,5.81424759573192,2
Dada Bhagwan,asian,male,5.81424759573192,10
Dada Vaswani,asian,male,4.693727,1
Dag Hammarskjöld,white,male,6.34439227368511,9
Dag Heward-Mills,black,male,5.740363,1
Dagobert D. Runes,white,male,4.75358305889291,6
Dagobert Runes,white,male,3.931457870689,3
Dai Sijie,asian,male,5.34242268082221,3
Daikichi Irokawa,asian,male,3.591065,1
Dainin Katagiri,asian,male,4.638489,1
Daisaku Ikeda,asian,male,6.11058971029925,10
Daisuke Hagiwara,asian,male,5.269513,1
Daisy Ashford,white,female,4.75663610824585,2
Daisy Goodwin,white,female,4.95230800966212,3
Daisy Hernandez,latino,female,5.73957234445009,2
Daisy Ridley,white,female,6.45939248775923,2
Dalai Lama,asian,male,7.01283722470517,10
Dalai Lama XIV,asian,male,5.79098847508882,10
Dale Carnegie,white,male,6.66651798055488,10
Dale Earnhardt,white,male,6.6570558528571,5
Dale Mayer,white,female,4.8234742291703,2
Dale Murphy,white,male,5.70757017609794,2
Dale Peck,white,male,4.45788189673399,2
Dale Wasserman,white,male,5.03742649794062,2
Daleen Van Tonder,white,female,3.82216807936802,4
Daley Thompson,black,male,5.00432137378264,2
Dallas Willard,white,male,5.48855071650044,10
Dallin H. Oaks,white,male,5.93145787068901,3
Dalton Trumbo,white,male,5.82672252016899,4
Dame Flora Robson,white,female,4.39445168082622,1
Damian Lewis,white,male,5.93901977644867,4
Damien Chazelle,white,male,6.31175386105575,5
Damien Echols,white,male,5.62428209583567,3
Damien Hirst,white,male,6.54900326202579,7
Damien Rice,white,male,5.79239168949825,4
Damilola Oluwatoyinbo,black,male,4.78461729263288,2
Damini Aggarwal,asian,female,4.35218251811136,5
Damon Albarn,white,male,6.16136800223498,3
Damon Galgut,white,male,5.77815125038364,10
Damon Gameau,white,male,5.27646180417324,2
Damon Runyon,white,male,5.72835378202123,7
Damon Suede,white,male,4.23552844690755,6
Damon Throop,white,male,2.66745295288995,3
Damon Wayans,black,male,5.995635195,2
Dan Abnett,white,male,5.80277372529198,7
Dan Aykroyd,white,male,6.36361197989214,2
Dan Barber,white,male,5.274157849,2
Dan Bennett,white,male,5.26007138798508,2
Dan Bergstein,white,male,3.59217675739587,4
Dan Brown,white,male,7.29885307640971,10
Dan Buettner,white,male,5.52504480703685,7
Dan Farmer,white,male,4.99431715266964,2
Dan Gable,white,male,5.62428209583567,8
Dan Gilbert,white,male,5.54654266347813,4
Dan Greenberg,white,male,4.74896286125616,2
Dan Groat,white,male,3.80071707828239,10
Dan Harmon,white,male,5.95712819767681,9
Dan Howell,white,male,5.49136169383427,7
Dan James,black,male,5.91169,1
Dan John,white,male,6.22271647114758,3
Dan Kennedy,white,male,5.55266821611219,2
Dan Lipinski,white,male,4.40993312333129,5
Dan Millman,white,male,5.38560627359831,10
Dan Pearce,white,male,5.029383778,10
Dan Quayle,white,male,5.58433122436753,10
Dan Quinn,white,male,5.89320675305985,4
Dan Rather,white,male,5.67669360962487,10
Dan Santat,asian,male,5.673942,1
Dan Savage,white,male,5.522444234,8
Dan Simmons,white,male,5.84571801796666,10
Dan Stevens,white,male,6.10380372095596,3
Dan Wells,white,male,5.48995847942483,10
Dan Wilbur,white,male,4.26717172840301,2
Dana Arcuri,white,female,4.10720996964787,10
Dana Carvey,white,male,5.81690383937566,2
Dana Goodyear,white,female,4.19033169817029,3
Dana Johnson,black,female,6.025306,1
Dana Marie Bell,white,female,4.5327543789925,3
Dana Marton,white,female,4.20139712432045,10
Dana Perino,white,female,5.7419390777292,5
Dana Reinhardt,white,female,5.55870857053317,8
Danabelle Gutierrez,latino,female,3.61804809671209,8
Danai Gurira,black,female,6.235528,1
Dane Brookes,white,male,3.40140054078154,5
Dane Cook,white,male,5.69019608002851,6
Dane Whalen,white,male,3.35602585719312,4
Danica McKellar,white,female,5.63748973,3
Daniel Abraham,white,male,5.58771096501891,5
Daniel Adorno,latino,male,4.245513,1
Daniel Alarcón,latino,male,6.03342375548695,3
Daniel Bell,white,male,5.69019608002851,2
Daniel Berrigan,white,male,4.85853719756964,3
Daniel Black,black,male,5.54157924394658,3
Daniel Boone,white,male,6.63748973,9
Daniel Boulud,white,male,5.54157924394658,4
Daniel Bruhl,white,male,6.120573931,2
Daniel Burnham,white,male,5.33041377334919,3
Daniel C. Dennett,white,male,5.641474111,10
Daniel Clowes,white,male,5.37106786227174,8
Daniel Cormier,black,male,6.09342168516223,2
Daniel Craig,white,male,6.92064500140679,7
Daniel D. Maurer,white,male,3.65896484266443,3
Daniel D. Palmer,white,male,4.29446622616159,2
Daniel Dae Kim,asian,male,5.929419,1
Daniel Day-Lewis,white,male,6.44247976906445,5
Daniel Delgado F,latino,male,2.823474,6
Daniel Dennett,white,male,5.54654266347813,4
Daniel Egger,white,male,4.82151352840477,8
Daniel Englisch,white,male,4.41664050733828,2
Daniel G. Amen,white,male,5.828659897,2
Daniel Gilbert,white,male,5.56820172406699,2
Daniel Gillies,white,male,5.75204844781944,2
Daniel Goleman,white,male,6.39093510710338,10
Daniel Guérin,white,male,5.34044411484012,2
Daniel Handler,white,male,5.13672056715641,10
Daniel Hannan,white,male,4.97451169273733,2
Daniel Humm,white,male,5.34242268082221,2
Daniel Ionson,white,male,2.8228216453031,2
Daniel J. Boorstin,white,male,5.38560627359831,10
Daniel J. Levitin,white,male,5.4456042032736,2
Daniel J. Siegel,white,male,6.14612803567824,4
Daniel José Older,latino,male,5.63042787502502,3
Daniel Kahneman,white,male,6.37106786227174,10
Daniel Keyes,white,male,5.57518784492766,10
Daniel Keys Moran,white,male,4.54032947479087,3
Daniel L. Reardon,white,male,3.49276038902684,1
Daniel Lee Edstrom,white,male,2.2148438480477,4
Daniel Marques,latino,male,6.13672056715641,10
Daniel McHugh,white,male,4.80888586735981,6
Daniel Morgan,white,male,5.74585519517373,2
Daniel Nathans,white,male,4.82151352840477,2
Daniel O'Connell,white,male,5.6730209071289,3
Daniel O'Malley,white,male,5.40823996531185,2
Daniel Patrick Moynihan,white,male,5.63144376901317,5
Daniel Polansky,white,male,4.95712819767681,2
Daniel Prokop,white,male,5.053078443,4
Daniel R. Thorne,white,male,3.37106786227174,2
Daniel Radcliffe,white,male,6.73479982958885,10
Daniel Rodriguez,latino,male,6.59328606702046,2
Daniel S. Fletcher,white,male,3.92531209149965,2
Daniel S. Peña,latino,male,4.187521,2
Daniel Saldaña París,latino,male,4.947434,1
Daniel Sasaki,asian,male,3.376577,1
Daniel Silva,white,male,6.37839790094814,8
Daniel Suarez,latino,male,6.07188200730613,6
Daniel Tosh,white,male,6.05690485133647,2
Daniel Vlcek,white,male,4.73957234445009,4
Daniel Waters,white,male,5.07918124604763,4
Daniel Webster,white,male,6.23044892137827,10
Daniel Willey,white,male,4.46982201597816,10
Daniel Woodrell,white,male,5.57634135020579,10
Daniel Xiao Wang,asian,male,3.45331834004704,3
Daniel Yergin,white,male,5.67024585307412,3
Daniela Bobadilla,latino,female,5.17318626841227,4
Danielle Bernock,white,female,4.34242268082221,6
Danielle Ganek,white,female,4.16731733474818,3
Danielle LaPorte,white,female,5.0899051114394,6
Danielle Pearl,white,female,4.73319726510657,2
Danielle Rohr,white,female,4.01283722470517,3
Danielle Sibarium,white,female,4.26007138798508,2
Danielle Steel,white,female,6.38201704257487,10
Danika Stone,white,female,4.73239375982297,10
Danilo Kiš,white,male,6.01283722470517,2
Danilo Vukovljak,white,male,2.02938377768521,4
Danny Bunyavong,asian,male,2.645422,1
Danny Glover,black,male,6.29446622616159,2
Danny Gregory,white,male,4.67117284271508,2
Danny Kaye,white,male,5.98136550907854,4
Danny McBride,white,male,5.94200805302231,4
Danny Meyer,white,male,5.39445168082622,5
Danny Wallace,white,male,5.15533603746506,7
Dante Alighieri,white,male,6.98677173426625,10
Dante Burroughs,black,male,2.770852,1
Dante Gabriel Rossetti,white,male,6.25767857486918,3
Dante Hall,black,male,5.117271,1
Dante Soo,asian,male,2.653213,1
Dany Laferrière,black,male,5.728354,1
Danzae Pace,black,male,3.330414,1
Daouda Dolley,black,male,2.651278,1
Daphne Gottlieb,white,female,4.26717172840301,2
Daphne Kalotay,white,female,5.542825427,2
Daphne Rose Kingma,white,female,4.95133751879592,2
Daphne Zuniga,white,female,5.42160392686983,2
Dar Williams,white,female,5.12385164096709,4
Dara Horn,white,female,4.641474111,4
Darcey Bussell,white,female,5.7041505168398,8
Darcus Howe,black,male,4.650308,1
Daria Snadowsky,white,female,3.83122969386706,5
Darin Strauss,white,male,5.64738297,5
Dario Argento,white,male,6.19865708695442,3
Dario Fo,white,male,5.85672889038288,2
Darius Bolton,black,male,2.845718,1
Darius Rucker,black,male,6.18752072083646,10
Darla Phelps,white,female,4.03742649794062,2
Darlene Love,black,female,6.66651798055488,3
Darlene Ouimet,white,female,3.63245729218472,2
Darnell Lamont Walker,black,male,4.26951294421792,10
Darrell Brown,black,male,5.173186,1
Darrell Calkins,white,male,3.748188027,10
Darrell Drake,white,male,4.16435285578444,2
Darrell Hammond,white,male,4.95472479097906,2
Darrell Royal,white,male,4.77815125038364,8
Darren Aronofsky,white,male,6.2380461031288,2
Darren Paul Thorn,white,male,2.06069784035361,2
Darren Shan,white,male,5.55509444857832,10
Darrin Patrick,white,male,4.17318626841227,2
Darrius Garrett,black,male,4.146128,1
Darryl Bowie,black,male,4.24797326636181,2
Darryl Pinckney,black,male,5.06818586174616,3
Darryl Webb,black,male,4.858537,1
Darshana Suresh,asian,female,3.99078269180314,4
Daryl Gregory,white,male,4.82994669594164,8
Daryl Hall,white,male,6.50514997831991,6
Daryl Hannah,white,female,6.16435285578444,2
Darynda Jones,white,female,5.64048143697042,10
Dasha Zhukova,white,female,5.15228834438306,2
Dashama Konah Gordon,black,female,3.76042248342321,10
Dashiell Hammett,white,male,6.2718416065365,9
Dave Attell,white,male,5.68484536164441,2
Dave Barry,white,male,5.69722934275972,10
Dave Champion,white,male,4.274157849,4
Dave Chappelle,black,male,6.609594409,8
Dave Checketts,white,male,4.41497334797082,2
Dave Courtney,white,male,4.74741180788642,2
Dave Davies,white,male,5.59659709562646,3
Dave Donovan,white,male,4.91487181754005,3
Dave Eggers,white,male,5.78746047451842,10
Dave Grohl,white,male,6.57634135020579,8
Dave Guerrero,latino,male,4.52374646681156,4
Dave Harvey,white,male,5.29885307640971,2
Dave Isay,white,male,4.40312052117582,2
Dave Matthews,white,male,6.61278385671974,5
Dave Morris,white,male,6.120573931,3
Dave Pelzer,white,male,5.2148438480477,10
Dave Ramsey,white,male,6.47275644931721,10
Dave Reichert,white,male,4.66651798055488,2
Dave Roman,white,male,4.88874096068289,2
Dave Shepp,white,male,3.53781909507327,10
Dave Thomas,white,male,6.13033376849501,2
Dave Tyson Gentry,white,male,3.6954816764902,1
Dave Wolverton,white,male,4.63748973,2
Daveed Diggs,black,male,6.287802,1
David A. Bednar,white,male,5.45024910831936,10
David A.R. White,white,male,5.39967372148104,2
David Abram,white,male,4.9982593384237,3
David Adam,white,male,5.7701152947871,3
David Alan Grier,black,male,5.423246,1
David Allan Coe,white,male,5.683047038,2
David Allen,white,male,6.59549622182557,10
David Almond,white,male,5.44870632,10
David Amerland,white,male,4.51454775266029,10
David Anthony Durham,black,male,4.83378437465648,4
David Archuleta,latino,male,5.94645226501307,5
David Attenborough,white,male,6.90308998699194,10
David Ault,white,male,4.4814426285023,2
David B. Lentz,white,male,3.5327543789925,6
David B. Ramirez,latino,male,3.764176,1
David Baldacci,white,male,6.16136800223498,10
David Bareño,latino,male,3.661813,1
David Bayles,white,male,5.99956548822598,3
David Beckham,white,male,7.34242268082221,5
David Belasco,white,male,4.961895474,3
David Bellavia,white,male,4.53019969820308,3
David Benedict Zumbo,white,male,2.95808584852109,3
David Benioff,white,male,5.60314437262018,8
David Bischoff,white,male,5.4345689040342,4
David Blunkett,white,male,5.10037054511756,6
David Bly,white,male,4.66464197555613,1
David Bohm,white,male,5.58771096501891,4
David Bowie,white,male,7.4814426285023,10
David Bowles,latino,male,5.18184358794477,3
David Brainerd,white,male,5.07554696139253,7
David Brandon,white,male,5.26007138798508,3
David Brazzeal,white,male,3.54406804435028,5
David Brenner,white,male,5.27875360095283,2
David Brier,white,male,4.69108149212297,10
David Brin,white,male,5.37106786227174,10
David Brinkley,white,male,5.17318626841227,4
David Brooks,white,male,6.86569606,10
David Brower,white,male,5.0899051114394,3
David Brown,black,male,6.98855895687862,2
David Brown Jr.,black,male,5.311754,1
David Burr Gerrard,white,male,3.70329137811866,10
David Byrne,white,male,6.53529412004277,10
David C. Holley,white,male,3.72591163229505,7
David Cameron,white,male,6.64246452024212,8
David Carradine,white,male,5.97589113640179,3
David Carson,white,male,5.65224634100332,3
David Cassidy,white,male,5.90308998699194,4
David Chang,asian,male,6.00860017176192,7
David Che,asian,male,5.432969,1
David Chipperfield,white,male,5.99782308074573,5
David Chuka,black,male,3.833784,2
David Clement-Davies,white,male,4.542825427,5
David Consuegra,latino,male,4.636488,1
David Cook,white,male,6.15228834438306,2
David Corralez,latino,male,4.093422,1
David Cronenberg,white,male,6.31386722036915,10
David Crosby,white,male,6.04921802267018,3
David D'escoto,latino,male,3.064458,1
David D. Burns,white,male,5.49276038902684,4
David D. Flowers,white,male,3.83632411570675,3
David Dark,white,male,4.62940959910272,2
David Deida,white,male,5.766412847,3
David Demchuk,white,male,4.564666064,2
David Dennis,black,male,5.469822,1
David Duchovny,white,male,6.22530928172586,10
David E. Bresler,white,male,3.42488163663107,1
David Eagleman,white,male,5.43775056282039,10
David Eddings,white,male,5.63648789635337,10
David Esabwa,black,male,3.32221929473392,2
David Estes,white,male,4.94497590841205,2
David F. Porteous,white,male,3.19033169817029,2
David F. Wells,white,male,4.77887447200274,3
David Fincher,white,male,6.4983105537896,6
David Finkel,white,male,4.71264970162721,3
David Foster Wallace,white,male,6.06445798922692,10
David Frost,white,male,5.86332286012046,6
David Frum,white,male,5.818885415,3
David Fuentes,latino,male,5.912222,1
David Furnish,white,male,5.4456042032736,4
David Gaider,white,male,4.82994669594164,3
David Gallie,white,male,3.99387691494121,2
David Garrick,white,male,5.46389298898591,3
David Geffen,white,male,6.24551266781415,4
David Gemmell,white,male,5.6730209071289,10
David Gerrold,white,male,5.50650503240487,5
David Gilmour,white,male,6.68841982200271,5
David Grayson,white,male,4.906873535,9
David Green,white,male,6.32837960343874,3
David Guetta,white,male,7.35024801833416,2
David Guterson,white,male,5.60097289568675,2
David H. Hackworth,white,male,4.55144999797287,2
David H. Martinez,latino,male,4.146128,1
David H. Murdock,white,male,4.3324384599156,8
David Halberstam,white,male,5.22788670461367,10
David Hare,white,male,5.4814426285023,4
David Harsanyi,white,male,4.609594409,2
David Hasselhoff,white,male,6.26717172840301,7
David Hawkins,white,male,5.72098574415374,3
David Henry Hwang,asian,male,5.120573931,5
David Hieatt,white,male,4.408239965,10
David Hilbert,white,male,5.55750720190566,3
David Hockney,white,male,6.79865064544527,10
David Hopper,white,male,4.969881644,2
David Horsey,white,male,5.37291200297011,2
David Housholder,white,male,4.35218251811136,2
David Hume,white,male,6.4345689040342,10
David Icke,white,male,5.91698004732038,8
David Ignatius,white,male,5.28103336724773,6
David Ignatow,white,male,4.63548374681491,2
David Iserson,white,male,4.37839790094814,3
David J. Greer,white,male,4.46538285144842,6
David J. Schwartz,white,male,5.44090908206522,7
David James Duncan,white,male,4.9804578922761,3
David Jeremiah,white,male,6.79169064902012,9
David John Griffin,white,male,4.178976947,2
David Joseph Schwartz,white,male,4.84260923961056,4
David Kenyon Webster,white,male,4.63042787502502,2
David Kinnaman,white,male,4.54032947479087,5
David Kirkpatrick,white,male,5.13033376849501,3
David Kofi Awusi,black,male,2.825426,1
David Kudler,white,male,4.38201704257487,2
David Kuklis,white,male,2.84260923961056,2
David Kuo,asian,male,4.924796,1
David L. Conroy,white,male,3.691965103,4
David L. Lloyd,white,male,4.34044411484012,3
David LaChapelle,white,male,5.65030752313194,4
David Lagercrantz,white,male,6.06069784035361,6
David Leavitt,white,male,5.06069784035361,4
David Lee Roth,white,male,6.26717172840301,4
David Letterman,white,male,6.88592633980143,8
David Levien,white,male,5.34635297445064,2
David Levithan,white,male,5.59659709562646,10
David Livingstone,white,male,6.04532297878666,3
David Lloyd George,white,male,5.60205999132796,8
David Lodge,white,male,5.59769518592551,3
David Louden,white,male,4.53402610605614,9
David Lucero,latino,male,5.38916608436453,2
David Lynch,white,male,6.98227123303957,10
David Mamet,white,male,5.87737134586977,10
David Marcelo-Cabanas,latino,male,1.748188,1
David Markson,white,male,4.96236933567002,6
David Marusek,white,male,4.39967372148104,5
David Mas Masumoto,asian,male,4.456366,1
David Mathis,white,male,5.10037054511756,10
David Mazzucchelli,white,male,5.23044892137827,2
David McCallum,white,male,5.74585519517373,3
David McCullough,white,male,5.74507479158206,9
David McCullough Jr.,white,male,4.70156798505593,2
David Millar,white,male,5.33645973384853,10
David Mitchell,white,male,6.411619706,10
David Morehouse,white,male,4.45788189673399,3
David Morrell,white,male,5.6170003411209,7
David Morrissey,white,male,5.76566855475902,2
David Mutti Clark,white,male,2.8481891169914,6
David Nicholls,white,male,5.88536122003151,10
David Nii Sowah Kobbina Adjei,black,male,2.04139268515822,2
David Niven,white,male,6.17026171539496,4
David O. McKay,white,male,5.22530928172586,8
David O. Oyedepo,black,male,5.344392,1
David O. Selznick,white,male,5.74115159885179,3
David Ogden Stiers,white,male,5.93851972517649,3
David Ogilvy,white,male,5.56110138364906,10
David Olguín,latino,male,5.004321,1
David Ortiz,latino,male,6.40654018043396,2
David P. Ingerson,white,male,2.44404479591808,6
David Paul Kirkpatrick,white,male,4.06818586174616,9
David Peace,white,male,5.36921585741014,2
David Perlmutter,white,male,5.59879050676312,5
David Petraeus,white,male,5.54654266347813,2
David Pietrusza,white,male,4.69196510276736,10
David Pilling,white,male,4.79239168949825,2
David Platt,white,male,5.77378644498119,10
David Powers,white,male,5.34044411484012,2
David Pratt,white,male,5.40823996531185,4
David Quammen,white,male,5.58771096501891,2
David R. Brower,white,male,4.22788670461367,3
David R. Ellis,white,male,5.47421626407626,3
David R. Hawkins,white,male,6.26007138798508,3
David R. Wommack,white,male,3.19865708695442,8
David Rains Wallace,white,male,4.37106786227174,5
David Rakoff,white,male,4.641474111,6
David Rangel,latino,male,5.17026171539496,2
David Richo,white,male,4.95808584852109,5
David Riesman,white,male,5.21218760440396,2
David Robinson,black,male,6.561101,1
David Rockefeller,white,male,5.57170883180869,5
David S. Landes,white,male,5.12385164096709,2
David S.E. Zapanta,latino,male,3.07918124604762,9
David Sainsbury,white,male,4.56937390961505,2
David Sarnoff,white,male,5.2380461031288,5
David Satcher,black,male,5.041393,1
David Scott,black,male,6.481443,1
David Seabury,white,male,4.53402610605614,3
David Self,white,male,4.91592721169712,2
David Servant,white,male,4.46239799789896,4
David Sheff,white,male,5.19589965240923,3
David Shields,white,male,5.40140054078154,10
David Simon,white,male,6.03742649794062,2
David Smail,white,male,4.63346845557959,3
David Soto Jr.,latino,male,3.945961,1
David Souter,white,male,4.97726621242729,2
David Starr Jordan,white,male,5.72098574415374,8
David Steinberg,white,male,5.26951294421792,2
David Storey,white,male,5.11727129565576,1
David Suchet,white,male,5.7930916,2
David Suzuki,asian,male,5.80071707828238,10
David T. Dellinger,white,male,3.67851837904011,5
David Talbot,white,male,5.41664050733828,2
David Tang,asian,male,5.46239799789896,3
David Tennant,white,male,6.56348108539441,3
David Thewlis,white,male,6.02118929906994,4
David Toscana,latino,male,4.460898,1
David Trimble,white,male,5.17026171539496,2
David V. A. Ambrose,white,male,2.25285303097989,1
David Vann,white,male,5.04921802267018,9
David Viscott,white,male,5.19312459835446,5
David Vitter,white,male,4.80002935924413,2
David W. Earle,white,male,3.8488047010518,10
David W. Wang,asian,male,4.639486,1
David Walton,white,male,5.66464197555613,4
David Waweru,black,male,4.879669,2
David Wellington,white,male,5.17609125905568,4
David Whyte,white,male,5.40823996531185,9
David Wilkerson,white,male,5.69897000433602,8
David Wojnarowicz,white,male,5.23552844690755,2
David Wolfe,white,male,5.59769518592551,4
David Wong,asian,male,6.060698,10
David Wong Louie,asian,male,4.033424,1
David Wroblewski,white,male,4.74741180788642,6
David Yeung,asian,male,4.804139,1
David Z. Hirsch,white,male,3,3
David Zabel,white,male,5.01283722470517,2
David duChemin,white,male,4.68484536164441,7
Davis Bunn,white,male,4.88761730033574,10
Davis Miller,white,male,5.64542226934909,10
Davy Crockett,white,male,6.31175386105575,5
Dawn M. Turner,black,female,4.48713837547719,2
Dawn Staley,black,female,5.79588,1
Dax Shepard,white,male,5.99431715266964,2
Dayananda Saraswati,asian,male,5.541579,1
Daymond John,black,male,5.61909333062674,6
Daína Chaviano,latino,female,4.74663419893758,2
DeAnthony Thompson,black,male,3.033424,1
DeBorrah K. Ogans,black,female,3.772321707,8
DeMar DeRozan,black,male,6.227887,1
DeWayne Owens,black,male,4.44870632,10
Dean Acheson,white,male,5.33845649360461,8
Dean Bakopoulos,white,male,4.411619706,2
Dean Burnett,white,male,5.42813479402879,2
Dean Cavanagh,white,male,4.38381536598043,10
Dean Cole,black,male,4.91960102378411,2
Dean Cumings,white,male,2.46538285144842,2
Dean F. Wilson,white,male,4.025305865,9
Dean Kamen,white,male,5.025305865,10
Dean Karnazes,white,male,5.48713837547719,5
Dean Koontz,white,male,6.029383778,10
Dean M. Schroeder,white,male,3.96331551138611,3
Dean Martin,white,male,7.68033551341456,4
Dean Ornish,white,male,5.2148438480477,10
Dean Rusk,white,male,5.62736585659273,6
Dean Smith,white,male,6.19033169817029,6
Dean Wesley Smith,white,male,5.35793484700045,2
Dean William R. Inge,white,male,3.149219113,10
Dean Young,white,male,5.81291335664286,6
Deanie Humphrys-Dunne,white,female,4.06069784035361,2
Deanna Raybourn,white,female,5.65030752313194,6
Deanna Vasquez,latino,female,4.193125,1
Deb Caletti,white,female,5.58319877396862,10
Debajani Mohanty,asian,female,4.25285303097989,2
Debajyoti Ghosh,asian,male,4.744293,1
Debalina Haldar,asian,female,3.40312052117582,4
Debasish Mishra,asian,male,5.056905,1
Debasish Mridha,asian,male,5.42488163663107,10
Debasish Mridha M.D.,asian,male,4.38381536598043,10
Debasish Sinha,asian,male,5.31386722036915,3
Debatrayee Banerjee,asian,female,3.02938377768521,2
Debbi Fields,white,female,4.42651126136457,3
Debbi Mack,white,female,4.46089784275655,2
Debbie Allen,black,female,6.037426,1
Debbie Ford,white,female,5.38560627359831,9
Debbie Harry,white,female,6.322219295,6
Debbie Macomber,white,female,5.76117581315573,10
Debbie Reynolds,white,female,6.2148438480477,5
Debbie Stabenow,white,female,5.2148438480477,3
Debbie Tosun Kilday,white,female,3.567026366,5
Debi Mazar,white,female,5.36921585741014,4
Debi Thomas,black,female,4.720159,1
Debolina,asian,female,5.87390159786446,3
Debolina Bhawal,asian,female,3.02530586526477,10
Deborah Ann,white,female,6.42488163663107,3
Deborah Barreto,latino,female,3.968483,1
Deborah Brown,black,female,5.62941,1
Deborah Cox,black,female,5.71767050300226,3
Deborah Curtis,white,female,4.880241776,6
Deborah D. Johnson,black,female,4.659916,2
Deborah Ellis,white,female,5.3654879848909,3
Deborah Feldman,white,female,5.120573931,3
Deborah Harkness,white,female,5.58994960132571,10
Deborah Heiligman,white,female,5.03742649794062,5
Deborah Heissler,white,female,3.41329976408125,2
Deborah Hopkinson,white,female,5.63648789635337,2
Deborah L. Norris,white,female,4.08635983067475,2
Deborah Levy,white,female,5.59549622182557,3
Deborah Meyler,white,female,4.52113808370404,5
Deborah Moggach,white,female,5.34439227368511,5
Deborah Norville,white,female,5.09342168516223,5
Deborah Sampson,white,female,4.9434945159061,2
Deborah Tannen,white,female,5.67486114073781,7
Deborah Wilde,white,female,4.43296929087441,2
Deborah Wiles,white,female,4.84509804001426,3
Deborrah Cooper,black,female,4.421604,1
Debra Driza,white,female,4.49276038902684,2
Debra E. Johnson,black,female,4.264818,1
Debra Messing,white,female,5.86451108105839,4
Debra Winger,white,female,5.69019608002851,4
Dedy Budiman,asian,male,4.61066,1
Dee Brown,black,male,5.73239375982297,1
Dee Dee M. Scott,black,female,3.451786436,4
Dee Dee Myers,white,female,5.26951294421792,3
Dee Henderson,white,female,5.01283722470517,9
Dee Hock,white,male,4.87621784059164,5
Dee Lestari,asian,female,5.73399928653839,6
Dee Prathia,black,female,1.579784,1
Dee Tenorio,latino,male,4.09691001300806,2
Dee Williams,white,female,7.53402610605614,2
Deeanne Gist,white,female,4.91487181754005,5
Deejay Kapil,asian,male,2.781755,2
Deeksha Mittal,asian,female,3.63245729218472,4
Deep Trivedi,asian,male,4.52113808370404,6
Deepa Bajaj,asian,female,4.79588001734407,2
Deepa Bhushan,asian,female,3.661813,1
Deepak Burfiwala,asian,male,2.81224469680037,10
Deepak Chandra,asian,male,5.40993312333129,3
Deepak Chopra,asian,male,6.58658730467176,10
Deepak Gupta,asian,male,6.59988307207369,4
Deepak Madhu Nair,asian,male,2.0086,1
Deepak Malhotra,asian,male,5.599883,1
Deepak Mehra,asian,male,5.387389826,2
Deepak Rana,asian,male,5.81358098856819,2
Deepak Vidyarthi,asian,male,3.670246,1
Deepak Yadav,asian,male,6.569374,1
Deepanshu Saini,asian,male,4.80277372529198,2
Deepika Kumaaraguru,asian,female,2.6170003411209,4
Deepika Muthusamy,asian,female,3.20951501454263,2
Deepika Padukone,asian,female,7.13987908640124,4
Deepthi Shetty,asian,female,4.559907,1
Deepti Menon,asian,female,5.462398,1
Deirdre Madden,white,female,4.83505610172012,2
Deirdre O'Kane,white,female,5.15533603746506,3
Deirdre Riordan Hall,white,female,3.76492298464989,4
Dejan Stojanovic,white,male,5.71683772329952,10
Deke Sharon,white,male,5.62940959910272,5
Delano Johnson,black,male,4.29666519026153,10
Dele Ayo Bankole,black,male,3.30749603791321,7
Delia Ephron,white,female,5.59439255037543,4
Delia Sherman,white,female,4.90525604874845,2
Delilah S. Dawson,white,female,5.14301480025409,4
Della Reese,black,female,5.38560627359831,3
Delmore Schwartz,white,male,4.80277372529198,4
Delphine de Vigan,white,female,6.48855071650044,2
Delta Goodrem,white,female,5.72672720902657,2
Dembe Michael,black,male,2.56937390961505,4
Demetri Martin,white,male,5.40140054078154,10
Demetrice Nguyen,asian,male,3.646404,1
Demi Jane Tumulak,asian,female,1.579783597,2
Demi Moore,white,female,6.94987770403687,5
Demian Bichir,latino,male,5.485721,1
Democritus,white,male,6.16136800223498,10
Demosthenes,white,male,6.13672056715641,6
Deng Xiaoping,asian,male,6.24551266781415,3
Denis Avey,white,male,4.62013605497376,2
Denis De Rougemont,white,male,5.411619706,2
Denis Diderot,white,male,6.21748394421391,10
Denis Hachey,white,male,3.596597096,3
Denis John George,white,male,3.64542226934909,4
Denis Johnson,white,male,5.57863920996807,6
Denis Leary,white,male,5.72427586960079,7
Denis Markell,white,male,4.178976947,7
Denis McDonough,white,male,5.29003461136252,2
Denis Villeneuve,white,male,6.43933269383026,5
Denis Waitley,white,male,5.94987770403687,10
Denise Flaim,white,female,4.33445375115093,2
Denise Grover Swank,white,female,5.10720996964787,7
Denise Levertov,white,female,5.6730209071289,4
Denise Mansfield Bradberry,white,female,1.60205999132796,3
Denise Van Outen,white,female,5.76117581315573,3
Dennis Brown,black,male,6.190332,4
Dennis Chavez,latino,male,5.387389826,2
Dennis Cogswell,white,male,3.36361197989214,2
Dennis Farina,white,male,5.3747483460101,3
Dennis Garvin,white,male,3.73878055848437,4
Dennis Hastert,white,male,5.45788189673399,2
Dennis Hopper,white,male,6.29446622616159,2
Dennis James,white,male,5.73319726510657,2
Dennis Kucinich,white,male,5.41995574848976,2
Dennis L. McKiernan,white,male,4.78175537465247,3
Dennis Lehane,white,male,5.76937732607614,10
Dennis Miller,white,male,5.84757265914211,7
Dennis Potter,white,male,5.11394335230684,3
Dennis Prager,white,male,5.48995847942483,10
Dennis Quaid,white,male,6.387389826,6
Dennis R. Miller,white,male,4.70243053644553,7
Dennis Rodman,black,male,6.81157500587059,6
Dennis Ruane,white,male,3.35983548233989,2
Dennis Smith,black,male,6.012837,1
Dennis Vickers,white,male,4.45788189673399,5
Dennis Weaver,white,male,5.46089784275655,4
Denny Morales,latino,male,4.139879,2
Denver Moore,black,male,4.55509444857832,2
Denzel Washington,black,male,7.00860017176192,10
Deon Potgieter,white,male,4.32837960343874,3
Deontay Wilder,black,male,6.243038,1
Deonté Jack,black,male,2.567026,1
Depak Chopras,asian,male,5.338456,1
Deray Ogden,black,male,2.38739,1
Derek Bell,black,male,5.600973,1
Derek Blasberg,white,male,5.45788189673399,2
Derek Donais,white,male,3.25285303097989,2
Derek Hough,white,male,6.120573931,4
Derek Jeter,black,male,6.63042787502502,10
Derek Keck,white,male,3.02938377768521,1
Derek Landy,white,male,5.475671188,10
Derek Prince,white,male,5.97543180850926,2
Derek Raymond,white,male,4.564666064,3
Derek Robinson,black,male,5.255273,1
Derek Thompson,white,male,5.63748973,10
Derek Walcott,black,male,5.69722934275972,7
Dermot Davis,black,male,3.71432975974523,8
Derrick A. Bell,black,male,5.53402610605614,4
Derrick Adkins,black,male,4.568202,1
Derrick Brown,black,male,5.61384182187607,2
Derrick G. Jeter,black,male,3.546543,1
Derrick Jensen,white,male,4.8318697742805,9
Derrick Rose,black,male,6.523746,1
Derrick Wolf,white,male,3.40483371661994,2
Deshwal Sachin,asian,male,3.23299611039215,5
Desi Arnaz,latino,male,6.143015,1
Desi Puspitasari,asian,female,4.881954971,3
Desiderius Erasmus,white,male,5.99299509843134,10
Desiree Williams,black,female,5.04532297878666,5
Desmond D. Green,black,male,3.178977,1
Desmond Hong,asian,male,3.892095,1
Desmond Hume,black,male,5.079181,1
Desmond Morris,white,male,6.52374646681156,3
Desmond Ong,asian,male,4.95279244304409,3
Desmond Oshifeso,black,male,2.17026171539496,5
Desmond Tutu,black,male,6.34044411484012,10
Dessy Dinata,asian,female,1.662758,1
Destiny's Child,black,female,6.710963,1
Dev Timsina,asian,male,3.350248,1
Deval Patrick,black,male,5.26007138798508,2
Devanshi Sharma,asian,female,4.69897,1
Devdutt Pattanaik,asian,male,5.90363251608424,9
Devinder Kumar Dhiman,asian,male,3.611723,1
Devon Sawa,white,male,5.60314437262018,2
Dexter Darden,black,male,5.322219,1
Dexter Gordon,black,male,5.939519,2
Deyanira Villalta,latino,female,2.633468,1
Dhani Jones,black,male,4.51054501020661,3
Dhanush,asian,male,7.13672056715641,2
Dharlene Marie Fahl,white,female,3.61909333062674,3
Dharmalingam Raju,asian,male,2.426511,1
Dhaval Gajera,asian,male,3.81888541459401,10
Dhiraj Das,asian,male,5.198657,1
Dhiren,asian,male,6.313867,1
Dhiren Prajapati,asian,male,3.95279244304409,3
Dhirubhai Ambani,asian,male,6.44247976906445,2
DiAnn Mills,white,female,4.65030752313194,5
Diablo Cody,white,female,5.31806333496276,5
Diadjeng Laraswati H,asian,female,3.09691001300806,3
Diamanda Galás,white,female,5.77742682238931,2
Dian Agung Yogantara,asian,male,0.60206,1
Dian Fossey,white,female,5.67394199863409,4
Diana Butler Bass,white,female,5.15836249209525,5
Diana Graves,white,female,4.66181268553726,2
Diana Hollingsworth Gessler,white,female,3.86981820797933,2
Diana Lopez,latino,female,6.582063,1
Diana Nyad,white,female,5.54654266347813,3
Diana Palmer,white,female,5.55022835305509,7
Diana Peterfreund,white,female,4.88592633980143,8
Diana Rankin,white,female,4.26951294421792,1
Diana Richardson,black,female,5.50379068305718,3
Diana Rose Morcilla,asian,female,3.54530711646582,7
Diana Ross,black,female,6.960946,2
Diana Rowland,white,female,4.62117628177504,6
Diana Valerio,latino,female,4.469822,1
Diana Vreeland,white,female,5.66275783168157,5
Diana Wynne Jones,white,female,6.31806333496276,10
Diane Abbott,black,female,5.45331834004704,4
Diane Ackerman,white,female,5.20951501454263,10
Diane Arbus,white,female,5.83821922190763,10
Diane Capri,white,female,4.58319877396862,3
Diane Chamberlain,white,female,5.26481782300954,3
Diane Duane,white,female,4.96520170102591,9
Diane Hall,white,female,5.41830129131975,2
Diane Helbig,white,female,4.11058971029925,4
Diane J. Reed,white,female,3.88309335857569,2
Diane Johnson,white,female,5.72916479,2
Diane Keaton,white,female,6.96142109406645,7
Diane Kruger,white,female,6.41497334797082,9
Diane Meier,white,female,4.58883172559421,4
Diane Messidoro,white,female,3.51188336097887,3
Diane Ravitch,white,female,5.68124123737559,6
Diane Samuels,white,female,4.71180722904119,10
Diane Sawyer,white,female,5.63648789635337,3
Diane Setterfield,white,female,5.64246452024212,10
Diane Von Furstenberg,white,female,6.70156798505593,10
Diane de Poitiers,white,female,5.84571801796666,2
Dianne Duvall,white,female,4.46686762035411,3
Dianne Feinstein,white,female,5.74507479158206,5
Dianne Harman,white,female,4.63042787502502,8
Dick Allen,black,male,5.55990662503611,5
Dick Cavett,white,male,5.93851972517649,10
Dick Cheney,white,male,6.57749179983723,5
Dick Couch,white,male,4.85672889038288,2
Dick Gephardt,white,male,4.66086547800387,2
Dick Gregory,black,male,5.47275644931721,10
Dick Van Dyke,white,male,7.04921802267018,10
Diego Belmonte,latino,male,4.346353,1
Diego Costa,latino,male,6.340444,1
Diego Maradona,latino,male,7.15228834438306,2
Diego Ramos,latino,male,5.70757017609794,2
Diego Rivera,latino,male,6.59769518592551,3
Dierks Bentley,white,male,6.053078443,5
Diet Eman,white,female,4.06069784035361,9
Dieter F. Uchtdorf,white,male,6.00432137378264,10
Dieter Rams,white,male,5.85973856619715,5
Dietrich Bonhoeffer,white,male,6.26951294421792,10
Digvijay Jaiswal,asian,male,3.31597,1
Dikembe Mutombo,black,male,6.429752,1
Dilip Bathija,asian,male,3.39794000867204,4
Dilma Rousseff,white,female,6.53529412004277,2
Dimitra Ekmektsis,white,female,3.536558443,2
Dimitri Verhulst,white,male,5.48855071650044,2
Dimitris Mita,white,male,2.89817648349768,3
Dina Rolle,black,female,3.603144,1
Dinah Katt,white,female,2.60097289568675,7
Dinah Maria Mulock Craik,white,female,5.01283722470517,5
Dinah Mulock Craik,white,female,4.18752072083646,1
Dinah Shore,white,female,5.980457892,5
Dinakar Phillip,asian,male,2.6232492903979,4
Dinakar Reddy,asian,male,4.5092025223311,2
Dinaw Mengestu,black,male,5.61278385671974,2
Dinesh,asian,male,7.691965,1
Dinesh D'Souza,asian,male,5.60205999132796,4
Dinesh Kumar,asian,male,7.31806333496276,4
Dinesh Kumar Biran,asian,male,2.96661098668193,10
Dinesh Kumar Radhakrishnan,asian,male,3.50514997831991,2
Ding Ling,asian,female,5.592177,1
Dino KF Wong,asian,male,2.883661,1
Dinos Christianopoulos,white,male,4.45788189673399,2
Dinty W. Moore,white,male,4.93247376467715,3
Diogenes Laërtius,white,male,6.11058971029925,10
Diogenes of Sinope,white,male,4.81424759573192,10
Diogo Morgado,white,male,5.63042787502502,2
Dion Boucicault,white,male,5.17026171539496,3
Dionna L. Hayden,black,female,3.50242711998443,5
Dionne Warwick,black,female,6.40483371661994,2
Dipan Vaishnav,asian,male,3.103804,1
Dipika Agarwal,asian,female,4.31175386105575,3
Dipin Damodharan,asian,male,3.32837960343874,4
Diplo,white,male,7.07554696139253,5
Dipti Goyal,asian,female,4.214844,1
Diriye Osman,black,male,4.30963,1
Dirk Benedict,white,male,5.25767857486918,4
Disha,asian,female,7.403121,2
Disha Patani,asian,female,6.775974,1
Dishika Zaman Tasnim,asian,female,2.02530586526477,2
Dita Von Teese,white,female,6.38916608436453,4
Dito Montiel,latino,male,5.608526,1
Divakar Yadav,asian,male,5.071882,1
Divya Chawla,asian,female,5.170262,1
Divya Nambiar,asian,female,3.876218,1
Divya Prakash Dubey,asian,male,5.089905,1
Divya Singh,asian,female,6.22788670461367,2
Divyanka Tripathi,asian,female,5.8767949762007,6
Dixie Lee Ray,white,female,4.09342168516223,3
Dizzy Gillespie,black,male,6.305351,1
Django Wexler,white,male,5.34830486304816,4
Djuna Barnes,white,female,5.604226053,9
Dmitri Mendeleev,white,male,5.83884909073726,4
Dmitry Bakin,white,male,3.25285303097989,2
Dmitry Dyatlov,white,male,3.42975228000241,7
Dmitry Medvedev,white,male,5.94101424370557,2
Do Won Chang,asian,male,4.340444,1
Doc Coleman,black,male,4.296665,1
Doc Hastings,white,male,4.29003461136252,6
Doc Rivers,black,male,5.91750550955255,2
Doctor You,asian,male,6.976808,1
Dodie Smith,white,female,5.29885307640971,10
Doja-Cat,black,female,7.887617,1
Dolen Perkins-Valdez,black,female,5.576341,1
Dolly Parton,white,female,7.43933269383026,10
Dolores Huerta,latino,female,5.55990662503611,3
Dolores del Rio,latino,female,5.766413,1
Dolph Lundgren,white,male,6.40823996531185,2
Domenico Dolce,white,male,5.66370092538965,3
Domhnall Gleeson,white,male,6.11394335230684,3
Dominic Cooper,white,male,5.766412847,2
Dominic Monaghan,white,male,5.51982799377572,3
Dominic Owen Mallary,white,male,2.91381385238372,2
Dominic Smith,black,male,5.55144999797287,4
Dominic Toretto,latino,male,6.181844,1
Don Byas,black,male,5.658011,1
Don Campbell,white,male,5.475671188,2
Don Cornelius,black,male,5.30963,1
Don Darkes,white,male,2.772321707,2
Don Henley,white,male,6.206825876,4
Don Herold,white,male,4.67669360962487,9
Don Johnson,white,male,6.46834733041216,4
Don Juan,latino,male,7.255273,1
Don Lemon,black,male,5.94890176097021,2
Don Marquis,white,male,4.96094619573383,10
Don Maruska,white,male,3.84260923961056,4
Don Miguel Ruiz,latino,male,5.97954837470409,9
Don Paterson,white,male,4.77524625974024,3
Don Piper,white,male,4.84695532501982,4
Don Rickles,white,male,5.774516966,10
Don Roff,white,male,5.06069784035361,10
Don Shula,white,male,5.5854607295085,6
Don Tapscott,white,male,5.19865708695442,3
Donal O'Callaghan,white,male,4.73719264270474,4
Donal Ryan,white,male,5.51719589794997,2
Donald Bren,white,male,4.91960102378411,2
Donald Cargill,white,male,3.96284268120124,2
Donald Cerrone,white,male,5.47712125471966,2
Donald Dunn,white,male,4.82930377283103,1
Donald E. Westlake,white,male,5.85430604180108,3
Donald G. Firesmith,white,male,3.69810054562339,3
Donald G. Mitchell,white,male,4.6170003411209,3
Donald Glover,black,male,6.43136376415899,3
Donald Hall,white,male,5.42324587393681,10
Donald J. Trump,white,male,7.37839790094814,10
Donald Judd,white,male,5.83058866868514,2
Donald Kingsbury,white,male,4.07554696139253,6
Donald Knuth,white,male,5.29446622616159,2
Donald L. Hicks,white,male,4.45178643552429,10
Donald Miller,white,male,6.14612803567824,10
Donald Pillai,asian,male,4.17609125905568,6
Donald R. Hickey,white,male,4.45484486,2
Donald Richie,white,male,4.83505610172012,2
Donald Rothberg,white,male,3.75511226639507,3
Donald Rumsfeld,white,male,5.8998205024271,7
Donald Trump,white,male,8.49554433754645,10
Donald Tusk,white,male,6.75127910398334,2
Donald c.Nwokedi,black,male,1.832509,1
Donalyn Miller,white,female,4.93701610746481,5
Donatella Versace,white,female,6.90417436828416,10
Donella Meadows,white,female,5.51188336097887,5
Dong Dong,asian,male,6.820858,1
Donika Kelly,black,female,4.855519156,3
Donna Alward,white,female,4.97634997900327,2
Donna Ball,white,female,4.94101424370557,2
Donna Brazile,black,female,5.53781909507327,9
Donna George Storey,white,female,4.05690485133647,1
Donna Guillemette,white,female,3.5705429398819,4
Donna Jo Napoli,white,female,5.61172330800734,2
Donna Karan,white,female,7.05690485133647,6
Donna Labermeier,white,female,3.04921802267018,2
Donna Leon,white,female,5.76192783842053,8
Donna Liu,asian,female,6.303196,1
Donna Lynn Hess,white,female,3.98181860717066,3
Donna Marie Timney,white,female,2.90145832139611,3
Donna McGoff,white,female,4.053078443,2
Donna Summer,black,female,6.641474,1
Donna Tartt,white,female,6.025305865,10
Donna VanLiere,white,female,5.19865708695442,3
Donna Woolfolk Cross,white,female,4.698100546,8
Donnie Harold Harris,black,male,3.14612803567824,4
Donnie McClurkin,black,male,6.021189,1
Donovan Bailey,black,male,4.96284268120124,1
Donovan M. Neal,black,male,3.757396,2
Donzella Michele Malone,black,female,3.021189,1
Doppo Kunikida,asian,male,5.294466,1
Dora Okeyo,black,female,3.51719589794997,3
Doreen Cronin,white,female,5.82736927305382,2
Doreen Valiente,white,female,5.13987908640124,2
Doreen Virtue,white,female,5.95472479097906,4
Dorethia Conner Kelly,black,female,2.32428245529769,2
Doris Day,white,female,6.55388302664387,9
Doris Kearns Goodwin,white,female,5.95472479097906,10
Doris Lessing,white,female,5.9576072870601,10
Doris Mortman,white,female,4.85430604180108,4
Dorothea Brande,white,female,4.93751789201735,9
Dorothea Dix,white,female,5.83884909073726,8
Dorothea Lange,white,female,5.90145832139611,6
Dorothy Allison,white,female,5.053078443,9
Dorothy B. Hughes,white,female,4.66181268553726,4
Dorothy Baker,white,female,5.03742649794062,3
Dorothy Canfield Fisher,white,female,5.42488163663107,5
Dorothy Day,white,female,5.61489721603314,10
Dorothy Dix,white,female,5.19312459835446,4
Dorothy H. Rath,white,female,3.00432137378264,1
Dorothy Hamill,white,female,5.10720996964787,2
Dorothy Koomson,black,female,5.38021124171161,10
Dorothy L. Sayers,white,female,6.274157849,9
Dorothy Malone,white,female,5.35024801833416,2
Dorothy McFalls,white,female,4.11394335230684,2
Dorothy Parker,white,female,5.969881644,10
Dorothy Reed Mendenhall,white,female,3.68214507637383,1
Dorothy Rowe,white,female,4.92941892571429,5
Dorothy Solle,white,female,3.45939248775923,1
Dorothy Thompson,white,female,5.40483371661994,9
Dorothy Uhnak,white,female,4.65417654187796,2
Dorothy W. Cosey,black,female,2.956168,1
Dortha Jackson,black,female,3.50242711998443,2
Dorynda Jeanty,black,female,2.214844,1
Dossie Easton,white,female,5.07554696139253,2
Doug Collins,white,male,5.53147891704226,1
Doug Cooper,white,male,5.40312052117582,10
Doug Dillon,white,male,4.83122969386706,10
Doug Ducey,white,male,5.72181061521255,5
Doug E. Fresh,black,male,5.52374646681156,3
Doug Glanville,black,male,4.638489,2
Doug Larson,white,male,5.387389826,8
Doug Ose,white,male,5.01703333929878,2
Doug Pedersen,white,male,4.44404479591808,4
Doug Stanhope,white,male,5.10037054511756,3
Dougie Brimson,white,male,4.61278385671974,5
Douglas Adams,white,male,6.42975228000241,10
Douglas Alexander,white,male,5.46538285144842,6
Douglas B. Reeves,white,male,4.39967372148104,6
Douglas Booth,white,male,5.51188336097887,2
Douglas Brinkley,white,male,5.10380372095596,9
Douglas C. Engelbart,white,male,4.25285303097989,2
Douglas Copeland,white,male,4.09342168516223,2
Douglas Coupland,white,male,5.33041377334919,10
Douglas Horton,white,male,4.94398887507377,10
Douglas Jerrold,white,male,5.04139268515823,3
Douglas MacArthur,white,male,6.206825876,9
Douglas Malloch,white,male,4.50242711998443,4
Douglas Pagels,white,male,4.805500858,3
Douglas Preston,white,male,5.65321251377534,10
Douglas R. Hofstadter,white,male,5.4345689040342,6
Douglas Rushkoff,white,male,5.53781909507327,7
Douglas Self,white,male,4.766412847,3
Douglas Sirk,white,male,5.85247999363686,2
Douglas Trumbull,white,male,4.93901977644867,2
Douglas William Jerrold,white,male,4.69460519893357,7
Douglas Wilson,white,male,5.59769518592551,10
Dov Seidman,white,male,4.67209785793572,2
Dove Cameron,white,female,6.77959649125782,6
Drew Barrymore,white,female,7.01703333929878,9
Du Fu,asian,male,5.775974,1
Duane Chapman,white,male,4.82477646247555,2
Duane G. Carey,white,male,3.72427586960079,3
Duane Michals,white,male,5.83569057149243,3
Dudley Flood,black,male,3.85187,1
Dudley Moore,white,male,5.89707700320942,4
Duke Ellington,black,male,6.72181061521255,9
Dulce Rodrigues,latino,female,4.97451169273733,3
Dulcinea Martinez,latino,female,3.915927,1
Duncan Bannatyne,white,male,4.64933485871214,8
Duncan Jones,white,male,5.57170883180869,3
Duncan McNaughton,white,male,4.39269695325967,2
Duncan Sheik,white,male,5.17609125905568,2
Duncan William Gibbons,white,male,2.74973631556906,2
Duo Duo,asian,male,6.123852,1
Duop Chak Wuol,black,male,4.13672056715641,10
Durga Chew-Bose,asian,female,5.071882,1
Durgesh Satpathy,asian,male,3.89652621748956,10
Durjoy Datta,asian,male,5.468347,1
Dushawn Banks,black,male,2.906335,1
Dustin Cruz,latino,male,4.27646180417324,3
Dutch proverb,white,female,4.42324587393681,8
Dwayne Johnson,black,male,7.10037054511756,10
Dwight D. Eisenhower,white,male,6.536558443,10
Dwight Howard,black,male,6.283301,2
Dwight L. Moody,white,male,5.30749603791321,10
Dwight Morrow,white,male,5.37839790094814,2
Dwyane Wade,black,male,6.63948648926859,4
Dylan Lauren,white,female,4.52113808370404,10
Dylan Moran,white,male,5.33845649360461,10
Dylan Thomas,white,male,6.37291200297011,9
Dzuco Huỳnh,asian,male,3.457882,1
Dōgen,asian,male,6.00432137378264,10
Dương Thu Hương,asian,female,5.677607,1
E B White,white,male,6.16435285578444,10
E M Bounds,white,male,5.19865708695442,10
E. B. Browning,white,female,4.51719589794997,3
E. F. Schumacher,white,male,5.47275644931721,4
E. Franklin Frazier,black,male,4.933993,1
E. H. Harriman,white,male,5.025305865,1
E. Katherine Kottaras,white,female,3.79239168949825,3
E. L. Doctorow,white,male,5.39269695325967,10
E. Leo Foster,white,male,2.77451696572855,4
E. Lockhart,white,female,5.72345567203519,10
E. M. Cioran,white,male,5.66275783168157,5
E. M. Forster,white,male,6.05690485133647,10
E. Nesbit,white,female,5.48429983934679,10
E. O. Wilson,white,male,5.65127801399814,10
E. Obeng-Amoako Edmonds,black,male,2.34044411484012,6
E. R. Braithwaite,black,male,4.468347,5
E. T. A. Hoffmann,white,male,6.06818586174616,2
E. V. Lucas,white,male,4.84447717574568,4
E. W. Howe,white,male,4.22271647114758,9
E.D.E.N. Southworth,white,female,4.37291200297011,7
E.E. Charlton-Trujillo,latino,female,4.374748,1
E.E. Cummings,white,male,6.01703333929878,10
E.E. Knight,white,male,4.56348108539441,3
E.H. Gombrich,white,male,5.85430604180108,2
E.J. Copperman,white,male,4.69897000433602,2
E.J. Jackson,black,male,5.20412,1
E.K. Blair,white,female,4.95904139232109,3
E.K. Johnston,white,female,5.3747483460101,3
E.L. James,white,female,6.26717172840301,10
E.L. Konigsburg,white,female,5.39794000867204,10
E.M. Benton,white,female,4.40654018043396,2
E.M. Markoff,white,male,3.58771096501891,3
E.R. Eddison,white,male,4.57863920996807,4
E.S. Ito,asian,male,4.671173,1
EXO Books,asian,male,3.783189,1
Eagles,white,male,8.283301229,3
Ean Rodriguez,latino,male,3.13672056715641,3
Earl Devere,white,male,3.30319605742049,2
Earl Lovelace,black,male,5.00860017176192,5
Earl M. Coleman,black,male,3.644439,1
Earl Monroe,black,male,5.173186,1
Earl Nightingale,white,male,5.55750720190566,10
Earl R Smith II,black,male,3.424882,1
Earl Warren,white,male,5.82672252016899,10
Earl Wilson,black,male,5.39794000867204,9
Earle Birney,white,male,4.86451108105839,2
Eartha Kitt,black,female,6.21218760440396,10
Eavan Boland,white,female,5.58658730467176,2
Eazy-E,black,male,6.717671,1
Ebelsain Villegas,latino,male,3.04532297878666,6
Eben Alexander,white,male,5.23299611039215,4
Ebenezer Elliott,white,male,4.57170883180869,2
Eberhard Arnold,white,male,4.42324587393681,4
Ebimoboere Boleigha,black,male,2.630428,1
Ebine Yamaji,asian,female,4.100371,1
Eckhart Tolle,white,male,6.66181268553726,10
"Ed Begley, Jr.",white,male,5.93751789201735,3
Ed Bradley,black,male,5.06818586174616,2
Ed Brubaker,white,male,5.73319726510657,2
Ed Catmull,white,male,5.2718416065365,5
Ed Gardner,black,male,4.876795,1
Ed Koch,white,male,5.35218251811136,6
Ed Lynskey,white,male,3.92634244662566,4
Ed Markey,white,male,5.59328606702046,6
Ed McMahon,white,male,5.34242268082221,2
Ed Miliband,white,male,5.91009054559407,2
Ed Park,asian,male,5.045323,1
Ed Pastor,latino,male,4.4983105537896,2
Ed Rendell,white,male,4.95472479097906,4
Ed Sheeran,white,male,7.70243053644553,10
Ed Viesturs,white,male,4.68841982200271,2
Ed Wood,white,male,6.04139268515823,2
Eda J. Vor,white,female,3.11394335230684,2
Eddie A. Rios,latino,male,3.093422,1
Eddie Albert,white,male,5.60205999132796,2
Eddie Bernice Johnson,black,female,4.93550726582471,4
Eddie Cantor,white,male,5.57170883180869,6
Eddie Capparucci,white,male,4.06069784035361,10
Eddie Huang,asian,male,5.34439227368511,2
Eddie Johnson,black,male,5.843855,1
Eddie Murphy,black,male,6.85064623518307,2
Eddie Murphy- Beverly Hills Cop,black,male,4.702431,1
Eddie Owens,black,male,4.937518,1
Eddie Rickenbacker,white,male,5.178976947,3
Eddie Vedder,white,male,6.34635297445064,9
Eden Phillpotts,white,male,5.20951501454263,3
Edenia Archuleta,latino,female,3.982723,1
Eder Holguin,latino,male,4.369216,1
Edgar A. Guest,white,male,4.9982593384237,3
Edgar Allan Poe,white,male,7.07188200730613,10
"Edgar Bronfman, Sr.",white,male,4.53147891704226,3
Edgar Degas,white,male,6.59217675739587,10
Edgar Fiedler,white,male,3.81358098856819,4
Edgar H. Schein,white,male,5.41995574848976,2
Edgar Howe,white,male,3.95616843047536,1
Edgar Lee Masters,white,male,5.22010808804005,6
Edgar Ramirez,latino,male,6.0899051114394,3
Edgar Rice Burroughs,white,male,6.689308859,10
Edgar Watson Howe,white,male,4.52113808370404,9
Edgar Winter,white,male,5.63346845557959,2
Edgar Wright,white,male,6.25042000230889,2
Edgar Z. Friedenberg,white,male,3.95808584852109,5
Edgardo Osorio,latino,male,5.19312459835446,4
Edhi Sahab,asian,male,3.983175,1
Edi Gathegi,black,male,5.830589,1
Edie Falco,white,female,6.27875360095283,2
Edith Cavell,white,female,5.77305469336426,4
Edith Evans,white,female,5.05690485133647,2
Edith Hamilton,white,female,5.31597034545692,10
Edith M. Thomas,white,female,4.58771096501891,2
Edith Pargeter,white,female,5.00860017176192,2
Edith Pattou,white,female,4.62838893005031,2
Edith Pearlman,white,female,4.13672056715641,3
Edith Sitwell,white,female,5.44247976906445,10
Edith Södergran,white,female,5.42813479402879,3
Edith Wharton,white,female,6.206825876,10
Edmond Rostand,white,male,6.57749179983723,7
Edmond Sanganyado,black,male,4.32014628611105,2
Edmond de Goncourt,white,male,5.8394780473742,3
Edmonia Lewis,black,female,5.238046,1
Edmund Blunden,white,male,5.12385164096709,2
Edmund Burke,white,male,6.20411998265593,10
Edmund Chan,asian,male,5.113943,1
Edmund Hillary,white,male,5.98000337158375,6
Edmund Husserl,white,male,5.96331551138611,4
Edmund Morgan,white,male,4.40993312333129,2
Edmund Morris,white,male,4.98227123303957,2
Edmund Phelps,white,male,5.08278537,4
Edmund Spenser,white,male,5.61909333062674,9
Edmund Waller,white,male,5.34635297445064,3
Edmund White,white,male,5.36361197989214,10
Edmund Wilson,white,male,5.35793484700045,6
Edmund de Waal,white,male,5.83632411570675,4
Edna Ferber,white,female,6.29003461136252,10
Edna O'Brien,white,female,5.44870632,10
Edna St. Vincent Millay,white,female,5.93751789201735,10
Ednita Nazario,latino,female,5.80956,1
Edouard Manet,white,male,6.19589965240923,5
Edsger Dijkstra,white,male,5.13987908640124,6
Eduardo C. Corral,latino,male,4.748188,1
Eduardo Galeano,latino,male,6.579783597,9
Eduardo Halfon,latino,male,5.755112,1
Eduardo Medina Frías,latino,male,2.274158,1
Edvard Munch,white,male,6.77597433112937,10
Edw. C. Young,white,male,2.96848294855394,3
Edward Abbey,white,male,5.4996870826184,10
Edward Albee,white,male,5.67209785793572,10
Edward Averett,white,male,3.97818051693741,5
Edward Bellamy,white,male,5.24551266781415,3
Edward Bond,white,male,5.14301480025409,4
Edward Brooke,black,male,5.053078,1
Edward Coke,white,male,5.820857989,3
Edward Conlon,white,male,5.55144999797287,3
Edward Conze,white,male,5.029383778,4
Edward De Bono,white,male,4.62117628177504,9
Edward Everett,white,male,5.67394199863409,3
Edward Everett Hale,white,male,5.63648789635337,7
Edward Fahey,white,male,4.38560627359831,4
Edward G. Bulwer-Lytton,white,male,4.70671778233676,10
Edward Gibbon,white,male,5.70671778233676,10
Edward Gorey,white,male,5.79934054945358,5
Edward Harris,white,male,5.48000694295715,3
Edward Hoagland,white,male,4.84073323461181,2
Edward Hopper,white,male,6.57634135020579,9
Edward Humes,white,male,4.60097289568675,3
Edward I. Koch,white,male,5.19312459835446,3
Edward James Olmos,latino,male,6.143015,2
Edward Jenner,white,male,5.70243053644553,2
Edward Kamau Brathwaite,black,male,4.462398,1
Edward Kelsey Moore,black,male,5.55266821611219,2
Edward Kennedy,white,male,5.71516735784846,2
Edward L. Curtis,white,male,4.10380372095596,1
Edward Lear,white,male,5.8494194137969,2
Edward M. Hallowell,white,male,5.35218251811136,4
Edward M. Kennedy,white,male,6.45939248775923,2
Edward McKendree Bounds,white,male,4.62838893005031,2
Edward Medina,latino,male,5.133539,1
"Edward Mooney, Jr.",white,male,4.408239965,3
Edward Noyes Westcott,white,male,4.22530928172586,4
Edward O. Wilson,white,male,5.49276038902684,10
Edward P. Jones,black,male,6.41830129131975,3
Edward R. Murrow,white,male,6.25285303097989,10
Edward Snowden,white,male,6.40993312333129,10
Edward St. Aubyn,white,male,5.40312052117582,5
Edward Steichen,white,male,5.87794695162919,3
Edward T. Welch,white,male,5.04921802267018,3
Edward Teller,white,male,5.37106786227174,6
Edward Thorndike,white,male,6.025305865,6
Edward Torvalds,white,male,2.31597034545692,2
Edward Tufte,white,male,5.40140054078154,5
Edward Vilga,white,male,3.96331551138611,2
Edward W. Robertson,white,male,4.6954816764902,2
Edward Weston,white,male,5.88366143515362,2
"Edward Whitacre, Jr.",white,male,3.7427251313047,2
Edward Witten,white,male,5.35983548233989,3
Edward Wood,white,male,5.08635983067475,5
Edward Young,white,male,5.55144999797287,10
Edward Zwick,white,male,5.45331834004704,5
Edwidge Danticat,black,female,5.88705437805096,6
Edwin Abejero,asian,male,3.053078,1
Edwin Arlington Robinson,white,male,5.26481782300954,5
Edwin Calingasan,asian,male,3.029384,1
Edwin H. Chapin,white,male,4.09691001300806,3
Edwin Hubbel Chapin,white,male,4.2718416065365,5
Edwin Hubbell Chapin,white,male,4.33645973384853,3
Edwin Louis Cole,white,male,5.13672056715641,9
Edwin Lutyens,white,male,5.76566855475902,3
Edwin Markham,white,male,5.053078443,9
Edwin Medina,latino,male,5.686636,1
Edwin Morgan,white,male,4.92685670894969,2
Edwin Moses,black,male,5.48429983934679,5
Edwin Powell Hubble,white,male,4.9903388547876,2
Edwin Thumboo,asian,male,4.509203,1
Edwin Way Teale,white,male,4.9912260756925,9
Efiong Etuk,black,male,3.423246,1
Efrain Jimenez Vazquez,latino,male,2.85248,1
Efren Peñaflorida Jr.,asian,male,3.498311,1
Eido Tai Shimano Roshi,asian,male,3,1
Eiichirō Oda,asian,male,6.820858,5
Eiji Mikage,asian,male,4.363612,1
Eiji Yoshikawa,asian,male,5.61489721603314,9
Eileen Anglin,white,female,4.36735592102602,10
Eileen Chang,asian,female,5.11059,1
Eileen Cook,white,female,4.70500795933334,3
Eileen Granfors,white,female,3.35218251811136,10
Eileen Kennedy-Moore,white,female,5.28103336724773,4
Eileen Wilks,white,female,4.54530711646582,10
Eisaku Sato,asian,male,4.893207,1
Eka Kurniawan,asian,male,5.79028516403324,2
Eka Prasetyani,asian,female,3.38021124171161,3
Ekamdeep Singh,asian,male,4.51321760006794,2
Eknath Easwaran,asian,male,5.6222140229663,10
Eknath Easwaren,asian,male,5.622214,1
El DeBarge,black,male,5.428135,1
El Fuego,latino,male,7.55990662503611,5
Elaine Dundy,white,female,4.66181268553726,2
Elaine Hussey,white,female,4.2380461031288,3
Elaine MacDonald,white,female,5.053078443,2
Elaine Marolakos Edelson,white,female,2.99078269180314,2
Elaine Moran,white,female,4.75891189239797,3
Elaine N. Aron,white,female,5.63648789635337,3
Elaine Orabona Foster,white,female,3.59879050676312,4
Elaine Stritch,white,female,5.71264970162721,7
Elayne Boosler,white,female,5.07188200730613,9
Elbert Hubbard,white,male,5.6170003411209,10
Eldridge Cleaver,black,male,5.58433122436753,5
Eleanor Catton,white,female,5.58658730467176,10
Eleanor Clift,white,female,5.03742649794062,2
Eleanor Farjeon,white,female,5.50242711998443,2
Eleanor H. Porter,white,female,5.40654018043396,4
Eleanor Hallowell Abbott,white,female,4.71264970162721,3
Eleanor Holmes Norton,black,female,5.518514,2
Eleanor Morse,white,female,4.33445375115093,4
Eleanor Park,asian,female,4.495544,1
Electa Rome Parks,black,female,3.906335,1
Elena Ferrante,white,female,6.20139712432045,10
Elena Roger,latino,female,4.972666,1
Elena Toledo,latino,female,5.07554696139253,3
Eleni Papanou,white,female,3.25285303097989,4
Eleonora Duse,white,female,5.47712125471966,5
Elfriede Jelinek,white,female,6.15836249209525,7
Eli Broad,white,male,5.38560627359831,4
Eli Brown,white,male,5.698100546,2
Eli Pariser,white,male,5.206825876,6
Eli Roth,white,male,6.09691001300806,2
Eli Whitney,white,male,5.564666064,2
Elia Kazan,white,male,5.87098881376058,7
Elias Canetti,white,male,6.08278537,9
Elias Lönnrot,white,male,5.81954393554187,2
Elias Tan JS,asian,male,1.55630250076729,6
Elie Chansa,black,female,3.225309,1
Eliezer Yudkowsky,white,male,5.63346845557959,10
Elijah Onyenmeriogu,black,male,1.96378782734556,5
Elijah Wood,white,male,6.52633927738984,2
Elin Hilderbrand,white,female,6.274157849,7
Elin Nordegren,white,female,5.54900326202579,2
Elinor Wylie,white,female,4.43616264704076,3
Eliot Engel,white,male,5.08278537,4
Eliot Pattison,white,male,4.906335042,2
Eliot Spitzer,white,male,5.29885307640971,6
Elisa Albert,white,female,4.18752072083646,2
Elisa Romeo,white,female,3.94200805302231,9
Elisabeth Eaves,white,female,4.11394335230684,2
Elisabeth Hasselbeck,white,female,5.03342375548695,2
Elisabeth Kübler-Ross,white,female,6.22010808804005,10
Elisabeth Rohm,white,female,5.65224634100332,2
Elisabeth Shue,white,female,6.04921802267018,3
Elise Kova,white,female,6.13672056715641,8
Elissa Schappell,white,female,5.025305865,2
Eliza Cook,white,female,4.67117284271508,10
Eliza Crewe,white,female,3.88761730033574,7
Eliza Dushku,white,female,5.985426474083,3
Eliza Freed,white,female,3.75739602879302,3
Eliza Granville,white,female,3.86093662070009,9
Elizabeth A. Johnson,white,female,5.25042000230889,3
Elizabeth Akers Allen,white,female,4.07188200730613,2
Elizabeth Alexander,black,female,5.45024910831936,2
Elizabeth Ann Seton,white,female,6.35602585719312,4
Elizabeth Asquith Bibesco,white,female,3.20951501454263,4
Elizabeth B. Knaus,white,female,2.77597433112937,4
Elizabeth Bard,white,female,4.43933269383026,3
Elizabeth Barrett Browning,white,female,5.72835378202123,10
Elizabeth Bear,white,female,5.11727129565576,6
Elizabeth Berg,white,female,5.24797326636181,10
Elizabeth Berrien,white,female,3.99782308074573,10
Elizabeth Bibesco,white,female,4.43616264704076,6
Elizabeth Bishop,white,female,5.68574173860226,6
Elizabeth Bohorquez,latino,female,4.146128,1
Elizabeth Bourgeret,white,female,3.77378644498119,10
Elizabeth Bowen,white,female,5.50785587169583,10
Elizabeth Brown,white,female,6.01703333929878,2
Elizabeth Brundage,white,female,5.55144999797287,5
Elizabeth C. Bunce,white,female,4.58206336291171,3
Elizabeth Cady Stanton,white,female,6.06445798922692,10
Elizabeth Camden,white,female,4.81424759573192,8
Elizabeth Catlett,black,female,5.245513,1
Elizabeth Chandler,white,female,5.10380372095596,5
Elizabeth Clare Prophet,black,female,5.546543,1
Elizabeth Cohen,white,female,5.65801139665711,2
Elizabeth Cunningham,white,female,5.12385164096709,2
Elizabeth Dole,white,female,5.15533603746506,2
Elizabeth Drew,white,female,4.84385542262316,3
Elizabeth Duivenvoorde,white,female,3.37657695705651,3
Elizabeth E. Castillo,latino,female,3.883661,3
Elizabeth Edwards,white,female,5.591064607,6
Elizabeth Enright,white,female,4.61909333062674,2
Elizabeth Esty,white,female,4.20951501454263,7
Elizabeth Eulberg,white,female,5.58883172559421,10
Elizabeth F. Howell,white,female,3.875061263,2
Elizabeth Fishel,white,female,4.36361197989214,3
Elizabeth Foley,white,female,5.39967372148104,1
Elizabeth Forsythe Hailey,white,female,4.19589965240923,2
Elizabeth Fuller,white,female,5.48429983934679,1
Elizabeth George,white,female,6.10380372095596,10
Elizabeth George Speare,white,female,5.36361197989214,3
Elizabeth Gillies,white,female,5.89542254603941,2
Elizabeth Goudge,white,female,5.50242711998443,10
Elizabeth Grace Saunders,white,female,4.72997428569956,10
Elizabeth Hardwick,white,female,4.95856388322197,10
Elizabeth Harrower,white,female,5.206825876,2
Elizabeth Hawes,white,female,4.49692964807322,2
Elizabeth Haydon,white,female,4.44404479591808,4
Elizabeth Holmes,white,female,5.86451108105839,2
Elizabeth Hoyt,white,female,5.39445168082622,10
Elizabeth Hurley,white,female,6.37106786227174,3
Elizabeth I,white,female,6.820857989,10
Elizabeth Inchbald,white,female,5.01283722470517,2
Elizabeth J. Kolodziej,white,female,3.40140054078154,3
Elizabeth Jane Howard,white,female,5.59879050676312,10
Elizabeth Kay,white,female,5.77378644498119,2
Elizabeth Kenny,white,female,4.91645394854993,2
Elizabeth Kim,asian,female,5.509203,1
Elizabeth Knox,white,female,5.07188200730613,3
Elizabeth Kolbert,white,female,5.87448181769947,5
Elizabeth Kostova,white,female,5.78532983501077,10
Elizabeth Langston,white,female,4.69019608002851,4
Elizabeth Little,white,female,5.0899051114394,3
Elizabeth Lomeli,latino,female,4.513218,2
Elizabeth Lowell,white,female,5.13987908640124,3
Elizabeth Marbury,white,female,3.94448267215017,2
Elizabeth Marshall Thomas,white,female,5.15228834438306,2
Elizabeth May,white,female,5.87390159786446,3
Elizabeth McCracken,white,female,4.90471554527868,10
Elizabeth Noble,white,female,5.08278537,2
Elizabeth Olsen,white,female,6.86272752831797,3
Elizabeth Payson Prentiss,white,female,3.969881644,2
Elizabeth Peters,white,female,5.58883172559421,10
Elizabeth Peyton,white,female,5.62117628177504,2
Elizabeth Reyes,latino,female,5.701568,1
Elizabeth Rudnick,white,female,5.0899051114394,3
Elizabeth Salalmanca-Brosig,latino,female,2.858537,1
Elizabeth Salamanca-Brosig,latino,female,2.80888586735981,6
Elizabeth Scott,white,female,5.69372694892365,10
Elizabeth Smart,white,female,5.83632411570675,3
Elizabeth Strout,white,female,5.67577834167408,10
Elizabeth Stuart Phelps,white,female,5.10380372095596,4
Elizabeth Taylor,white,female,7.10380372095596,10
Elizabeth Vongsaravanh,asian,female,2.919078,1
Elizabeth Warren,white,female,6.53907609879278,10
Elizabeth Wein,white,female,4.90848501887865,10
Elizabeth Wurtzel,white,female,5.19033169817029,10
Elizabeth Yates,white,female,5.40993312333129,2
Elizabeth de Meulan Guizot,white,female,1.51851393987789,1
Elizabeth von Arnim,white,female,5.88817949391832,10
Ella Baker,black,female,5.348305,2
Ella Dominguez,latino,female,4.46686762035411,9
Ella Fitzgerald,black,female,6.85672889038288,3
Ella Frank,white,female,5.00860017176192,7
Ella Henderson,white,female,5.97863694838447,2
Ella J. Fraser,white,female,2.96754797621886,2
Ella Maillart,white,female,5.40993312333129,6
Ella Wheeler Wilcox,white,female,5.83058866868514,10
Elle Casey,white,female,4.99738638439731,4
Elle Kennedy,white,female,6.07554696139253,10
Elle Macpherson,white,female,5.9576072870601,3
Elle Sommer,white,female,4.0899051114394,7
Ellen Bass,white,female,4.93348728784871,3
Ellen Burstyn,white,female,5.96520170102591,3
Ellen DeGeneres,white,female,7.14612803567824,10
Ellen Emerson White,white,female,4.62736585659273,4
Ellen Gilchrist,white,female,4.3096301674259,6
Ellen Glasgow,white,female,4.85913829729453,10
Ellen Goodman,white,female,4.9903388547876,3
Ellen Hopkins,white,female,5.30749603791321,10
Ellen Johnson Sirleaf,black,female,6.178977,1
Ellen Key,white,female,5.29885307640971,9
Ellen Kushner,white,female,5.16731733474818,2
Ellen Ochoa,latino,female,5.13033376849501,5
Ellen Raskin,white,female,5.23552844690755,3
Ellen Read,white,female,4.47712125471966,2
Ellen Schreiber,white,female,4.700703717,10
Ellen Stofan,white,female,4.522444234,3
Ellen Sue Stern,white,female,4.11394335230684,2
Ellen Tien,asian,female,3.879096,1
Ellen Ullman,white,female,4.6232492903979,3
Ellery Queen,white,male,5.71767050300226,2
Ellie Goulding,white,female,7.178976947,3
Ellie Wade,white,female,4.68841982200271,2
Elliot Kay,black,male,4.021189,1
Elliot Perlman,white,male,4.18184358794477,2
Elliott Erwitt,white,male,5.78103693862113,4
Elliott Smith,white,male,6.29885307640971,2
Ellis Peters,white,female,5.29003461136252,10
Ellsworth Huntington,white,male,4.86451108105839,2
Ellsworth Kelly,white,male,5.81822589361396,2
Elly Griffiths,white,female,5.59217675739587,3
Elmer Davis,white,male,4.96848294855393,3
Elmer G. Letterman,white,male,3.87157293554588,2
Elmer Ryan Claudio,latino,male,2.064458,1
Elmer Seward,white,male,3.2380461031288,3
Elmore Leonard,white,male,5.72916479,7
Elodie Yung,asian,female,5.764176,1
Eloisa James,white,female,5.43775056282039,8
Eloise Jarvis McGraw,white,female,4.79379038469082,3
Elon Musk,white,male,8.16435285578444,10
Elona Washington,black,female,3.8842287696326,3
Elsa Hosk,white,female,6.29885307640971,2
Elsa Schiaparelli,white,female,5.99651167215418,2
Else Holmelund Minarik,white,female,5.411619706,2
Elsie Chapman,asian,female,4.840106,1
Elsie Hillman-Gordon,white,female,2.66370092538965,2
Elsie de Wolfe,white,female,5.03742649794062,2
Elton John,white,male,7.45024910831936,6
Elton Trueblood,white,male,4.76117581315573,10
Elvia Alvarado,latino,female,4.752816,1
Elvis Costello,white,male,6.522444234,10
Elvis Mitchell,black,male,4.75663610824585,5
Elvis Presley,white,male,7.79169064902012,10
Elyn Balongcas,asian,female,1.518514,1
Elyn R. Saks,white,female,4.78532983501077,5
Elyn Saks,white,female,4.93951925261862,2
Elyne Mitchell,white,female,4.90471554527868,3
Elyse M. Fitzpatrick,white,female,4.51851393987789,8
Em Claire,black,female,4.84695532501982,2
Emalynne Wilder,white,female,2.49136169383427,3
Emanuel Cleaver,black,male,5.10037054511756,3
Emanuel Swedenborg,white,male,5.60205999132796,10
Emeli Sande,black,female,5.451786,1
Emem Uko,black,female,4.376577,1
Emery Lord,white,female,5.05690485133647,10
Emil M. Cioran,white,male,4.8733206018154,10
Emil Zatopek,white,male,5.72509452108147,6
Emile Durkheim,white,male,6.08635983067475,6
Emile M. Cioran,white,male,4.43775056282039,9
Emile Zola,white,male,6.59328606702046,8
Emilia Clarke,white,female,6.76417613239033,2
Emilia Pardo Bazán,white,female,6.36921585741014,2
Emilie Autumn,white,female,5.13987908640124,10
Emilio Ambasz,latino,male,5.257679,1
Emilio Estevez,white,male,6.04532297878666,2
Emily Ann Benedict,white,female,2.95616843047536,2
Emily Bleeker,white,female,4.77524625974024,2
Emily Blunt,white,female,6.83505610172012,4
Emily Brontë,white,female,6.59549622182557,5
Emily Carr,white,female,6.07918124604763,5
Emily Croy Barker,white,female,4.09691001300806,4
Emily Dickinson,white,female,6.68124123737559,10
Emily Giffin,white,female,5.411619706,10
Emily Greene Balch,white,female,4.709269961,3
Emily Henry,white,female,6.51587384371168,6
Emily Lloyd-Jones,white,female,5.09342168516223,4
Emily M. Danforth,white,female,4.95472479097906,4
Emily Maguire,white,female,4.69108149212297,2
Emily Matchar,white,female,4.48429983934679,3
Emily McKay,white,female,5.149219113,3
Emily Murdoch,white,female,4.7930916,5
Emily Oster,white,female,5.23552844690755,2
Emily P. Freeman,white,female,5.09691001300806,5
Emily Perkins,white,female,5.2148438480477,3
Emily Post,white,female,6.13672056715641,9
Emily Ratajkowski,white,female,6.67486114073781,4
Emily Robison,white,female,4.52504480703685,2
Emily St. John Mandel,white,female,6.04139268515823,9
Emilyann Girdner,white,female,3.69635638873333,10
Eminem,white,male,7.99651167215418,10
Emir Kusturica,white,male,6.178976947,2
Emma Bonino,white,female,5.97589113640179,5
Emma Bull,white,female,4.75127910398334,2
Emma Bullington,white,female,3.20951501454263,2
Emma Bunton,white,female,5.883093359,3
Emma Cameron,white,female,4.71432975974523,10
Emma Chase,white,female,5.38201704257487,10
Emma Donoghue,white,female,5.6063813651106,9
Emma Forrest,white,female,4.58771096501891,10
Emma Frances Dawson,white,female,3.72509452108147,3
Emma Goldman,white,female,5.84695532501982,10
Emma Hart,white,female,5.906873535,3
Emma Hooper,white,female,4.57634135020579,2
Emma J. Bell,white,female,4.05690485133647,4
Emma Lai,asian,female,4.7348,1
Emma Lazarus,white,female,5.26951294421792,3
Emma McLaughlin,white,female,4.89097959698969,4
Emma Michelle,white,female,5.2148438480477,2
Emma Mills,white,female,5.46982201597816,2
Emma Richler,white,female,3.75204844781944,4
Emma Roberts,white,female,6.53907609879278,4
Emma Rose Kraus,white,female,3.31806333496276,2
Emma Stone,white,female,7.09342168516223,4
Emma Straub,white,female,5.14612803567824,6
Emma Thompson,white,female,6.68574173860226,10
Emma Trevayne,white,female,4.46834733041216,1
Emma Watson,white,female,7.24797326636181,9
Emma Willard,white,female,5.02118929906994,2
Emma Woolf,white,female,4.11058971029925,4
Emmanuel Aghado,black,male,3.26245108973043,6
Emmanuel Ayensu,black,male,3.97497199429807,2
Emmanuel Diogu,black,male,2.755112,1
Emmanuel Jal,black,male,5.72672720902657,4
Emmanuel Lewis,black,male,5.394452,1
Emmanuel Lubezki,latino,male,5.642465,1
Emmanuel Macron,white,male,7.51188336097887,5
Emmanuel Moore Abolo,black,male,2.937016,2
Emmanuel Olawale,black,male,4.873321,1
Emmanuelle Alt,white,female,4.94448267215017,2
Emmeline Pankhurst,white,female,5.89097959698969,9
Emmet Fox,white,male,5.24797326636181,3
Emmitt Smith,black,male,6.149219113,3
Emmuska Orczy,white,female,5.42813479402879,6
Emo Philips,white,male,4.85186960072977,7
Emperor Hirohito,asian,male,5.875061,2
Emraan Hashmi,asian,male,6.733999,1
Enda Kenny,white,male,5.93651374247889,3
Engineer Fred Kwan Galaxy Quest,asian,male,0.477121,1
Enid Bagnold,white,female,4.99738638439731,6
Enoch Powell,white,male,5.44870632,3
Enock Maregesi,black,male,4.36172783601759,10
Enrico Fermi,white,male,6.39093510710338,3
Enrique Iglesias,latino,male,7.03342375548695,9
Enrique Pena Nieto,latino,male,5.55990662503611,3
Enrique Penalosa,latino,male,5.698101,1
Enya,white,female,7.17609125905568,4
Enzo Ferrari,white,male,6.53907609879278,4
Eoin Colfer,white,male,6.26951294421792,10
Eowyn Ivey,white,female,5.63144376901317,5
Ephraim Mirvis,white,male,5.07188200730613,2
Epicurus,white,male,6.14301480025409,10
Er.Akash Patel,asian,male,3.588832,1
Eraldo Banovac,white,male,4.00860017176192,10
Erasmus,white,male,7.74350976472843,10
Eric Bana,white,male,6.10720996964787,5
Eric Bentley,white,male,5.13987908640124,2
Eric Berne,white,male,5.4814426285023,4
Eric Berry,black,male,5.42651126136457,2
Eric Braeden,white,male,5.45788189673399,2
Eric Bristow,white,male,5.16731733474818,3
Eric Butterworth,white,male,4.56348108539441,4
Eric Cantona,white,male,6.17026171539496,4
Eric Chaisson,white,male,4.72997428569956,7
Eric Church,white,male,6.35024801833416,4
Eric Clapton,white,male,7.17609125905568,3
Eric Gamalinda,asian,male,4.18752072083646,7
Eric Garcia,latino,male,6.459392,1
Eric Garner,black,male,5.583199,1
Eric Gill,white,male,5.27875360095283,3
Eric Greitens,white,male,5,6
Eric Hoffer,white,male,5.50242711998443,10
Eric Holder,black,male,5.75358305889291,3
Eric Idle,white,male,5.95472479097906,4
Eric Jerome Dickey,black,male,5.6599162,9
Eric John Mancini,white,male,2.10720996964787,3
Eric Knellinger,white,male,3.29885307640971,2
Eric Kripke,white,male,5.4996870826184,9
Eric Liddell,white,male,5.17026171539496,5
Eric Liu,asian,male,5.37657695705651,2
Eric Lomax,white,male,4.59769518592551,2
Eric Ludy,white,male,4.2718416065365,7
Eric Maisel,white,male,4.6159500516564,4
Eric Maisel Ph.D.,white,male,3.897077003,3
Eric Mayes,black,male,4.700704,1
Eric Metaxas,white,male,5.31597034545692,10
Eric Micha'el Leventhal,white,male,3.92479599579791,10
Eric Nwachukwu,black,male,4.139879,1
Eric Oneil Smith Jr,black,male,0.90309,1
Eric Onyango Otieno,black,male,2.78103693862113,4
Eric Roth,white,male,5.33445375115093,2
Eric Samuel Timm,white,male,3.81954393554187,10
Eric Schlosser,white,male,5.767897616,10
Eric Schmidt,white,male,6.15533603746506,9
Eric Schneiderman,white,male,5.01703333929878,8
Eric Sevareid,white,male,5.07188200730613,6
Eric Stonestreet,white,male,5.53147891704226,2
Eric T. Benoit,white,male,2.74115159885178,2
Eric Thomas,black,male,6.214844,2
Eric Topol,white,male,5.26717172840301,5
Eric Vance Walton,white,male,3.97034687623009,3
Eric Weiner,white,male,5.11727129565576,10
Eric Wilson,white,male,5.716003344,4
Eric Wright,black,male,5.535294,1
Eric Zaccone,white,male,3.36172783601759,4
Erica Bauermeister,white,female,5.53019969820308,10
Erica Durance,white,female,5.89486965674525,2
Erica Jong,white,female,5.48429983934679,10
Erica Sehyun Song,asian,female,2.87563993700417,10
Erich Fromm,white,male,6.28330122870355,10
Erich Maria Remarque,white,male,6.46239799789896,10
Erich Segal,white,male,5.74663419893758,9
Erick Setiawan,asian,male,4.870989,1
Ericka Huggins,black,female,4.838219,1
Erico Quiambao,asian,male,2.79448804665917,3
Erik Bundy,white,male,3.62428209583567,5
Erik Christian Haugaard,white,male,4.31597034545692,2
Erik Erikson,white,male,5.96236933567002,6
Erik H. Erikson,white,male,5.42324587393681,1
Erik Larson,white,male,5.65224634100332,10
Erik Pevernagie,white,male,4.56348108539441,10
Erik Qualman,white,male,4.85913829729453,2
Erik Tanghe,white,male,3.82736927305382,10
Erik Tomblin,white,male,2.95712819767681,4
Erik Von Markovik,white,male,4.42975228000241,2
Erik von Kuehnelt-Leddihn,white,male,4.43933269383026,5
Erika Christensen,white,female,5.39967372148104,3
Erika Johansen,white,female,5.22271647114758,9
Erika Lopez,latino,female,6.173186,1
Erin Bow,white,female,4.45024910831936,10
Erin Bowman,white,female,5.17026171539496,7
Erin Entrada Kelly,asian,female,5.72015930340596,4
Erin Fall Haskell,white,female,3.95904139232109,10
Erin Gruwell,white,female,5.33041377334919,6
Erin Hanson,white,female,5.36735592102602,7
Erin Heatherton,white,female,5.56937390961505,9
Erin Hunter,white,female,6.15533603746506,10
Erin Kellison,white,female,4.20139712432045,10
Erin M. Straza,white,female,3.23299611039215,9
Erin McCahan,white,female,4.22530928172586,5
Erin McCarthy,white,female,5.24303804868629,10
Erin Merryn,white,female,4.39093510710338,5
Erin Morgenstern,white,female,5.59988307207369,10
Erin O'Riordan,white,female,4.120573931,2
Erin Watt,white,female,5.149219113,3
Erinn Smart,black,female,3.786041,1
Erle Stanley Gardner,white,male,6.09342168516223,4
Erma Bombeck,white,female,5.84757265914211,10
Ernest Agyemang Yeboah,black,male,4.46538285144842,10
Ernest Agyemang Yeboahg Yeboah,black,male,0,1
Ernest Becker,white,male,5.63848925695464,10
Ernest Dimnet,white,male,4.63548374681491,5
Ernest Dowson,white,male,4.71264970162721,2
Ernest Gaines,black,male,4.542825427,3
Ernest Hemingway,white,male,6.936010796,10
Ernest Holmes,white,male,5.27875360095283,10
Ernest Istook,white,male,4.53529412004277,6
Ernest J. Gaines,black,male,4.985426474083,3
Ernest Lawrence,white,male,5.07918124604763,3
Ernest Renan,white,male,5.9731278535997,8
Ernest Rutherford,white,male,5.68394713075151,7
Ernest Shackleton,white,male,5.80888586735981,3
Ernest Thompson Seton,white,male,5.77597433112937,2
Ernestine Rose,white,female,4.26717172840301,2
Ernesto Cardenal,latino,male,5.744293,1
Ernesto Che Guevara,white,male,6.59217675739587,10
Ernesto Mora,latino,male,5.143015,1
Ernesto Pérez Vallejo,latino,male,3.925312,1
Ernie Banks,black,male,5.74896286125616,6
Ernie Harwell,white,male,5.36735592102602,2
Ernie Pyle,white,male,5.76937732607614,4
Ernst Cassirer,white,male,5.86033800657099,2
Ernst F. Schumacher,white,male,4.18184358794477,4
Ernst Fischer,white,male,5.04139268515823,2
Ernst Haas,white,male,5.29003461136252,3
Ernst Mach,white,male,5.40654018043396,2
Ernst Zundel,white,male,4.94743372188705,2
Erri De Luca,white,male,5.61384182187607,5
Errol Flynn,white,male,6.29003461136252,3
Erwin Knoll,white,male,3.97726621242729,2
Erwin McManus,latino,male,4.624282,1
Erwin Rommel,white,male,5.90417436828416,3
Erwin Schrödinger,white,male,5.87563993700417,5
Erwin W. Lutzer,white,male,5.4814426285023,4
Erykah Badu,black,female,6.54157924394658,10
Esai Morales,latino,male,5.544068,2
Esha Gupta,asian,female,6.16731733474818,2
Eshelle Butler,black,female,2.834421,1
Esi Edugyan,black,female,5.28780172993023,2
Esmeralda Santiago,latino,female,5.303196,1
Esmé Raji Codell,white,female,4.44404479591808,2
Esperanza Spalding,black,female,5.658011,1
Essex Hemphill,black,male,4.494155,1
Esteban Urayoán,latino,male,2.85186960072977,2
Estella M. Chung,asian,female,3.01703333929878,4
Estelle Getty,white,female,5.32014628611105,2
Estelle Maskame,white,female,5.59217675739587,9
Estelle Morris,white,female,4.78675142214556,2
Esther Dyson,white,female,4.79379038469082,2
Esther Earl,white,female,4.11058971029925,5
Esther Hicks,white,female,5.48713837547719,3
Esther Jno-Charles,black,female,3.146128,1
Esther Perel,white,female,6.67669360962487,4
Esther Williams,white,female,5.7701152947871,5
Estiana Cahyawati,asian,female,2.76937732607614,2
Ethan Canin,white,male,4.55388302664387,3
Ethan Day,white,male,4.4345689040342,2
Ethan Hawke,white,male,6.80685802951882,7
Ethan Zuckerman,white,male,5.11727129565576,2
Ethel Barrett,white,female,4.45939248775923,2
Ethel Barrymore,white,female,5.38201704257487,4
Ethel Lilian Voynich,white,female,5.52633927738984,4
Ethel Merman,white,female,5.57749179983723,3
Ethel Percy Andrus,white,female,4.67394199863409,5
Ethel Waters,black,female,5.35218251811136,5
Ethel Watts Mumford,white,female,4.40140054078154,6
Etta James,black,female,6.57170883180869,3
Etty Hillesum,white,female,5.90579588036787,7
Eugen Herrigel,white,male,5.178976947,3
Eugen Rosenstock-Huessy,white,male,4.74036268949424,3
Eugen Weber,white,male,5.02118929906994,2
Eugene Cernan,white,male,5.58092497567562,3
Eugene Field,white,male,5.49692964807322,8
Eugene H. Peterson,white,male,6.06445798922692,10
Eugene Jarvis,white,male,4.5092025223311,3
Eugene Kennedy,white,male,5.40654018043396,4
Eugene McCarthy,white,male,5.20139712432045,5
Eugene Mirman,white,male,5.32014628611105,7
Eugene O'Neill,white,male,6.15533603746506,10
Eugene V. Debs,white,male,5.67024585307412,9
Eugenia Cheng,asian,female,5.4843,1
Eugenio III R. Letada,latino,male,0.30103,1
Eugenio Montale,white,male,6.28780172993023,4
Eugenio Prados,latino,male,3.751279,1
Eugie Foster,asian,female,4.45331834004704,2
Euginia Herlihy,white,female,3.92427928606188,10
Eugène Delacroix,white,male,6.51188336097887,7
Eugène Ionesco,white,male,6.04921802267018,10
Eula Biss,white,female,4.96614173273903,2
Eunice Pinkard,black,female,2.260071,1
Eustace Budgell,white,male,4.4996870826184,3
Eva Burrows,white,female,4.758154622,2
Eva Gabor,white,female,5.43296929087441,2
Eva Green,white,female,6.81157500587059,6
Eva Herzigova,white,female,5.56584781867352,5
Eva Hoffman,white,female,4.75739602879302,2
Eva Ibbotson,white,female,5.18184358794477,9
Eva Jessye,black,female,4.948902,1
Eva Le Gallienne,white,female,4.97497199429807,1
Eva Longoria,latino,female,6.67117284271508,6
Eva Mendes,latino,female,6.416641,1
Eva Rice,white,female,4.44715803134222,2
Eva Walker,black,female,4.733197,1
Evan Baldonado,latino,male,3.240549,2
Evan Davis,white,male,5.69983772586725,4
Evan Meekins,white,male,3.51454775266029,10
Evan Minton,white,male,4.20139712432045,3
Evan Peters,white,male,6.48429983934679,2
Evan Smith,white,male,5.68214507637383,3
Evan Spiegel,white,male,5.39619934709574,2
Evander Holyfield,black,male,6.187521,1
Evanescence,white,female,7.06818586174616,5
Evangeline Duran Fuentes,latino,female,3.089905,1
Evangeline Lilly,white,female,6.08635983067475,8
Evans Biya,black,male,2.32837960343874,10
Eve Arden,white,female,5.23044892137827,2
Eve Babitz,white,female,5.50785587169583,2
Eve Chase,white,female,5.35218251811136,3
Eve Ensler,white,female,5.82020145948564,9
Eve Langlais,white,female,5.06069784035361,5
Eve M. Harrell,white,female,3.56820172406699,5
Evel Knievel,white,male,6.07188200730613,5
Eveli Acosta,latino,female,2.41329976408125,5
Evelyn Anderson,white,female,5.50514997831991,2
Evelyn Beatrice Hall,white,female,5.19865708695442,3
Evelyn Glennie,white,female,5.29446622616159,5
Evelyn L. Colon,latino,female,2.984977,1
Evelyn Lauder,white,female,4.65609820201283,6
Evelyn Lielou Colon,latino,female,0.30103,1
Evelyn Mandel,white,female,3.75127910398334,1
Evelyn Skye,asian,female,5.12385164096709,3
Evelyn Smith,white,female,5.58771096501891,5
Evelyn Underhill,white,female,5.00860017176192,10
Evelyn Waugh,white,male,5.91434315711944,10
Even Engesland,white,male,1.99122607569249,5
Everett Dirksen,white,male,4.85369821177617,7
Evgeny Morozov,white,male,5.41830129131975,8
Evita Peron,white,female,5.46239799789896,8
Ewan McGregor,white,male,6.61909333062674,10
Ezekiel Elliott,black,male,5.9670797341445,2
Ezra Klein,white,male,6.44090908206522,2
Ezra Pound,white,male,6.19033169817029,9
Ezra Stiles,white,male,4.71432975974523,2
Ezra Taft Benson,white,male,5.65030752313194,10
Eça de Queirós,white,male,6.23044892137827,2
F. D. Roosevelt,white,male,6.24303804868629,3
F. H. Bradley,white,male,5.07188200730613,3
F. Haywood Glenn,black,male,3.012837,1
F. Paul Wilson,white,male,6.16136800223498,3
F. Scott Fitzgerald,white,male,6.71011736511182,10
F. Sionil José,asian,male,5.02118929906994,10
F. W. de Klerk,white,male,5.843232778,2
F.C. Yee,asian,male,4.796574,1
F.Scott Fitzgerlad,white,male,6.71264970162721,2
F.W. Boreham,white,male,4.91487181754005,2
FAIZAN,asian,male,7.143015,1
Fab Five Freddy,black,male,5.587711,1
Fabian W. Williges,white,male,2.91960102378411,2
Fabiola Francisco,latino,female,4.322219295,3
Fabrice Muamba,black,male,5.330414,1
Fabrizio Moreira,latino,male,4.58883172559421,10
Faiqa Mansab,asian,female,4.32838,1
Faisal Hafeez Mughal,asian,male,0.90309,1
Faisal Khosa,asian,male,4.56348108539441,10
Faisal Nawaz Maitlo,asian,male,2.30319605742049,8
Faith Baldwin,white,female,4.83821922190763,5
Faith Hill,white,female,6.39269695325967,6
Faith Ringgold,black,female,5.383815,1
Faith Sullivan,white,female,4.67760695272049,10
Faith Tigere,black,female,2.911158,3
Faizan Ahmad Zargar,asian,male,3.143015,1
Famous Pedro,latino,male,3.783189,1
Fan Bingbing,asian,female,6.025305865,3
Fannie Flagg,white,female,5.35218251811136,7
Fannie Hurst,white,female,5.31806333496276,2
Fanny Burney,white,female,5.17318626841227,4
Fanny Fern,white,female,4.65224634100332,2
Fantasia Barrino,black,female,5.811575,2
Farah Oomerbhoy,asian,female,4.133539,2
Farahad Zama,asian,male,4.16136800223498,8
Faraz Ahmed Memon,asian,male,4.432969,1
Faraz Ahmed Rizwan,asian,male,3.681241,1
Farhan Shahjahan,asian,male,2.501059,1
Faria Rehman,asian,female,3.682145,1
Farkas Bolyai,white,male,4.30535136944662,2
Farzana Zahid,asian,female,4.19033169817029,7
Fat Joe,latino,male,6.683947,1
Father Jacques Philippe,white,male,4.29885307640971,2
Fatima Sana Shaikh,asian,female,6.220108,1
Fawn Bonning,white,female,2.98632377705077,2
Fawn Weaver,black,female,5.11727129565576,2
Fay Weldon,white,female,5.3324384599156,10
Faydra D. Fields,black,female,3.02530586526477,10
Faye Kellerman,white,female,5.60097289568675,2
Faye McCray,black,female,4.089905,1
Faye Wattleton,black,female,4.694605,2
Fazal Inayat-Khan,asian,male,3.143015,1
Federico Chini,white,male,3.70070371714502,6
Federico Fellini,white,male,6.45484486,9
Federico García Lorca,white,male,6.96094619573383,10
Federico Pablo Dana,latino,male,1.892095,1
Fela Durotoye,black,male,5.2718416065365,10
Felice Stevens,white,female,4.58433122436753,2
Felicia D. Hemans,white,female,3.42813479402879,6
Felicia Day,white,female,5.57518784492766,10
Felicia Hemans,white,female,5.10720996964787,2
Felicity Heaton,white,female,4.408239965,4
Felicity Jones,white,female,6.3096301674259,6
Felipe VI of Spain,white,male,5.58319877396862,4
Felisberto Hernández,latino,male,5.392697,1
Felix Adler,white,male,5.21748394421391,5
Felix Alba-Juez,latino,male,3.30535136944662,9
Felix Baumgartner,white,male,6.01703333929878,4
Felix Dennis,white,male,4.9912260756925,7
Felix Frankfurter,white,male,5.44715803134222,10
Felix O. Hartmann,white,male,2.85369821177617,9
Felix Okoye,black,male,3.962369,1
Felix Salten,white,male,5.85733249643127,3
Felix Y. Siauw,asian,male,4.661813,1
Fenny Wong,asian,female,4.354108,1
Ferdinand E. Marcos,asian,male,5.884229,1
Ferdinand Foch,white,male,5.57749179983723,3
Ferdinand Marcos,asian,male,6.52633927738984,5
Ferdinand Mount,white,male,4.58092497567562,4
Ferdinand Oyono,black,male,5.257679,1
Ferdinand Porsche,white,male,5.92941892571429,3
Ferdinand de Saussure,white,male,6.13987908640124,3
Fergie,white,female,7.15533603746506,4
Fern Michaels,white,female,5.55630250076729,2
Fern Schumer Chapman,white,female,4.23552844690755,3
Fernand Dumont,white,male,4.855519156,2
Fernando A. Torres,latino,male,4.34242268082221,4
Fernando Botero,latino,male,6.049218,1
Fernando Briceño,latino,male,4.89542254603941,2
Fernando Flores,latino,male,6.11727129565576,3
Fernando González y Lozano,latino,male,3.25527250510331,3
Fernando Pessoa,white,male,6.61804809671209,10
Fernando Rodriguez,latino,male,6.875061,1
Fernán Caballero,white,female,5.82216807936802,2
Ferrant Sanchez Calavera,latino,male,2.30963,1
Festus adeoye,black,male,3.752048,1
Fetty Wap,black,male,6.42324587393681,2
Fidelis O Mkparu,black,male,3.27646180417324,3
Field Marshal Erwin Rommel,white,male,5.25042000230889,2
Filios Sazeides,white,male,3.52113808370404,2
Filipe Alou,latino,male,5.103804,1
Filippo Bologna,white,male,4.62117628177504,2
Finley Peter Dunne,white,male,4.88986172125819,10
Fiona Apple,white,female,6.19589965240923,10
Fiona Paul,white,female,4.26951294421792,2
Fiona Thrust,white,female,3.22788670461367,5
Fiona Wood,white,female,4.9804578922761,5
First Lady Michelle Obama,black,female,6.567026,1
Fisher Amelie,white,female,4.49136169383427,6
Fiston Mwanza Mujila,black,male,4.91115760873998,3
Flann O'Brien,white,male,5.63144376901317,4
Flannery O'Connor,white,female,5.99738638439731,10
Flavia Weedn,white,female,4.86093662070009,4
Flip Wilson,black,male,5.48287358360875,4
Flora Nwapa,black,female,4.941511,1
Flora Rheta Schreiber,white,female,4.78746047451842,5
Flora Roberts,white,female,4.02118929906994,4
Florence Griffith Joyner,black,female,5.64443858946784,5
Florence Kelley,white,female,4.72015930340596,3
Florence King,white,female,4.76863810124761,6
Florence Nightingale,white,female,6.6170003411209,9
Florence Scovel Shinn,white,female,6.28330122870355,7
Florence Welch,white,female,6.03342375548695,4
Florence Williams,white,female,5.17609125905568,2
Florenz Ziegfeld,white,male,5.28555730900777,2
Florida Scott-Maxwell,white,female,4.14612803567824,10
Florynce Kennedy,black,female,4.436163,2
Floyd Henderson,black,male,4.881955,1
"Floyd Mayweather, Jr.",black,male,6.06069784035361,10
Flume,white,male,6.8488047010518,2
Flynn Meaney,white,male,3.849419414,3
Fola,black,female,6.91487181754005,5
Fonda Lee,asian,female,5.437751,1
Ford Frick,white,male,4.90471554527868,2
Ford Madox Ford,white,male,5.82607480270083,6
Forest Whitaker,black,male,6.27646180417324,2
Forrest Carr,white,male,4.06445798922692,10
Forrest Carter,white,male,4.89486965674525,4
"Foster ""Raul"" Mkhabele",black,male,0.778151250383644,2
Foster Friess,white,male,4.2718416065365,2
Foxy Brown,black,female,6.252853,1
Fran Drescher,white,female,6.20951501454263,4
Fran Lebowitz,white,female,5.46239799789896,10
Fran Macilvey,white,female,3.65030752313194,2
Fran Wilde,white,female,5.09342168516223,2
Frances Beinecke,white,female,4.34830486304816,4
Frances Densmore,white,female,5.09691001300806,5
Frances E. Willard,white,female,5.053078443,2
Frances Ellen Watkins Harper,black,female,5.240549,1
Frances Farmer,white,female,5.29885307640971,3
Frances Fong,asian,female,4.365488,1
Frances Hardinge,white,female,5.053078443,8
Frances Hodgson Burnett,white,female,6.70671778233676,10
Frances Mayes,white,female,5.25767857486918,10
Frances Newton,black,female,4.78533,1
Frances Ridley Havergal,white,female,5.32633586092875,5
Frances Ward Weller,white,female,3.74741180788642,1
Frances Wright,white,female,5.16435285578444,6
Francesca Annis,white,female,5.17609125905568,7
Francesca Lia Block,white,female,5.33845649360461,10
Francesca Marciano,white,female,5.03342375548695,10
Francesca Zappia,white,female,5.58206336291171,10
Francesco Guicciardini,white,male,5.60205999132796,6
Francesco Marciuliano,white,male,4.89542254603941,2
Francine Pascal,white,female,5.20139712432045,9
Francine Prose,white,female,5.25042000230889,4
Francine Rivers,white,female,5.61278385671974,10
Francis A. Schaeffer,white,male,4.91328390176042,9
Francis Bacon,white,male,6.64933485871214,10
Francis Beaumont,white,male,4.91960102378411,5
Francis Cabot Lowell,white,male,4.78532983501077,2
Francis Chan,asian,male,5.59988307207369,10
Francis Collins,white,male,5.50514997831991,8
Francis Crick,white,male,6.17318626841227,2
Francis Ford Coppola,white,male,6.63245729218472,10
Francis Harold Cook,white,male,3.02938377768521,3
Francis Herbert Hedge,white,male,2.65801139665711,2
Francis Marion Crawford,white,male,5.32633586092875,6
Francis Parker Yockey,white,male,4.668385917,4
Francis Picabia,white,male,6.17609125905568,5
Francis Quarles,white,male,4.49554433754645,10
Francis Spufford,white,male,5.26245109,2
Francis William Bourdillon,white,male,4.34242268082221,2
Francis de Sales,white,male,6.73479982958885,10
Francis of Assisi,white,male,6.86213137931304,10
Francisca Olivia,latino,female,4.13672056715641,2
Francisco Goya,white,male,6.20411998265593,2
Francisco X. Alarcón,latino,male,4.474216,1
Francisco X. Stork,latino,male,4.96473092105363,3
Francisco de Goya,white,male,6.46089784275655,2
Franco Harris,black,male,5.655138,1
Francois Hollande,white,male,5.96284268120124,10
Francois Nars,white,male,5.24551266781415,5
Francois Rabelais,white,male,5.85973856619715,10
Francois de Fenelon,white,male,4.3096301674259,5
Frank A. Clark,white,male,4.92220627743902,10
Frank Abagnale,white,male,6.2718416065365,10
Frank Beddor,white,male,4.86153441085904,8
Frank Bidart,white,male,4.938019097,5
Frank Bruno,black,male,5.60205999132796,3
Frank C. Laubach,white,male,4.48429983934679,3
Frank Capra,white,male,6.11058971029925,5
Frank Carlucci,white,male,4.8494194137969,3
Frank Chase Jr.,black,male,3.833147,1
Frank Clark,black,male,5.55266821611219,3
Frank Crane,white,male,4.46834733041216,10
Frank D. Gilroy,white,male,4.60852603357719,2
Frank Dane,white,male,4.46389298898591,2
Frank Delaney,white,male,4.83058866868514,5
Frank E. Armstrong,white,male,4.04139268515823,3
Frank E. Peretti,white,male,5.26717172840301,4
Frank F. Gelat,white,male,1.54406804435028,2
Frank Gehry,white,male,7.00432137378264,10
Frank Gifford,white,male,5.24303804868629,4
Frank Harris,black,male,5.70329137811866,4
Frank Healy,white,male,4.82412583391655,2
Frank Herbert,white,male,6.50785587169583,10
Frank Jackson,black,male,5.540329,1
Frank Julius,white,male,5.71180722904119,2
Frank Knox,white,male,5.09691001300806,3
Frank Lampard,white,male,6.54900326202579,2
Frank Lane,white,male,5.10380372095596,2
Frank Langella,white,male,5.62838893005031,2
Frank Leahy,white,male,4.76117581315573,3
Frank Lee,asian,male,5.822168,1
Frank Lentricchia,white,male,4.63848925695464,5
Frank Lloyd Wright,white,male,6.91009054559407,10
Frank Luntz,white,male,5.10037054511756,6
Frank McCourt,white,male,5.65609820201283,10
Frank Miller,white,male,6.63042787502502,6
Frank Moore Colby,white,male,4.59988307207369,6
Frank Murkowski,white,male,4.36735592102602,2
Frank Murphy,white,male,5.54032947479087,3
Frank Norris,white,male,5.30319605742049,2
Frank O'Connor,white,male,5.542825427,2
Frank O'Hara,white,male,5.48855071650044,10
Frank Ocean,black,male,7.00432137378264,9
Frank Olvera,latino,male,4.37106786227174,1
Frank Portman,white,male,4.30319605742049,2
Frank Press,white,male,4.82672252016899,2
Frank Puglisi,white,male,4.04139268515823,1
Frank Scully,white,male,4.15836249209525,1
Frank Sinatra,white,male,7.44404479591808,10
Frank Sonnenberg,white,male,4.8842287696326,10
Frank Stella,white,male,6.0899051114394,4
Frank Swinnerton,white,male,4.58319877396862,3
Frank Tallis,white,male,4.67851837904011,3
Frank Tyger,white,male,4.76492298464989,6
Frank Warren,white,male,5.72345567203519,6
Frank Wilczek,white,male,5.50242711998443,2
Frank Wilson,black,male,5.841359,1
Frank Wynne,white,male,4.75204844781944,5
Frank Zappa,white,male,6.74973631556906,10
Franklin D. Roosevelt,white,male,6.80071707828238,9
Franklin Delano Roosevelt,white,male,6.64738297,6
Franklin Graham,white,male,6.07918124604763,2
Franklin Knight Lane,white,male,3.849419414,2
Franklin P. Adams,white,male,4.64640372622307,7
Franklin P. Jones,white,male,5.16136800223498,9
Franklin Pierce,white,male,6.23299611039215,2
Franklin Pierce Adams,white,male,4.4996870826184,4
Franklin Raines,black,male,3.984077,1
Franny Billingsley,white,female,4.62428209583567,10
Frans G. Bengtsson,white,male,5.12710479836481,3
Frans de Waal,white,male,6.13987908640124,6
Frantz Fanon,black,male,6.44248,6
Franz Bardon,white,male,5.46982201597816,3
Franz Boas,white,male,5.57749179983723,2
Franz Grillparzer,white,male,5.72591163229505,4
Franz Kafka,white,male,6.9216864754836,10
Franz Liszt,white,male,6.62531245096167,10
Franz Schubert,white,male,6.72181061521255,8
Franz Werfel,white,male,5.90848501887865,7
Franz Wright,white,male,4.55509444857832,4
Franz von Holzhausen,white,male,4.7355989,3
François Du Toit,white,male,5.8318697742805,2
François Fénelon,white,male,4.66651798055488,8
François Lelord,white,male,5.58433122436753,10
François Mauriac,white,male,6.15228834438306,9
François de La Rochefoucauld,white,male,6.00432137378264,10
François-René de Chateaubriand,white,male,6.06445798922692,3
Françoise Sagan,white,female,6.09691001300806,10
Fred Allen,white,male,5.604226053,9
Fred Astaire,white,male,6.54777470538782,3
Fred Brooks,white,male,5.06445798922692,2
Fred DeLuca,white,male,5.16731733474818,2
Fred Durst,white,male,6.0899051114394,4
Fred G. Gosman,white,male,3.38738982633873,4
Fred Hammond,black,male,5.612784,1
Fred Hampton,black,male,5.60530504614111,2
Fred Hoyle,white,male,5.40312052117582,4
Fred Korematsu,asian,male,5.623249,1
Fred Moten,black,male,5.071882,1
Fred Munoz,latino,male,4.29446622616159,6
Fred Rogers,white,male,6.06818586174616,10
Fred Shuttlesworth,black,male,4.683947,1
Fred Thompson,white,male,5.47275644931721,2
Fred Van Lente,white,male,6.029383778,3
Fred Wilson,white,male,5.59659709562646,2
Fred Woodworth,white,male,4.34044411484012,2
Freda Adler,white,female,4.54530711646582,2
Freddie Mercury,asian,male,7.13353890837022,5
"Freddie Prinze, Jr.",latino,male,6.0086,1
Freddie Wong,asian,male,4.883661,1
Freddy Adu,black,male,5.363612,1
Freddy Fender,latino,male,5.480007,1
Freddy Sipho Mahhumane,black,male,1,1
Frederic M. Perrin,white,male,3.19033169817029,5
Frederic Raphael,white,male,5.029383778,2
Frederica Mathewes-Green,white,female,5.57863920996807,4
Frederick B. Wilson,black,male,3.951823,1
Frederick Buechner,white,male,5.610660163,10
Frederick Douglass,black,male,6.591064607,9
Frederick Franck,white,male,4.40483371661994,2
Frederick Henry Hedge,white,male,3.69810054562339,2
Frederick L. Coxen,white,male,2.365487985,2
Frederick Pollock,white,male,5.21748394421391,2
Frederick Reines,white,male,4.74663419893758,2
Frederick Sanger,white,male,5.20951501454263,3
Frederick Vanderbuilt,white,male,3.99782308074573,2
Frederick W. Robertson,white,male,4.73957234445009,5
Frederick W. Smith,white,male,5.3324384599156,3
Frederick Weisel,white,male,3.7979596437372,4
Frederick William Faber,white,male,5.12710479836481,6
Frederick the Great,white,male,5.99166900737995,10
Frederik L. Schodt,white,male,4.641474111,2
Frederik Pohl,white,male,5.46089784275655,5
Fredg Morales,latino,male,5.474216,1
Fredric Jameson,white,male,5.9216864754836,2
Fredrik Backman,white,male,6.71180722904119,10
Freeman A. Hrabowski III,black,male,4.307496,1
Freeman Dyson,white,male,5.28103336724773,8
Freeman Thomas,white,male,4.86332286012046,2
Freida Pinto,asian,female,5.804821,1
Freya North,white,female,4.89431606268444,4
Freya Stark,white,female,4.97634997900327,9
Fridtjof Nansen,white,male,6.37291200297011,3
Friedensreich Hundertwasser,white,male,6.15836249209525,3
Friedrich A. Hayek,white,male,4.94987770403687,7
Friedrich August von Hayek,white,male,5.35602585719312,10
Friedrich Dürrenmatt,white,male,6.19033169817029,10
Friedrich Engels,white,male,6.38916608436453,8
Friedrich Holderlin,white,male,6.07918124604763,2
Friedrich Nietzsche,white,male,6.82930377283103,10
Friedrich Schiller,white,male,6.48713837547719,10
Friedrich von Schiller,white,male,6.05690485133647,10
Fritjof Capra,white,male,5.89153745767256,3
Fritz Chery,black,male,4.26951294421792,5
Fritz Leiber,white,male,5.542825427,4
Fritz Sauckel,white,male,4.79518458968242,4
Fritz Todt,white,male,4.9912260756925,2
Fritz Zwicky,white,male,5.15836249209525,2
Frédéric Bastiat,white,male,5.8318697742805,10
Frédéric Chopin,white,male,7.00432137378264,6
Fujio Mitarai,asian,male,4.416641,1
Fulton J. Sheen,white,male,5.56584781867352,10
Fulton Oursler,white,male,4.89153745767256,3
Fuminori Nakamura,asian,male,4.8992731873176,3
Fumio Obata,asian,male,4.260071,1
Future,black,male,9.57170883180869,3
Fuyumi Ono,asian,female,5.46389298898591,5
Fuyumi Soryo,asian,female,5.17609125905568,5
Fyodor Dostoevsky,white,male,6.76042248342321,10
Fyodor Dostoyevsky,white,male,6.53907609879278,10
Fábio Moon,latino,male,5.292256,2
Félix J. Palma,latino,male,4.93449845124357,10
G-Eazy,white,male,6.80071707828238,2
G. Adithyan,asian,male,2.217484,1
G. C. Lichtenberg,white,male,4.6730209071289,9
G. Gordon Liddy,white,male,5.48429983934679,2
G. H. Hardy,white,male,5.3541084391474,9
G. K. Chesterton,white,male,6.30319605742049,10
G. M. Trevelyan,white,male,4.68484536164441,5
G. Norman Collie,white,male,2.89042101880091,2
G. Norman Lippert,white,male,4.25767857486918,5
G. Stanley Hall,white,male,5.43616264704076,3
G.A. Hauser,white,female,4.80821097292422,4
G.E. Moore,white,male,5.35983548233989,4
G.G. Renee Hill,black,female,3.959995,1
G.K. Dutta,asian,male,4.35983548233989,10
G.P. Taylor,white,male,4.72754125702856,2
G.R. Gopinath,asian,male,4.63648789635337,4
G.S. Sreekiran,asian,male,2.87157293554588,3
G.W Lwin,asian,male,2.396199,2
GE Paulus,white,male,3.13353890837022,7
Gabby Douglas,black,female,5.3747483460101,7
Gabby Rivera,latino,female,5.176091,1
Gabe A. Lopez,latino,male,2.752816,1
Gabe Kaplan,white,male,4.83632411570675,2
Gabe Newell,white,male,5.91222205653242,3
Gabourey Sidibe,black,female,5.818226,1
Gabriel Basso,white,male,5.88817949391832,2
Gabriel Bá,latino,male,5.33445375115093,2
Gabriel Chevallier,white,male,5.06445798922692,2
Gabriel García Márquez,latino,male,6.76492298464989,10
Gabriel Iglesias,latino,male,7.15836249209525,3
Gabriel Luna,latino,female,5.922206,1
Gabriel Marcel,white,male,5.56229286445647,4
Gabriela Isler,latino,female,5.38739,1
Gabriela M. Sanchez,latino,female,3.956168,2
Gabriela Mistral,latino,female,6.65417654187796,2
Gabriela Pereira,latino,female,6.021189,1
Gabriela Rodriguez,latino,female,6.565848,1
Gabriele Corno,white,male,5.14301480025409,2
Gabriella Jording,white,female,2.71096311899528,10
Gabriella Kortsch,white,female,3.56584781867352,2
Gabrielle Aplin,white,female,5.65417654187796,2
Gabrielle Bernstein,white,female,5.35218251811136,4
Gabrielle Black,black,female,4.72591163229505,2
Gabrielle Bossis,white,female,4.99475694458763,2
Gabrielle Giffords,white,female,5.29666519026153,3
Gabrielle Hamilton,white,female,4.9731278535997,6
Gabrielle Roy,white,female,5.33645973384853,2
Gabrielle Tozer,white,female,4.26007138798508,1
Gabrielle Union,black,female,6.38201704257487,4
Gaby Hoffmann,white,female,5.33645973384853,2
Gackt,asian,male,6.85125834871908,2
Gaddameedi Pavan Kumar,asian,male,1.799341,1
Gael Garcia Bernal,latino,male,5.96142109406645,3
Gaelen Foley,white,female,5.17609125905568,6
Gagan preet kaur,asian,female,4.127105,1
Gail Caldwell,white,female,4.572871602,7
Gail Carriger,white,female,5.683047038,10
Gail Carson Levine,white,female,5.564666064,10
Gail Collins,white,female,5.58771096501891,2
Gail Devers,black,female,5.201397,1
Gail Godwin,white,female,4.82607480270083,5
Gail McHugh,white,female,4.91750550955255,3
Gail Sheehy,white,female,5.33645973384853,7
Gail Simmons,white,female,5.15533603746506,3
Gail Tsukiyama,asian,female,4.97358962342726,7
Gaius Julius Caesar,white,male,6.19033169817029,2
Gale Anne Hurd,white,female,5.56348108539441,2
Gale Norton,white,female,4.47421626407626,2
Gale Sayers,black,male,5.646404,1
Galen,white,male,7.32633586092875,3
Galen Rowell,white,male,5.23044892137827,2
Galileo Galilei,white,male,6.86864443839483,10
Galt Niederhoffer,white,female,4.902002891,4
Galway Kinnell,white,male,5.17318626841227,3
Gao Xingjian,asian,male,5.55509444857832,2
Garcelle Beauvais,black,female,5.95133751879592,3
Garey Gordon,white,male,3.04139268515822,5
Gargi,asian,male,6.70757,1
Gargi Pattanayak,asian,female,2.348305,1
Gargi Vyas,asian,female,3.77158748088126,2
Garima Jain,asian,female,5.811575,1
Garima Mittal,asian,female,4.595496,1
Garrett Hardin,white,male,5.07918124604763,5
Garrett McCoy,white,male,4.15836249209525,9
Garrett Morris,black,male,5.322219,1
Garrison Keillor,white,male,5.67117284271508,10
Garry Crystal,white,male,3.78887511577542,3
Garry Fitchett,white,male,2.97726621242729,9
Garry Kasparov,white,male,6.11727129565576,9
Garry Shandling,white,male,5.70243053644553,3
Garry Trudeau,white,male,5.17026171539496,3
Garry Wills,white,male,5.03742649794062,5
Garson Kanin,white,male,5.48287358360875,2
Garth Brooks,white,male,6.58658730467176,9
Garth Coonce,white,male,2.91803033678488,3
Garth Davis,white,male,5.33041377334919,2
Garth Ennis,white,male,6.01703333929878,10
Garth Greenwell,white,male,5.542825427,2
Garth Nix,white,male,5.59659709562646,10
Garth Risk Hallberg,white,male,5.00432137378264,10
Garth Stein,white,male,5.32014628611105,10
Gary Ackerman,white,male,4.54900326202579,3
Gary Allan,white,male,5.60205999132796,3
Gary Busey,white,male,6.00860017176192,2
Gary Chapman,white,male,6.17609125905568,10
Gary Cherone,white,male,5.47129171105894,2
Gary Coleman,black,male,5.564666064,3
Gary D. Schmidt,white,male,4.99738638439731,10
Gary Edward Gedall,white,male,3.75204844781944,5
Gary Gygax,white,male,5.58994960132571,2
Gary Hamel,white,male,5.609594409,6
Gary Herbert,white,male,4.96661098668193,3
Gary Johnson,white,male,6.120573931,5
Gary Keller,white,male,5.53402610605614,7
Gary L. Francione,white,male,4.95085145888855,10
Gary Larson,white,male,5.71264970162721,4
Gary Lineker,white,male,6.25285303097989,2
Gary Locke,asian,male,5.04532297878666,4
Gary M. Douglas,white,male,5.14612803567824,6
Gary North,white,male,4.90525604874845,3
Gary Oldman,white,male,6.94101424370557,6
Gary Paulsen,white,male,5.56820172406699,9
Gary Reilly,white,male,4.82994669594164,3
Gary Rohrmayer,white,male,4.22271647114758,10
Gary Ross,white,male,5.58092497567562,3
Gary Snyder,white,male,5.591064607,8
Gary Soto,latino,male,5.10037054511756,2
Gary Thomas,white,male,5.922725458,4
Gary Vaynerchuk,white,male,5.94250410616808,6
Gary Weiss,white,male,4.77085201164214,3
Gary Wolf,white,male,5.26007138798508,2
Gary Zukav,white,male,5.79726754083072,9
Gaston Bachelard,white,male,6.15836249209525,10
Gaston Caperton,white,male,4.58319877396862,2
Gaston Leroux,white,male,6.28103336724773,7
Gatot Soedarto,asian,male,3.739572,1
Gaurav Agnihotri,asian,male,4.675778,1
Gaurav Atulkumar Singh,asian,male,2.281033,1
Gaurav Dashputra,asian,male,3.209515,1
Gaurav GRV Sharma,asian,male,2.58658730467176,4
Gaurav Parab,asian,male,4.56229286445647,2
Gauri Shankar Gupta,asian,male,4.752816,1
Gautam Adani,asian,male,6.278754,1
Gautam Gambhir,asian,male,6.645422,1
Gautama Siddharta,asian,male,4.462398,1
Gavin DeGraw,white,male,5.87563993700417,3
Gavin G. Smith,white,male,4.53019969820308,7
Gavin MacLeod,white,male,5.24797326636181,3
Gavin Mills,white,male,5.01703333929878,8
Gavin Newsom,white,male,7.26951294421792,10
Gay Hendricks,white,male,4.99694924849538,2
Gay Talese,white,male,5.80208925788173,3
Gayathri Jayakumar,asian,female,3.65609820201283,4
Gayathri Ramprasad,asian,female,4.149219,1
Gayendra Abeywardane,asian,male,2.22788670461367,10
Gayle Foreman,white,female,4.35024801833416,2
Gayle Forman,white,female,6.12385164096709,10
Gaylord Nelson,white,male,5.120573931,5
Gaynell E. Hickman,black,female,4.225309,1
Gebby Pradana,asian,male,2.117271,1
Ged Thompson Liverpool Poet,white,male,1.56820172406699,4
Geddy Lee,white,male,6.06445798922692,2
Geetanjali Mukherjee,asian,female,4.15228834438306,2
Geetha TG,asian,female,3.053078,1
Geetika Kohli,asian,female,4.365488,1
Gelett Burgess,white,male,5.07554696139253,3
Gelila Bekele,black,female,4.90902085421116,2
Gemma Halliday,white,female,4.50514997831991,4
Gemma Liviero,white,female,4.25527250510331,4
Gen Urobuchi 虚淵 玄,asian,male,2.67394199863409,1
Gena Lee Nolin,white,female,5.64738297,2
Gena Showalter,white,female,6.04921802267018,10
Gene Baur,white,male,4.44090908206522,2
Gene Edward Veith Jr.,white,male,4.89542254603941,7
Gene Fowler,white,male,4.78247262416629,6
Gene Hill,white,male,4.91750550955255,2
Gene Luen Yang,asian,male,5.95472479097906,6
Gene Roddenberry,white,male,5.79098847508882,7
Gene Siskel,white,male,5.67209785793572,3
Gene Tierney,white,female,5.78887511577542,9
Gene Wilder,white,male,6.20951501454263,5
Gene Wolfe,white,male,5.56937390961505,10
Geneen Roth,white,female,5.63245729218472,3
General Colin L. Powell,black,male,4.863917,1
General Douglas MacArthur,white,male,6.1846914308176,4
General George S. Patton,white,male,5.881954971,7
General Omar N. Bradley,white,male,4.8733206018154,2
General Pervez Musharraf,asian,male,4.17609125905568,2
General Sir John Monash,white,male,4.985426474083,1
General William T. Sherman,white,male,5.49136169383427,3
Genereux Philip,white,male,3.64933485871214,10
Genesis Rodriguez,latino,female,5.63948648926859,3
Geneva Caballero Uy,latino,female,0.954243,1
Geneva Gay,black,female,4.562293,1
Genevieve Cogman,white,female,5.34830486304816,4
Genevieve Dewey,white,female,2.96894968098134,2
Genevieve Gorder,white,female,5.3747483460101,2
Genevieve Ross,white,female,4.27646180417324,2
Genevra Thorne,white,female,3.05690485133647,3
Genieve Dawkins,black,female,3.59769518592551,3
Gennifer Albin,white,female,4.45484486,2
Geoff Colvin,white,male,5.03342375548695,2
Geoff Dyer,white,male,5.2718416065365,7
Geoff Mains,white,male,3.8234742291703,2
Geoff Mulgan,white,male,5.02118929906994,7
Geoff Ryman,white,male,4.69019608002851,6
Geoff Stults,white,male,5.32837960343874,2
Geoffrey Canada,black,male,4.65609820201283,7
Geoffrey Chaucer,white,male,6.13353890837022,10
Geoffrey Hill,white,male,4.98091193777684,2
Geoffrey Rush,white,male,6.03342375548695,2
Geoffrey S. Fletcher,black,male,3.880814,1
Geoffrey Thorne,black,male,4.76566855475901,3
Geoffrey Wood,white,male,4.74896286125616,10
Georg Baselitz,white,male,6.01283722470517,2
Georg Büchner,white,male,6.274157849,6
Georg C. Lichtenberg,white,male,4.26245109,10
Georg Cantor,white,male,5.28780172993023,4
Georg Christoph Lichtenberg,white,male,5.76117581315573,10
Georg Simmel,white,male,6.13033376849501,5
Georg Trakl,white,male,5.73719264270474,2
Georg Wilhelm Friedrich Hegel,white,male,6.29446622616159,10
George,white,female,9.05690485133647,4
George A. Buttrick,white,male,4.16435285578444,2
George A. Gomez,latino,male,4.474216,1
George A. Romero,white,male,6,2
George A. Smith,white,male,5.54032947479087,4
George Ade,white,male,4.96142109406645,10
George Akomas Jr,black,male,2.65513843481138,2
George Alec Effinger,white,male,4.99255351783214,3
George Alexiou,white,male,4.36172783601759,10
George Allen,white,male,6.25285303097989,4
George Ayittey,black,male,4.526339,1
George B. McClellan,white,male,5.55144999797287,3
George Balanchine,white,male,5.97081161087252,4
George Bancroft,white,male,5.22010808804005,5
George Bank jc,white,male,0.903089986991944,3
George Berkeley,white,male,5.50242711998443,4
George Bernard Shaw,white,male,6.54530711646582,10
George Borrow,white,male,5.11727129565576,3
George Brett,white,male,5.95999483832842,4
George Burns,white,male,5.95999483832842,10
George C. Marshall,white,male,6.32428245529769,4
George C. Wallace,white,male,5.39619934709574,3
George Carlin,white,male,6.37106786227174,10
George Chakiris,white,male,5.17026171539496,2
George Chapman,white,male,5.30749603791321,6
George Clinton,black,male,6.214844,1
George Clooney,white,male,7.16731733474818,7
George Crane,white,male,4.81491318127507,2
George Crumb,white,male,5.17609125905568,3
George Cukor,white,male,5.73078227566639,2
George David Stewart,white,male,3.76789761601809,1
George Dawson,black,male,5.064458,1
George Du Maurier,white,male,5.77378644498119,2
George Duke,black,male,6.033424,1
George E. Woodberry,white,male,4.13033376849501,6
George Eastman,white,male,6.00860017176192,2
George Edward Herbert,white,male,4.07554696139253,10
George Eliot,white,female,6.40654018043396,9
George Elliott Clarke,black,male,5.093422,1
George F. Kennan,white,male,5.39269695325967,3
George F. Will,white,male,5.178976947,10
George Foreman,black,male,6.70329137811866,10
George Fox,white,male,6.06818586174616,3
George Galloway,white,male,5.69108149212297,2
George Gershwin,white,male,6.39794000867204,3
George Gissing,white,male,5.59328606702046,7
George Gobel,white,male,4.856124444,2
George Gordon Byron,white,male,6.12385164096709,10
George Grossmith,white,male,5.15228834438306,2
George H. Smith,black,male,5.42975228000241,3
George H. W. Bush,white,male,6.53529412004277,3
George Hamilton,white,male,6.04532297878666,2
George Hammond,white,male,5.06445798922692,10
George Harrison,white,male,6.9670797341445,10
George Hegel,white,male,4.2148438480477,2
George Henry Lewes,white,male,5.24551266781415,9
George Herbert,white,male,6.21748394421391,10
George Herbert Mead,white,male,5.88705437805096,4
George Horace Lorimer,white,male,4.71264970162721,3
George Huang,asian,male,5.049218,1
George Ifeanyi,black,male,4.12385164096709,2
George J. Mitchell,white,male,5.45024910831936,3
George Jackson,black,male,5.75434833571102,4
George Jean Nathan,white,male,5.16136800223498,8
George Lakoff,white,male,5.71683772329952,4
George Leonard,white,male,5.38916608436453,5
George Lopez,latino,male,6.30319605742049,2
George Lucas,white,male,6.84695532501982,10
George M. Church,white,male,4.856124444,5
George M. Cohan,white,male,5.72181061521255,2
George M. Gilbert,white,male,4.29666519026153,10
George MacDonald Fraser,white,male,5.40654018043396,3
George Macaulay Trevelyan,white,male,5.04532297878666,3
George Mason,white,male,6.92220627743902,6
George Matthew Adams,white,male,5.43136376415899,9
George McGovern,white,male,5.536558443,7
George Meredith,white,male,5.34635297445064,9
George Michael,white,male,7.20411998265593,9
George Mikes,white,male,4.58658730467176,3
George Miller,white,male,6.36172783601759,4
George Monbiot,white,male,5.97358962342726,4
George Müller,white,male,5.43775056282039,6
George Norman Douglas,white,male,3.58319877396862,2
George Ohsawa,asian,male,5.294466,1
George Orwell,white,male,7.22271647114758,10
George P. Shultz,white,male,5.33845649360461,2
George Packer,white,male,5.23044892137827,8
George Papandreou,white,male,5.14612803567824,2
George Pataki,white,male,5.16136800223498,4
George Pelecanos,white,male,5.60852603357719,3
George Plimpton,white,male,5.22010808804005,2
George Porter,black,male,5.440909,1
George Pólya,white,male,5.45024910831936,2
George R. Gissing,white,male,3.37657695705651,5
George R. R. Martin,white,male,6.94743372188705,10
George Raft,white,male,5.53019969820308,2
George S. Clason,white,male,6.45484486,10
George S. McGovern,white,male,4.71180722904119,2
George S. Patton,white,male,5.93247376467715,8
George S. Patton Jr.,white,male,5.4996870826184,10
George Sand,white,female,6.46982201597816,10
George Saunders,white,male,5.75204844781944,10
George Savile,white,male,4.90741136077459,3
George Savile Halifax,white,male,3.7355989,3
George Schiaffino,latino,male,3.127105,1
George Seldes,white,male,4.60530504614111,3
George Sheehan,white,male,4.50242711998443,5
George Soros,white,male,6.51719589794997,10
George Stamatis,white,male,4.56584781867352,2
George Steiner,white,male,5.609594409,9
George Sterling,white,male,4.86805636182304,10
George Strait,white,male,6.74741180788642,3
George Takei,asian,male,6.17026171539496,10
George Tenet,white,male,5.12385164096709,2
George Vecsey,white,male,4.45636603312904,6
George W. Bush,white,male,7.06445798922692,10
George W. Stocking,white,male,4.57403126772772,3
George Wald,white,male,4.63648789635337,2
George Wallace,white,male,6.04532297878666,2
George Washington,white,male,7.54032947479087,10
George Washington Carver,black,male,6.11394335230684,10
George Watsky,white,male,4.41329976408125,4
George Weah,black,male,6.28330122870355,3
George Weigel,white,male,5.25285303097989,3
George Weinberg,white,male,4.67394199863409,6
George Whitefield,white,male,5.58883172559421,9
George Will,white,male,6.13987908640124,9
George William Curtis,white,male,5.22010808804005,5
George William Russell,white,male,5.30749603791321,4
George Woodcock,white,male,4.86864443839483,4
Georges Bataille,white,male,5.94694327069783,8
Georges Bernanos,white,male,5.906335042,10
Georges Bidault,white,male,5.19033169817029,2
Georges Braque,white,male,6.61489721603314,7
Georges Clémenceau,white,male,6.84757265914211,8
Georges Duhamel,white,male,5.76342799356294,5
Georges Jacques Danton,white,male,5.00432137378264,4
Georges Rodenbach,white,male,5.28780172993023,5
Georges Simenon,white,male,6.83632411570675,2
Georgette Heyer,white,female,5.59988307207369,10
Georgette Mosbacher,white,female,4.97726621242729,2
Georgia Douglas Johnson,black,female,4.947924,1
Georgia Kakalopoulou,white,female,3.32428245529769,4
Georgia O'Keeffe,white,female,6.59217675739587,8
Ger Duany,black,male,4.58995,1
Gerald Brenan,white,male,5.43775056282039,6
Gerald Durrell,white,male,5.73957234445009,5
Gerald F. Lieberman,white,male,3.51719589794997,3
Gerald Ford,white,male,6.47856649559384,2
Gerald Freeman,black,male,4.356026,1
Gerald G. Jampolsky,white,male,4.94051648493257,6
Gerald Jampolsky,white,male,4.79588001734407,8
Gerald L. Sittser,white,male,4.24551266781415,7
Gerald M. Givens,black,male,2.898176,1
Gerald Massey,white,male,5.1846914308176,2
Gerald Mills,white,male,4.7481880270062,2
Gerald Morris,white,male,4.77378644498119,10
Gerald R. Ford,white,male,6.6730209071289,10
Geraldine Brooks,white,female,5.56229286445647,10
Geraldine Ferraro,white,female,5.01703333929878,5
Geraldine McCaughrean,white,female,5.52762990087134,3
Geraldine Page,white,female,5.30102999566398,2
Geraldo Rivera,latino,male,5.69460519893357,2
Gerard Manley Hopkins,white,male,5.52762990087134,10
Gerard Way,white,male,6.33041377334919,10
Gerard de Marigny,white,male,4.30102999566398,8
Gerhard Casper,white,male,4.90955602924118,2
Geri Halliwell,white,female,6.01283722470517,6
Germany Kent,black,female,5.30749603791321,10
Gerrit Achterberg,white,male,5.09342168516223,2
Gerry Abbey,white,male,3.38381536598043,6
Gerry Adams,white,male,5.63548374681491,9
Gerry Cooney,white,male,5.206825876,6
Gerry Spence,white,male,5.26951294421792,2
Gertrude Atherton,white,female,4.62736585659273,3
Gertrude B. Elion,white,female,4.668385917,2
Gertrude Jekyll,white,female,5.51719589794997,3
Gertrude Stein,white,female,6.11394335230684,10
Ghandi,asian,male,6.667453,1
Gherman Titov,white,male,4.930439595,2
Ghumakkad Agantuk Ram,asian,male,2.15533603746506,8
Gia Coppola,white,female,5.16435285578444,4
Giacomo Casanova,white,male,5.61384182187607,10
Giacomo Leopardi,white,male,6.66558099101795,10
Giada De Laurentiis,white,female,6.58319877396862,4
Gian Carlo Menotti,white,male,5.83632411570675,2
Gian-Carlo Rota,white,male,4.86510397464113,2
Giancarlo Esposito,black,male,6.230449,1
Gianluigi Buffon,white,male,6.63548374681491,2
Gianni Versace,white,male,6.71432975974523,5
Giannina Braschi,latino,female,4.64836,1
Gideon Haigh,white,male,5.120573931,2
Gifford Pinchot,white,male,6.053078443,3
Gift Gugu Mona,black,female,4.52374646681156,10
Giharu Si Perempuan Gunung,asian,female,2.78532983501077,3
Gijs de Vries,white,male,5.63042787502502,5
Gil Asakawa,asian,male,4.372912,1
Gil Gonzales,latino,male,5.033424,2
Gil Scot-Herron,black,male,5.944483,1
Gil Scott-Heron,black,male,5.9216864754836,3
Gilbert Baker,white,male,5.29225607135648,3
Gilbert Gottfried,white,male,5.65513843481138,2
Gilbert Highet,white,male,4.938019097,4
Gilbert K. Chesterton,white,male,5.58206336291171,10
Gilbert Murray,white,male,5.00860017176192,2
Gilbert Parker,white,male,5.04921802267018,8
Gilda Radner,white,female,5.56348108539441,6
Gilles Deleuze,white,male,6.6063813651106,10
Gillian Cross,white,female,4.98407703390283,3
Gillian Flynn,white,female,6.01283722470517,10
Gillian Jacobs,white,female,5.89153745767256,10
Gillian Marchenko,white,female,3.67942789661212,3
Gillian Shields,white,female,5.35218251811136,4
Gina Barreca,white,female,4.73719264270474,10
Gina Bellman,white,female,5.029383778,3
Gina Carano,white,female,6.36735592102602,3
Gina Charles,black,female,4.912753,1
Gina Gershon,white,female,6.029383778,2
Gina Greenlee,black,female,4.22010808804005,10
Gina L. Maxwell,white,female,4.62634036737504,3
Gina Linko,white,female,3.70243053644553,4
Gina Marinello-Sweeney,white,female,3.8234742291703,10
Gina Prince-Bythewood,black,female,5.674861,1
Gina Rodriguez,latino,female,5.99782308074573,4
Gina Sheridan,white,female,4.38916608436453,2
Ginger Rogers,white,female,6.25767857486918,6
Ginger Scott,white,female,4.82672252016899,2
Gini Koch,white,female,4.23299611039215,6
Ginni Rometty,white,female,5.38560627359831,4
Ginnifer Goodwin,white,female,6.29666519026153,5
Ginny Toole,white,female,2.54406804435028,3
Gino Norris,white,male,5.35602585719312,10
Gioacchino Rossini,white,male,6.6730209071289,3
Gioconda Belli,latino,female,5.45331834004704,2
Giordano Bruno,white,male,6.36172783601759,10
Giorge Leedy,white,male,3.04532297878666,8
Giorgio Armani,white,male,7.68214507637383,3
Giotto di Bondone,white,male,6.01703333929878,4
Giovanna Fletcher,white,female,5.28103336724773,4
Giovannie de Sadeleer,white,male,3.88592633980143,2
Girdhar Joshi,asian,male,4.24551266781415,10
Giridhar Alwar,asian,male,3.74507479158206,10
Girish Kohli,asian,male,4.72263392253381,9
Girl Meets World,white,female,6.04921802267018,4
GirlDrawsManga,asian,female,1.70757,1
Gisclerc Morisset,black,male,3.8318697742805,2
Gisela Richter,white,female,4.49415459401844,1
Gisele Bundchen,white,female,7.07554696139253,10
Giselle Fox,white,female,5.16136800223498,3
Gish Jen,asian,female,5.298853,1
Gitika yadav,asian,female,3.778874,1
Giuliana Rancic,white,female,5.767897616,3
Giuseppe Tomasi di Lampedusa,white,male,5.90145832139611,3
Gladys Rivera,latino,female,5.632457,1
Gladys Taber,white,female,4.46538285144842,5
Glen Cook,white,male,5.38381536598043,10
Glen Robinson,black,male,4.848189,1
Glenda Jackson,white,female,5.56348108539441,2
Glendon Swarthout,white,male,4.87966920563205,2
Glenn A. Maltais,white,male,2.19589965240923,6
Glenn Beck,white,male,6.10037054511756,10
Glenn Close,white,female,6.48287358360875,5
Glenn Danzig,white,male,5.54406804435028,5
Glenn Gould,white,male,6.07188200730613,4
Glenn Greenwald,white,male,5.75434833571102,10
Glenn Haybittle,white,male,3.54530711646582,10
Glenn Hefley,white,male,3.42813479402879,2
Glenn Jones,black,male,5.636488,1
Glenn T. Seaborg,white,male,5.12710479836481,2
Glenway Wescott,white,male,4.805500858,3
GloZell,black,female,5.06445798922692,2
Gloria Anzaldua,latino,female,5.383815,1
Gloria Burgess,black,female,4.73239375982297,3
Gloria E. Anzaldúa,latino,female,4.90902085421116,6
Gloria Estefan,latino,female,6.63848925695464,4
Gloria Evangelina Anzaldua,latino,female,4.025306,1
Gloria Furman,white,female,5.23552844690755,9
Gloria Gaynor,black,female,6.40824,2
Gloria Macapagal Arroyo,asian,female,6.01283722470517,5
Gloria Naylor,black,female,4.915399835,7
Gloria Ng,asian,female,4.850033,1
Gloria Steinem,white,female,6.01283722470517,10
Gloria Stuart,white,female,5.35024801833416,2
Gloria Swanson,white,female,5.81491318127507,10
Gloria Tesch,white,female,3.87563993700417,2
Gloria Trevi,latino,female,6.630428,1
Gloria Vanderbilt,white,female,6.57403126772772,6
Gloria Whelan,white,female,5.04139268515823,5
Godfrey Orateng,black,male,2.22788670461367,6
Godfrey Reggio,white,male,5.31597034545692,4
Godspower Oparaugo,black,male,3.635484,1
Godwin Elendu Ph.D,black,male,1.80617997398389,10
Goenawan Mohamad,asian,male,5.48855071650044,2
Goitsemang Sandra Mvula,black,female,1.92941892571429,4
Gold Atienza,asian,male,3.795185,1
Golda Meir,white,female,6.01703333929878,10
Goldie Hawn,white,female,6.55509444857832,10
Goldwin Smith,white,male,5.32837960343874,5
Gollapalli Nithin Kumar,asian,male,2,3
Gong Li,asian,female,5.866878,1
Goodluck Jonathan,black,male,6.419956,1
Gopichand Lagadapati,asian,male,3.453318,1
Goran Persson,white,male,4.67209785793572,2
Goran Spasa,white,male,3.44247976906445,3
Gordie Howe,white,male,6.06445798922692,2
Gordon B. Hinckley,white,male,5.4814426285023,10
Gordon Bethune,white,male,4.65321251377534,3
Gordon Brown,white,male,6.29003461136252,5
Gordon D. Fee,white,male,5.1846914308176,2
Gordon Gee,white,male,4.85003325768977,5
Gordon H. Clark,white,male,5.52633927738984,2
Gordon Korman,white,male,6.19865708695442,7
Gordon Lindsay,white,male,4.93651374247889,2
Gordon Livingston,white,male,4.42813479402879,2
Gordon Merrick,white,male,4.11727129565576,5
Gordon Neufeld,white,male,5.63848925695464,4
Gordon Parks,black,male,5.907411,1
Gordon Ramsay,white,male,7.44715803134222,10
Gordon S. Wood,white,male,5.31597034545692,5
Gordon T. Smith,white,male,4.8228216453031,2
Gordon W. Allport,white,male,5.03342375548695,4
Gore Vidal,white,male,5.83058866868514,10
Gosen Wakashū,asian,male,3.546543,1
Gosho Aoyama,asian,male,6.16731733474818,2
Gossy Ukanwoke,black,male,3.88138465677057,3
Gottfried Wilhelm Leibniz,white,male,6.32428245529769,6
Gotthold Ephraim Lessing,white,male,6.120573931,9
Gourab Banerjee,asian,male,4.604226,1
Gouverneur Morris,white,male,5.06818586174616,3
GowthamaAravinthan,asian,male,0.69897,1
Grace Abbott,white,female,4.74585519517373,2
Grace Burrowes,white,female,4.97081161087252,5
Grace Dola Balogun,black,female,4.025306,1
Grace Draven,white,female,4.99166900737995,5
Grace Hopper,white,female,5.95616843047536,2
Grace Jones,black,female,6.40483371661994,2
Grace Lozada,latino,female,4.66651798055488,2
Grace Murray Hopper,white,female,4.76267856372744,5
Grace Paley,white,female,5.09691001300806,9
Grace Poe,asian,female,5.47421626407626,2
Grace Slick,white,female,5.67486114073781,6
Gracie Allen,white,female,5.39794000867204,3
Graeme Simsion,white,male,5.709269961,7
Graham Chapman,white,male,5.48000694295715,6
Graham Greene,white,male,6.39794000867204,10
Graham Joyce,white,male,4.7701152947871,5
Graham Moore,white,male,5.36361197989214,3
Graham O'Connell,white,male,4.4814426285023,2
Graham Parke,white,male,4.04921802267018,7
Graham Spaid,white,male,2.7160033436348,8
Graham Swift,white,male,5.20139712432045,3
Graham Taylor,white,male,5.52374646681156,3
Grandma Moses,white,female,5.51851393987789,9
Grandmaster Flash,black,male,5.943989,1
Grant Achatz,white,male,5.10380372095596,3
Grant McLachlan,white,male,4.46686762035411,10
Grantland Rice,white,male,4.89376176205794,2
Grazia Deledda,white,female,6.35218251811136,2
Greejesh Prakash,asian,male,2.761176,1
Green Day,white,male,7.32014628611105,7
Greg Anderson,white,male,5.69019608002851,4
Greg Baxter,white,male,4.90091306773767,2
Greg Bear,white,male,5.40993312333129,8
Greg Behrendt,white,male,4.87909587950007,10
Greg Boyle,white,male,4.81224469680037,2
Greg Campbell,white,male,5.74036268949424,2
Greg Cootsona,white,male,4.04139268515823,3
Greg Curtis,white,male,4.72916479,9
Greg Dutilly,white,male,3.11727129565576,5
Greg Egan,white,male,5.20411998265593,5
Greg Farshtey,white,male,5.029383778,3
Greg Graffin,white,male,5.40483371661994,6
Greg Gutfeld,white,male,6.28103336724773,10
Greg Iles,white,male,5.38021124171161,8
Greg Keyes,white,male,5.07918124604763,3
Greg Kinnear,white,male,5.86923171973098,2
Greg L. Alston,black,male,3.664642,1
Greg Lake,white,male,5.63346845557959,2
Greg LeMond,white,male,5.4456042032736,2
Greg Lynn,white,male,5.19312459835446,2
Greg Mongrain,white,male,3.55266821611219,2
Greg Mortenson,white,male,4.86033800657099,6
Greg Norman,white,male,6.41664050733828,2
Greg Pincus,white,male,3.92479599579791,2
Greg Rucka,white,male,6.14612803567824,7
Greg Rutherford,white,male,4.86033800657099,3
Gregg Hurwitz,white,male,5.77597433112937,2
Gregg Olsen,white,male,5.25527250510331,2
Gregor Collins,white,male,3.97034687623009,10
Gregory Bateson,white,male,5.85003325768977,6
Gregory Benford,white,male,5.15533603746506,10
Gregory Cochran,white,male,4.7481880270062,2
Gregory Corso,white,male,5.0899051114394,3
Gregory David Roberts,white,male,5.35024801833416,10
Gregory Hartley,white,male,4.76863810124761,2
Gregory J. Boyle,white,male,4.73479982958885,4
Gregory Maguire,white,male,5.78958071216443,10
Gregory Meeks,black,male,5.127105,1
"Gregory S. Prince, Jr.",white,male,2.94890176097021,5
Gregory V. Diehl,white,male,4.29666519026153,2
Grenville Kleiser,white,male,4.96801571399364,6
Greta Garbo,white,female,6.28780172993023,10
Gretchen McNeil,white,female,5.01703333929878,5
Gretchen Rubin,white,female,5.57634135020579,10
Gretchen de la O,latino,female,3.63447727016073,2
Grete Waitz,white,female,4.700703717,2
Grigoris Deoudis,white,male,3.48287358360875,6
Grimes,white,female,7.58092497567562,5
Griselda Salazar,latino,female,4.845098,1
Gro Harlem Brundtland,white,female,5.64933485871214,10
Groucho Marx,white,male,6.31175386105575,10
Grover Cleveland,white,male,6.178976947,9
Grover Norquist,white,male,4.9903388547876,4
Gu Cheng,asian,male,5.274158,1
Guadalupe Garcia McCall,latino,female,4.499687,1
Guadalupe Nettel,latino,female,5.695482,1
Gugu Mbatha-Raw,black,female,5.82216807936802,2
Guillaume Apollinaire,white,male,6.029383778,9
Guillaume Musso,white,male,5.72509452108147,8
Guillermo Cabrera Infante,latino,male,5.45636603312904,4
Guillermo Galvan,latino,male,5.173186,1
Guillermo Maldonado,latino,male,5.829304,1
Guillermo del Toro,latino,male,7.04139268515823,10
Guiseppe Mazzini,white,male,6.46538285144842,3
Gun Gun Febrianza,asian,male,3.450249,2
Gunbir Singh,asian,male,4.89652621748955,3
Gunnar Myrdal,white,male,5.55388302664387,2
Gunther Hauk,white,male,3.95424250943932,2
Guo Guangchang,asian,male,4.822168,1
Guo Jun,asian,male,5.97266559226611,2
Guo Moruo,asian,male,5.31597,1
Gurazada Apparao,asian,male,3.745855,1
Gurcharan Das,asian,male,4.98766626492627,2
Guru Amar Das,asian,male,5.832509,1
Guru Arjan Dev,asian,male,6.292256,1
Guru Gobind Singh,asian,male,7.029383778,2
Guru Nanak,asian,male,7.2405492482826,10
Guruji Naushir,asian,male,3.40654,1
Gus Van Sant,white,male,6.07918124604763,3
Gustav Heinemann,white,male,6.10380372095596,2
Gustav Klimt,white,male,7.13353890837022,2
Gustav Mahler,white,male,6.4345689040342,8
Gustav Stickley,white,male,5.23552844690755,2
Gustav Stresemann,white,male,5.836956737,3
Gustave Courbet,white,male,6.20139712432045,4
Gustave Flaubert,white,male,6.43775056282039,10
Gustave de Molinari,white,male,4.71933128698373,3
Gustavo Arellano,latino,male,5.39794,1
Gustavo Dudamel,latino,male,6.36172783601759,2
Gustavo Gutiérrez,latino,male,6.26481782300954,2
Guy Browning,white,male,4.01283722470517,2
Guy Clark,white,male,5.60097289568675,2
Guy Debord,white,male,5.72263392253381,10
Guy Delisle,white,male,5.13033376849501,2
Guy Finley,white,male,5.59879050676312,2
Guy Gavriel Kay,white,male,5.32837960343874,10
Guy Laliberte,white,male,5.02118929906994,3
Guy Mankowski,white,male,4.01283722470517,4
Guy P. Harrison,white,male,4.56820172406699,2
Guy Sajer,white,male,4.95279244304409,8
Gwen Moore,black,female,5.167317,1
Gwen Stefani,white,female,7.19312459835446,9
Gwenda Bond,white,female,5.40312052117582,10
Gwendoline Riley,white,female,4.81023251799508,7
Gwendolyn Brooks,black,female,5.5854607295085,10
Gwendolyn Moore,black,female,4.985426,1
Gwyn Thomas,white,male,4.81756536955978,2
Gwyneth Lewis,white,female,4.89320675305985,2
Gwyneth Paltrow,white,female,6.97772360528885,10
Gwynne Shotwell,white,female,5.41830129131975,3
Gyalwa Dokhampa,asian,male,5.01283722470517,10
Gyan Nagpal,asian,male,3.915399835,10
Gyles Brandreth,white,male,6.0899051114394,2
Gyomay M Kubose,asian,male,4.99343623049761,10
Gyorgy Ligeti,white,male,5.25767857486918,2
Gypsy Rose Lee,white,female,5.3324384599156,2
Gyula Krúdy,white,male,4.76937732607614,2
Gérard de Nerval,white,male,6.13672056715641,5
Günter Grass,white,male,5.906873535,10
H L Mencken,white,male,5.67486114073781,10
H. Beam Piper,white,male,4.90741136077459,4
H. Bertram Lewis,white,male,2.80955971463527,1
H. G. Bissinger,white,male,5.20951501454263,2
H. G. Bohn,white,male,4.91907809237607,6
H. Havelock Ellis,white,male,3.48713837547719,5
H. Jackson Brown Jr.,white,male,5.18752072083646,10
H. Midorikawa,asian,male,3.985426,1
H. P. Liddon,white,male,4.15228834438306,2
H. R. Giger,white,male,6.25527250510331,2
H. R. McMaster,white,male,5.30749603791321,2
H. Rap Brown,black,male,5.76042248342321,3
H. Rider Haggard,white,male,6.24797326636181,10
H. Stanley Judd,white,male,3.84633711212981,2
H. T. Leslie,white,male,3.62940959910272,1
H. W. Shaw,white,male,3.94792361983173,4
H.A. Ironside,white,male,5.029383778,2
H.D.,white,female,9.58433122436753,4
H.D. Smith,black,female,4.93399316383124,5
H.M. Forester,white,male,3.16136800223497,8
H.W. Brands,white,male,5.01703333929878,10
H.W.L. Poonja,asian,male,4.839478,1
HM Naqvi,asian,male,4.187521,1
Ha Jin,asian,male,5.4456042032736,2
Ha-Joon Chang,asian,male,5.802774,4
Habeeb Adeokun,black,male,2.62634036737504,2
Hadewijch,white,female,5.12385164096709,2
Hadley Freeman,white,female,4.77597433112937,2
Haidy Santos,latino,female,3.416641,1
Haile Gebrselassie,black,male,5.55388302664387,5
Haile Selassie,black,male,6.39269695325967,6
Hailey Edwards,black,female,5.03342375548695,3
Hajime Isayama,asian,male,6.49415459401844,4
Hakeem Olajuwon,black,male,6.18184358794477,2
Hal Borland,white,male,5.29225607135648,10
Hal Duncan,white,male,4.49276038902684,10
Hal Lindsey,white,male,5.04921802267018,2
Hal Roach,white,male,5.53529412004277,1
Hal Sparks,white,male,4.96754797621886,5
Haley Joel Osment,white,male,6.22530928172586,2
Halldór Laxness,white,male,5.67394199863409,7
Halle Berry,black,female,6.83884909073726,5
Hamilton Holt,white,male,5.14612803567824,2
Hamish Bowles,white,male,5.34044411484012,2
Hamsa Priya Selvam,asian,female,2.37106786227174,3
Hamza Khan Takkar,asian,male,2.71096311899528,4
Hamzat haruna Ribah,black,male,1.579783597,4
Han Fei,asian,male,5.675778,1
Han Kang,asian,female,6.290035,4
Han Nolan,white,female,4.48855071650044,2
Han Suyin,asian,female,4.866287,2
Hanako Ishii,asian,female,3.794488,1
Hanif Hassan Barbhuiya,asian,male,4.28330122870355,3
Hanifa Johnson,black,female,3.029384,1
Hank Aaron,black,male,6.37657695705651,5
Hank Green,white,male,6.46389298898591,5
Hank Johnson,black,male,5.235528,1
Hank Moody,white,male,5.22271647114758,5
Hank Quense,white,male,4.09691001300806,2
Hank Stram,white,male,5.10380372095596,3
Hanna Lui,asian,female,3.51321760006794,3
Hannah Arendt,white,female,6.68033551341456,10
Hannah Brencher,white,female,4.8481891169914,9
Hannah Harrington,white,female,4.86864443839483,10
Hannah Hart,white,female,5.14301480025409,7
Hannah Kent,white,female,5.35983548233989,4
Hannah More,white,female,5.24303804868629,10
Hannah Moskowitz,white,female,4.88761730033574,9
Hannah Rothschild,white,female,5.11394335230684,1
Hannah Sawyerr,black,female,3.382017,1
Hannah Senesh,white,female,5.30319605742049,2
Hannah Whitall Smith,white,female,5.08635983067475,3
Hannibal Buress,black,male,5.89097959698969,2
Hannu Rajaniemi,white,male,5.24551266781415,4
Hanoi Hannah,asian,female,4.640481,1
Hans Christian Andersen,white,male,6.82672252016899,9
Hans Eysenck,white,male,5.322219295,3
Hans Hofmann,white,male,5.36921585741014,4
Hans Keilson,white,male,5.3096301674259,2
Hans Küng,white,male,5.75891189239797,8
Hans Selye,white,male,5.65417654187796,6
Hans Urs von Balthasar,white,male,6.07918124604763,7
Hans Zimmer,white,male,7.24797326636181,3
Hans-Ulrich Obrist,white,male,5.918030337,3
Hansika Motwani,asian,female,6.14612803567824,3
Hanya Yanagihara,asian,female,5.959518,10
Haoran Meng,asian,male,4.029384,1
Hardik Desai,asian,male,4.873902,1
Hare Krishna Chandrasekaran,asian,male,3.489958,1
Haresh Sippy,asian,male,4.12710479836481,10
Hariom Sisodia,asian,male,3.488551,1
Haris Yanuar,asian,male,2.722634,1
Haritha Velpureddy,asian,female,2.98944981766669,10
Harlan Coben,white,male,6.5327543789925,10
Harlan Ellison,white,male,5.81557774832427,10
Harlow Shapley,white,male,5.0899051114394,3
Harmon Killebrew,white,male,5.65801139665711,2
Harmon Okinyo,black,male,3.23552844690755,7
Harmony Korine,white,male,5.67760695272049,4
Harold Araneta,asian,male,2.685742,1
Harold Bloom,white,male,5.96520170102591,10
Harold Brodkey,white,male,4.75891189239797,2
Harold Coffin,white,male,4.45939248775923,2
Harold E. Varmus,white,male,4.41664050733828,2
Harold Eugene Edgerton,white,male,4.57863920996807,2
"Harold Ford, Jr.",black,male,4.890421,1
Harold Geneen,white,male,4.55870857053317,2
Harold Holzer,white,male,5.10720996964787,10
Harold J. Duarte-Bernhardt,latino,male,3.683947,1
Harold Jones,black,male,5.390935,1
Harold Klemp,white,male,5.35793484700045,5
Harold MacMillan,white,male,5.51719589794997,8
Harold Nicolson,white,male,5.40312052117582,3
Harold Pinter,white,male,6.01703333929878,10
Harold Prince,white,male,5.09342168516223,4
Harold Ramis,white,male,5.74115159885179,5
Harold S. Geneen,white,male,4.39619934709574,10
Harold S. Kushner,white,male,5.28780172993023,4
Harold Urey,white,male,5.06818586174616,3
Harold Washington,black,male,5.71011736511182,2
Harold Wilson,white,male,5.92064500140679,10
Harper Lee,white,female,6.70156798505593,10
Harper Sloan,white,female,5.56584781867352,3
Harri Holkeri,white,male,4.84695532501982,4
Harriet Ann Jacobs,black,female,5.06069784035361,5
Harriet Beecher Stowe,white,female,6.4983105537896,10
Harriet Evans,white,female,4.915399835,6
Harriet Jacobs,black,female,5.24303804868629,4
Harriet Martineau,white,female,5.67942789661212,9
Harriet Tubman,black,female,6.42488163663107,8
Harrish Sairaman,asian,male,3.65801139665711,10
Harrison Birtwistle,white,male,5.40823996531185,3
Harrison Owen,white,male,4.97726621242729,2
Harry A. Hopf,white,male,2.86153441085904,1
Harry A. Overstreet,white,male,4.35602585719312,2
Harry Bernstein,white,male,4.39445168082622,3
Harry Browne,white,male,4.87794695162919,8
"Harry Connick, Jr.",white,male,6.44870632,4
Harry Crews,white,male,4.8733206018154,2
Harry Dean Stanton,white,male,5.69635638873333,8
Harry Edwards,black,male,5.283301,1
Harry Emerson Fosdick,white,male,5.23044892137827,10
Harry G. Frankfurt,white,male,5.08635983067475,2
Harry Gilbert,white,male,4.63648789635337,2
Harry Golden,white,male,4.68663626926229,2
Harry Hershfield,white,male,4.19312459835446,2
Harry Houdini,white,male,5.9731278535997,2
Harry Kalmer,white,male,4.240549248,3
Harry S Truman,white,male,6.4996870826184,10
Harry Seidler,white,male,5.19589965240923,4
"Harry Shum, Jr.",asian,male,5.88705437805096,2
Harry Styles,white,male,7.62634036737504,10
Harry Toh Jun Shen,asian,male,0.845098,1
Harry Truman,white,male,6.31386722036915,10
Harry Turtledove,white,male,5.31175386105575,3
Harry Vardon,white,male,4.98855895687862,1
Harryette Mullen,black,female,4.899273,1
Harsh Agrawal,asian,male,5.35602585719312,4
Harsh Singh,asian,male,6.079181,1
Harsh Snehanshu,asian,male,4.071882,1
Harsh vyas,asian,male,4.932474,1
Harsha Bhogle,asian,male,5.90254677931399,5
Harshada Pathare,asian,female,3.91222205653242,7
Harshdeep Singh Gill,asian,male,4.093422,1
Harshit Vaishnav,asian,male,3.76863810124761,3
Harshit Walia,asian,male,3.828659897,9
Harshvardhan Malpani,asian,male,3.03742649794062,6
Hartley Coleridge,white,male,4.89597473235906,6
Hartosh Singh Bal,asian,male,4.489958,1
Haruki Murakami,asian,male,6.700703717,10
Haruo Shirane,asian,male,4.654177,1
Harvey Ball,white,male,5.120573931,2
Harvey Fierstein,white,male,5.96331551138611,10
Harvey MacKay,white,male,5.01703333929878,10
Harvey Mansfield,white,male,4.45636603312904,2
"Harvey Mason, Jr.",black,male,5.390935,1
Harvey Milk,white,male,5.930439595,10
Harvey S. Firestone,white,male,5.025305865,6
Harvey Weinstein,white,male,6.45484486,4
Hasan Minhaj,asian,male,5.687529,1
Hassanal Bolkiah,asian,male,6.55750720190566,2
Hattie McDaniel,black,female,5.41830129131975,4
Havelock Ellis,white,male,5.33845649360461,10
Hayao Miyazaki,asian,male,6.79865064544527,10
Haylar Garcia,latino,male,4.238046,1
Hayley Atwell,white,female,6.29446622616159,3
Hayley Solich,white,female,3.48000694295715,3
Hayley Williams,white,female,6.66651798055488,10
Haywood Nelson,black,male,4.419956,1
Hazel Gaynor,white,female,5.44404479591808,2
Hazel Scott,black,female,5.283301,2
Hazel V. Carby,black,female,5.113943,1
Hazrat Inayat Khan,asian,male,5.70500795933334,8
Hazur Maharaj Sawan Singh,asian,male,3.557507,1
Heath Ledger,white,male,6.69372694892365,4
Heather Anastasiu,white,female,4.17318626841227,9
Heather Babcock,white,female,4.69372694892365,2
Heather Bixler,white,female,4.63144376901317,5
Heather Blanton,white,female,4.79518458968242,10
Heather Brewer,white,male,6.02118929906994,10
Heather Brooke,white,female,6.30749603791321,6
Heather Burch,white,female,4.97680833733807,2
Heather Chapple,white,female,3.87909587950007,3
Heather Choate Davis,white,female,3.63346845557959,2
Heather Day Gilbert,white,female,4.408239965,10
Heather Fleener,white,female,3.55144999797288,4
Heather Graham,white,female,6.40312052117582,10
Heather Hart,black,female,5.80071707828238,3
Heather Heffner,white,female,3.98587535730839,7
Heather James,white,female,5.29666519026153,8
Heather Kehoe,white,female,4.09691001300806,2
Heather Locklear,white,female,5.92324401863028,2
Heather Marsh,white,female,4.67394199863409,10
Heather Morris,white,female,5.94939000664491,2
Heather Nova,white,female,5.26717172840301,2
Heather O'Neill,white,female,5.08635983067475,10
Heather R. Blair,white,female,3.56466606425209,10
Heather Schuck,white,female,3.96378782734556,4
Heather Simmons,white,female,5.40823996531185,4
Heather Small,black,female,5.730782,1
Heather Vogel Frederick,white,female,4.19865708695442,2
Heather Wolf,white,female,4.97405090279288,10
Heber J. Grant,white,male,5.22010808804005,3
Hector Berlioz,white,male,6.610660163,8
Hector Himeros,latino,male,2.850646,1
Hector P. Perez,latino,male,3.448706,1
Hector Perez,latino,male,5.78604121024255,2
Heda Bejar,latino,female,2.568202,1
Hedley Bull,white,male,5.14612803567824,1
Heena Jadav Sunil,asian,female,1.869232,1
Heena Rathore P.,asian,female,3.2148438480477,4
Heenashree Khandelwal,asian,female,3.35218251811136,10
Heero Yuy,asian,male,5.750508,1
Heidi Heilig,asian,female,4.838219,2
Heidi Klum,white,female,7.025305865,7
Heidi Peltier,white,female,3.87621784059164,3
Heidi Priebe,white,female,5.322219295,3
Heidi Schulz,white,female,4.6599162,10
Heikichi Nakao Otani,asian,male,0.90309,1
Heinrich Heine,white,male,6.56348108539441,10
Heinz R. Pagels,white,male,4.23044892137827,2
Helen Clark,white,female,5.74973631556906,4
Helen Fielding,white,female,5.6222140229663,10
Helen Fisher,white,female,5.45636603312904,9
Helen Frankenthaler,white,female,6.19033169817029,3
Helen Garner,white,female,5.4345689040342,3
Helen Gurley Brown,white,female,5.31175386105575,10
Helen Hayes,white,female,5.90955602924118,10
Helen Hodgman,white,female,3.72835378202123,2
Helen Humphreys,white,female,5.17318626841227,3
Helen Hunt Jackson,white,female,5.04139268515823,10
Helen Keller,white,female,6.67394199863409,10
Helen Lawrenson,white,female,4.26007138798508,2
Helen M. Ryan,white,female,4.40483371661994,2
Helen Macdonald,white,female,5.35602585719312,4
Helen Maryles Shankman,white,female,3.81954393554187,7
Helen McCrory,white,female,5.55388302664387,2
Helen Merrell Lynd,white,female,4.19865708695442,2
Helen Mirren,white,female,6.65801139665711,8
Helen Nielsen,white,female,4.83378437465648,2
Helen Oyeyemi,black,female,5.45024910831936,9
Helen Prejean,white,female,5.35602585719312,2
Helen Reddy,white,female,5.59217675739587,5
Helen Rowland,white,female,5.23552844690755,10
Helen Sharman,white,female,5.11394335230684,3
Helen Shucman,white,female,5.53019969820308,2
Helen Simonson,white,female,5.15228834438306,10
Helen Steiner Rice,white,female,5.53147891704226,2
Helen Vendler,white,female,5.22788670461367,2
Helena Bonham Carter,white,female,6.69019608002851,8
Helena Christensen,white,female,5.81690383937566,4
Helena Hunting,white,female,5.37657695705651,2
Helena Rubinstein,white,female,6.50785587169583,4
Helene D. Gayle,black,female,4.22530928172586,2
Helene Hanff,white,female,5.48000694295715,2
Helene Wecker,white,female,5.15533603746506,3
Helene Young,white,female,3.9415114326344,2
Hellen Keller,white,female,6.67394199863409,2
Helmut Jahn,white,male,5.40654018043396,5
Helmut Kohl,white,male,6.029383778,4
Helmut Newton,white,male,6.17609125905568,2
Helmut Thielicke,white,male,5.08278537,2
Helvy Tiana Rosa,asian,female,5.08635983067475,6
Hemant Banswal,asian,male,3.149219,1
Hemant Mehta,asian,male,4.875061263,2
Hemant Pandey,asian,male,5.79028516403324,3
Hemant Smarty,asian,male,3.201397,1
Hendrik Willem Van Loon,white,male,5.4996870826184,3
Heng Siok Tian,asian,female,3.485721,1
Henna Inam,asian,female,3.95279244304409,10
Henning Mankell,white,male,6.41664050733828,9
Henny Youngman,white,male,5.39445168082622,4
Henri Barbusse,white,male,6.64048143697042,3
Henri Cartier Bresson,white,male,6.76267856372744,10
Henri Frédéric Amiel,white,male,5.38201704257487,9
Henri J. M. Nouwen,white,male,5.80685802951882,10
Henri Matisse,white,male,7.03342375548695,10
Henri Michaux,white,male,5.54777470538782,2
Henri Nouwen,white,male,5.63447727016073,9
Henri Poincaré,white,male,6.41830129131975,10
Henri de Toulouse-Lautrec,white,male,6.65896484266444,3
Henrietta C. Mears,white,female,4.54406804435028,5
Henrik Bering,white,male,4.26007138798508,2
Henrik Fisker,white,male,5.39093510710338,4
Henrik Ibsen,white,male,6.30749603791321,10
Henrikh Mkhitaryan,white,male,6.34830486304816,6
Henry A. Giroux,white,male,5.30102999566398,2
Henry A. Wallace,white,male,5.149219113,5
Henry Allingham,white,male,4.63548374681491,2
Henry Arthur Jones,white,male,4.88874096068289,2
Henry Austin Dobson,white,male,4.30102999566398,5
Henry B. Eyring,white,male,5.47856649559384,8
Henry B. Wilson,white,male,4.82412583391655,3
Henry Burton,white,male,4.98721922990801,7
Henry Cabot Lodge,white,male,5.84633711212981,5
Henry Carey,white,male,4.95375969173323,2
Henry Cavill,white,male,6.915399835,3
Henry Chester,white,male,4.71516735784846,2
Henry Cisneros,latino,male,5.164353,1
Henry Clay,white,male,6.29003461136252,8
Henry Cuellar,latino,male,5.711807,1
Henry David Thoreau,white,male,6.542825427,10
Henry Drummond,white,male,5.18752072083646,8
Henry Dumas,black,male,4.37839790094814,2
Henry Fairfield Osborn,white,male,5.08278537,2
Henry Fielding,white,male,5.72015930340596,10
Henry Fonda,white,male,6.37106786227174,3
Henry Ford,white,male,7.13353890837022,10
Henry Geaye,black,male,5.220108,1
Henry George,white,male,6.029383778,10
Henry Giroux,white,male,5.40483371661994,3
Henry Green,black,male,5.558709,1
Henry H. Buckley,white,male,3.4814426285023,2
Henry Handel Richardson,white,female,4.99475694458763,2
Henry Hazlitt,white,male,5.59988307207369,7
Henry Hon,asian,male,4.48855071650044,6
Henry IV,white,male,6.30535136944662,2
Henry J. Golding,asian,male,3.271842,1
Henry James,white,male,6.67942789661212,10
Henry Jenkins,white,male,5.475671188,3
Henry Johnson Jr,black,male,5.05690485133647,9
Henry Kimsey-House,white,male,4.48855071650044,6
Henry Kissinger,white,male,6.40823996531185,10
Henry Knox,white,male,5.33041377334919,5
Henry L. Stimson,white,male,5.53147891704226,3
Henry Louis Gates,black,male,6.431364,5
Henry Louis Gates Jr.,black,male,6.376577,1
Henry Martyn,white,male,5.10380372095596,2
Henry Miller,white,male,6.33445375115093,10
Henry Moore,white,male,6.33645973384853,10
Henry Morgan,white,male,5.906873535,1
Henry Mosquera,latino,male,5.17026171539496,9
Henry N. Beard,white,male,4.18752072083646,2
Henry Ossawa Tanner,black,male,5.69635638873333,3
Henry Paulson,white,male,5.11058971029925,5
Henry Petroski,white,male,5.2148438480477,10
Henry R. Luce,white,male,5.13033376849501,4
Henry Spencer,white,male,5.41995574848976,2
Henry Steele Commager,white,male,5.13672056715641,3
Henry T. Blackaby,white,male,5.09342168516223,2
Henry Taylor,black,male,6.206826,2
Henry V. O'Neil,white,male,3.922725458,10
Henry Van Dyke,white,male,6.053078443,9
Henry Ward Beecher,white,male,6.06069784035361,10
Henry kenny lee,asian,male,1.892095,1
Henryk Sienkiewicz,white,male,6.42160392686983,9
Heraclitus,white,male,6.07918124604763,10
Herb Brooks,white,male,5.29225607135648,3
Herb Caen,white,male,5.25527250510331,6
Herb Kelleher,white,male,5.26717172840301,3
Herb Ritts,white,male,6.22271647114758,4
Herbert Asquith,white,male,4.92737036303902,2
Herbert B. Prochnow,white,male,2.2148438480477,2
Herbert Bayard Swope,white,male,4.828659897,5
Herbert Beerbohm Tree,white,male,5.14301480025409,4
Herbert Butterfield,white,male,4.96473092105363,2
Herbert Croly,white,male,4.63848925695464,3
Herbert Hoover,white,male,6.31806333496276,10
Herbert M. Shelton,white,male,4.89707700320942,10
Herbert Marcuse,white,male,6.10380372095596,4
Herbert N. Casson,white,male,4.75050839485135,2
Herbert Read,white,male,5.4345689040342,9
Herbert Simon,white,male,5.61489721603314,9
Herbert Spencer,white,male,6.053078443,10
Herbert V. Prochnow,white,male,4.2380461031288,3
Herbie Hancock,black,male,6.609594409,10
Hergé,white,male,6.42813479402879,2
Herman Cain,black,male,5.30535136944662,5
Herman E. Daly,white,male,4.88761730033574,4
Herman Hesse,white,male,5.69108149212297,3
Herman Kahn,white,male,5.25767857486918,2
Herman L Glaess,white,male,2.10720996964787,5
Herman Melville,white,male,6.49554433754645,10
Herman Wouk,white,male,5.74741180788642,7
Hermann Bahr,white,male,5.39093510710338,2
Hermann Ebbinghaus,white,male,5.39445168082622,2
Hermann Weyl,white,male,5.37839790094814,3
Hernando Fuentes,latino,male,4.491362,1
Herschel Walker,black,male,5.741939,1
Herta Müller,white,female,5.91328390176042,9
Heru Ofori-Atta,black,male,3.656098,1
Hesiod,white,male,6.09342168516223,9
Hester Young,white,female,4.40483371661994,2
Heston Blumenthal,white,male,5.98766626492627,4
Het Desai,asian,male,4.21218760440396,2
Heywood Broun,white,male,5.00860017176192,9
Hideaki Sorachi,asian,male,5.37106786227174,5
Hidekaz Himaruya,asian,male,4.92479599579791,4
Hideki Tojo,asian,male,5.471292,1
Hideki Yukawa,asian,male,4.924796,2
Hideo Kojima,asian,male,6.70500795933334,2
Hidetoshi Nakata,asian,male,5.950365,1
Hikigaya Hachiman,asian,male,5.61384182187607,2
Hilaire Belloc,white,male,5.86093662070009,10
Hilarie Burton,white,female,5.52374646681156,2
Hilary Duff,white,female,6.79098847508882,9
Hilary Grossman,white,female,3.92220627743902,8
Hilary Mantel,white,female,5.78816837114117,10
Hilary Rhoda,white,female,5.63144376901317,2
Hilary Rosen,white,female,4.46834733041216,2
Hilary T. Smith,white,female,4.29003461136252,3
Hilary Thayer Hamann,white,female,3.71096311899528,3
Hilda Solis,latino,female,5.48713837547719,3
Hill Harper,black,male,5.44090908206522,5
Hillary Clinton,white,female,7.11727129565576,10
Hillary DePiano,white,female,4.27875360095283,9
Hillary Frank,white,female,4.02118929906994,4
Hillary Jordan,white,female,4.95616843047536,6
Hillary Rodham Clinton,white,female,6.53907609879278,10
Hillary Wen,asian,female,2.87448181769947,2
Hillel F. Damron,white,male,2.78887511577542,2
Himani Gupta,asian,female,5.232996,1
Himanshu Arora,asian,male,5.503791,1
Himanshu Bisht,asian,male,5.16136800223498,2
Himanshu Chhabra,asian,male,4.542825427,10
Himanshu Rajput,asian,male,5.565848,1
Himanshu Singla,asian,male,4.61595,1
Himanshu Vassanpal,asian,male,2.664642,1
Himanshu rathore,asian,male,4.986324,1
Hina Hashmi,asian,female,4.120573931,10
Hinako Ashihara,asian,female,4.668386,1
Hippocrates,white,male,6.58771096501891,10
Hippolyte Taine,white,male,5.61489721603314,2
Hira Mariam,asian,female,3.41664050733828,2
Hira Shahid Kazim,asian,female,2.95036485437612,4
Hiro Fujiwara,asian,male,5.053078,1
Hiro Mashima,asian,male,6.29885307640971,10
Hiroki Endo,asian,male,5.082785,1
Hiroko Sakai,asian,female,4.875061263,10
Hiroko Sherwin,asian,female,3.243038,1
Hiromu Arakawa,asian,female,6.2148438480477,9
Hiroshi Ishizaki,asian,male,4.033424,1
Hiroshi Sakurazaka,asian,male,4.97497199429807,4
Hiroshi Yamamoto,asian,male,5.4133,1
Hisaya Nakajo,asian,female,5.079181,1
Hitesh Chorada,asian,male,2.285557,2
Hitesh Mohapatra,asian,male,4.348305,1
Hitomi Kanehara,asian,female,4.575188,1
Hjalmar Söderberg,white,male,5.07554696139253,3
Hock G. Tjoa,asian,male,3.29666519026153,4
Holli Kenley,white,female,4.25767857486918,2
Holly Black,white,female,6.76117581315573,10
Holly Bodger,white,female,3.53402610605613,5
Holly Bourne,white,female,5.21218760440396,9
Holly Duckworth,white,female,4.28555730900777,10
Holly Goldberg Sloan,white,female,5.30535136944662,10
Holly Hurd,white,female,4.30319605742049,2
Holly Lisle,white,female,4.38021124171161,2
Holly Lynn Payne,white,female,3.5910646070265,10
Holly Madison,white,female,5.89817648349768,2
Holly Near,white,female,4.863917377,5
Holly Ordway,white,female,4.52762990087134,2
Holly Peterson,white,female,4.90308998699194,2
Holly Robinson,black,female,5.88366143515362,3
Holly Smale,white,female,5.52113808370404,10
Holly Sprink,white,female,2.95424250943932,4
Homer,white,male,7.89872518158949,10
Homer Hickam,white,male,4.89486965674525,3
Homer Simpson,white,male,7.16136800223498,4
Honeylyn Reambonanza,asian,female,1.80618,1
Hong Mei,asian,female,6.056905,1
Honoré de Balzac,white,male,6.6170003411209,8
Hope Jahren,white,female,5.85430604180108,6
Hope Mirrlees,white,female,4.9670797341445,10
Hope Solo,white,female,5.820857989,6
Horace Greeley,white,male,5.61804809671209,8
Horace Mann,white,male,6.240549248,10
Horace Silver,black,male,5.906874,1
Horace Smith,white,male,5.00432137378264,3
Horace Walpole,white,male,5.67760695272049,10
Horace Williams Jr.,black,male,4.230449,1
Horatio Nelson,white,male,5.74973631556906,9
Horatio W. Dresser,white,male,4.3654879848909,2
Horst Koehler,white,male,5.00860017176192,2
Hortense Calisher,white,female,4.55144999797287,2
Hosea Ballou,white,male,4.99299509843134,10
Hotta Kiichi,asian,male,3.865104,1
Hottentot proverb,black,female,1.869232,1
Housuke Nojiri,asian,male,3.536558,1
Howard Ahmanson,white,male,4.06445798922692,1
Howard Aiken,white,male,4.69722934275972,2
Howard Chandler Christy,white,male,5.49692964807322,1
Howard Dean,white,male,5.47275644931721,2
Howard Fast,white,male,5.28103336724773,2
Howard Frank Mosher,white,male,4.66370092538965,2
Howard Gardner,white,male,6.09342168516223,3
Howard Jacobson,white,male,5.12710479836481,8
Howard Markel,white,male,4.87852179550121,2
Howard Mumford Jones,white,male,4.55630250076729,2
Howard Nemerov,white,male,5.120573931,10
Howard Norman,white,male,4.72916479,2
Howard Rheingold,white,male,5.21218760440396,4
Howard Schultz,white,male,5.69635638873333,10
Howard Schwartz,white,male,5.28780172993023,3
Howard Scott,white,male,5.38916608436453,2
Howard Stern,white,male,6.668385917,3
Howard Tayler,white,male,4.44247976906445,10
Howard Thurman,black,male,5.64345267648619,3
Howard W. French,black,male,5.060698,1
Howard W. Hunter,white,male,4.86510397464113,3
Howie Mandel,white,male,6.09691001300806,6
Howlin' Wolf,black,male,6.187521,1
Hozier,white,male,7.07188200730613,8
Hrishikesh Agnihotri,asian,male,3.11727129565576,10
Hrishikesh J C,asian,male,2.599883,2
Hsu Hsuan,asian,male,4.450249,1
Hu Jintao,asian,male,5.868056,1
Huang Po,asian,male,5.11059,1
Hubert H. Humphrey,white,male,6.20951501454263,10
Hubert Humphrey,white,male,5.709269961,3
Hubert Martin,white,male,5.39093510710338,10
Hubert Selby Jr.,white,male,5.54900326202579,10
Hudson Taylor,white,male,5.59879050676312,4
Huey Freeman The Boondocks,black,male,4.576341,1
Huey Newton,black,male,5.42813479402879,6
Huey P. Newton,black,male,5.39269695325967,2
Hugh B. Brown,white,male,4.78390357927274,2
Hugh Blair,white,male,4.81557774832427,2
Hugh Grant,white,male,6.63245729218472,10
Hugh Hardy,white,male,4.21218760440396,2
Hugh Hefner,white,male,6.24551266781415,10
Hugh Howey,white,male,5.59769518592551,10
Hugh Jackman,white,male,7.07554696139253,7
Hugh Kingsmill,white,male,4.24797326636181,2
Hugh MacLennan,white,male,5.17026171539496,6
Hugh MacLeod,white,male,4.78746047451842,10
Hugh Masekela,black,male,6.136721,1
Hugh Prather,white,male,5.08635983067475,9
Hugh Walpole,white,male,5.06445798922692,6
Hughes Mearns,white,male,4.37291200297011,2
Hugo Black,white,male,5.59988307207369,3
Hugo Chávez,latino,male,6.84073323461181,8
Hugo Grotius,white,male,5.94694327069783,2
Hugo Pratt,white,male,5.915399835,2
Hulk Hogan,white,male,7.0899051114394,4
Humberto Contreras,latino,male,5.38739,1
Humberto R. Maturana,latino,male,4.625312,1
Humphry Davy,white,male,6.3747483460101,2
Hun Sen,asian,male,6.683047,2
Hunter Hayes,white,male,5.62531245096167,3
Hunter S. Thompson,white,male,6.28103336724773,10
Hunter Shea,white,male,4.35602585719312,8
Huntley Fitzpatrick,white,female,5.00860017176192,7
Huston Smith,white,male,5.13033376849501,7
Huỳnh Phú Sổ,asian,male,4.549003,1
Hyeonseo Lee,asian,female,5.155336,1
Hyman G. Rickover,white,male,4.97127584873811,6
Hypolite,black,male,6.093422,1
Hyrum Smith,white,male,5.02118929906994,2
Hyrum W. Smith,white,male,4.66181268553726,7
Håkan Nesser,white,male,6.00860017176192,2
Héctor Abad Faciolince,latino,male,5.78816837114117,3
Héctor Martínez,latino,male,6.11059,1
Héctor Tobar,latino,male,5.133539,1
Hélène Baronne d’Oettingen,white,female,2.65609820201283,3
Hồ Chí Minh,asian,male,8.181844,8
I Ching,asian,male,6.50515,3
I R Shankar,asian,male,3.676694,3
I am Indra among the Devas,asian,male,2.987219,1
I. Alan Appt,white,male,2.67577834167408,8
I. F. Stone,white,female,5.29885307640971,3
I. M. Pei,asian,male,5.72916479,10
I. Made Iwan Darmawan,asian,male,2.738781,1
I.W. Gregorio,asian,female,4.4456042032736,2
Iain Banks,white,male,5.46089784275655,10
Iain Duncan Smith,white,male,5.77815125038364,4
Iain M. Banks,white,male,6.15836249209525,10
Iain McGilchrist,white,male,5.49415459401844,3
Iain Reid,white,male,5.45788189673399,3
Iain Sinclair,white,male,5.14301480025409,2
Ian Ayris,white,male,4.26481782300954,2
Ian Baucom,white,male,4.50785587169583,2
Ian Botham,white,male,5.55388302664387,2
Ian C. Esslemont,white,male,5.29225607135648,2
Ian Doescher,white,male,5.46389298898591,6
Ian Dunbar,white,male,4.90794852161227,2
Ian Fleming,white,male,6.43775056282039,10
Ian Frazier,white,male,4.82672252016899,8
Ian Hislop,white,male,5.34439227368511,2
Ian Hunter,white,male,5.91381385238372,2
Ian K. Smith,black,male,5.11394335230684,2
Ian McDonald,white,male,5.71096311899528,8
Ian McGuire,white,male,4.71349054309394,2
Ian Mckellen,white,male,6.38560627359831,8
Ian Rankin,white,male,5.7481880270062,10
Ian Rush,white,male,5.81291335664286,2
Ian Smith,white,male,6.27875360095283,2
Ian Stewart,white,male,6.02118929906994,2
Ian Strang,white,male,4.41664050733828,2
Ian Ségal,white,male,3.00860017176192,5
Ian Tregillis,white,male,4.836956737,2
Ian Watson,white,male,5.56348108539441,2
Ian Ziering,white,male,5.49554433754645,2
Ian-Anthony Finnimore,white,male,2.46538285144842,3
Iben Dissing Sandahl,white,female,4.80888586735981,7
Ibnu Din Assingkiri,asian,male,3.96520170102591,3
Ibrahim Babangida,black,male,5.82672252016899,6
Ibuki Haneda,asian,female,3.50515,2
Ice Cube,black,male,7.579783597,10
Ice T,black,male,6.55630250076729,10
Iceberg Slim,black,male,5.184691,1
Ichigo Takano,asian,female,5.18184358794477,2
Ida B. Wells,black,female,5.92220627743902,5
Ida Tarbell,white,female,5.44404479591808,3
Idi Amin,black,male,6.552668,2
Idowu Ayodeji,black,male,4.04532297878666,5
Idowu Koyenikan,black,male,4.72181061521255,10
Ieyasu Tokugawa,asian,male,5.399674,1
Ifeanyi Dede,black,male,3.149219,1
Ifeanyi Enoch Onuoha,black,male,4.33845649360461,10
Ifeoma Samuel,black,female,4.350248,1
Iggy Pop,white,male,6.766412847,6
Ignatius of Loyola,white,male,5.99956548822598,2
Ignazio Silone,white,male,5.85672889038288,6
Igor Eliseev,white,male,4.01703333929878,10
Igor Stravinsky,white,male,6.22010808804005,10
Iimani David,black,male,3.02530586526477,10
Ijeoma Umebinyuo,black,female,4.64246452024212,3
Ika Natassa,asian,female,5.206825876,7
Ike Skelton,white,male,5.01283722470517,2
Ikechukwu E. Onyekwelonwu,black,male,2.332438,1
Ikechukwu Joseph,black,male,4.92839585225671,10
Ikechukwu Onwukwe,black,male,2.97680833733807,2
Ikkyu,asian,male,5.96331551138611,10
Ilana Mercer,white,female,5.09342168516223,3
Ilchi Lee,asian,male,5.100371,10
Ilka Chase,white,female,4.49276038902684,2
Ilona Andrews,white,female,5.591064607,10
Ilona Mialik,white,female,2.75050839485135,2
Ilsa J Bick,white,female,4.87273882747267,10
Ilse Aichinger,white,female,5.24303804868629,3
Ilya Ilf,white,male,4.89320675305985,5
Imam Shah,asian,male,5.357935,1
Iman,black,female,8.00432137378264,7
Imani Nettles,black,female,2.52891670027765,4
Imani Wisdom,black,female,3.70500795933334,2
Imbolo Mbue,black,female,5.20412,1
Imelda Marcos,asian,female,5.63042787502502,10
Immaculée Ilibagiza,black,female,4.952308,3
Immanuel Kant,white,male,6.66745295288995,10
Immortal Technique,latino,male,5.596597,1
Imogen Poots,white,female,5.9415114326344,3
Imraan Coovadia,asian,male,4.44715803134222,4
Imre Kertész,white,male,5.75587485567249,3
Imre Lakatos,white,male,5.42813479402879,2
Imtiaz Ali,asian,male,6.240549248,4
Ina Garten,white,female,6.92582757462474,5
Ina May Gaskin,white,female,5.53147891704226,3
Inazo Nitobe,asian,male,5.52633927738984,4
Inda Kusumawati,asian,female,2.745855,1
Indeewara Jayawardane,asian,male,2.262451,2
India Arie,black,female,5.79379,4
Indira Gandhi,asian,female,7.35602585719312,10
Indira Mukherjee,asian,female,4.491362,1
Indra Nooyi,asian,female,5.846955,1
Indra Sinha,asian,male,4.719331,1
Indrani sarkar,asian,female,5.176091,1
Indu Muralidharan,asian,female,3.149219113,7
Ingeborg Bachmann,white,female,5.74036268949424,7
Ingmar Bergman,white,male,6.39967372148104,10
Ingrid Bergman,white,female,6.61384182187607,8
Ingrid Betancourt,latino,female,5.35602585719312,10
Ingrid Newkirk,white,female,5.32014628611105,2
Ingrid Nkenlifack,black,female,2.267172,1
Ingvar Kamprad,white,male,6.06445798922692,4
Inio Asano,asian,male,6.025305865,7
Injap Sia,asian,male,4.536558443,4
Innocent Mwatsikesimbe,black,male,3.35024801833416,10
Inshan Meahjohn,asian,male,3.773055,1
Inuyasha,asian,male,7.136721,1
Io Sakisaka,asian,female,5.65513843481138,2
Ioana-Cristina Casapu,white,female,4.06818586174616,3
Ipsit Bibhudarshi,asian,male,3.33243845991561,3
IqraI qbal,asian,female,4.956649,1
Ira Aldridge,black,male,4.613842,1
Ira Gershwin,white,male,6.2148438480477,3
Ira Glass,white,male,5.29225607135648,4
Ira Levin,white,male,5.52891670027766,2
Ira Sachs,white,male,5.65127801399814,5
Irene Adler,white,female,5.579783597,2
Irene Hunt,white,female,4.61384182187607,6
Irene McCullum-Hines,black,female,3.861534,2
Irene Peter,white,female,4.772321707,6
Irene Tomkinson,white,female,3.78604121024255,5
Irfaan Santoe,asian,male,3.220108,1
Irfan Abbas,asian,male,5.220108,1
Irfan Nabi,asian,male,4.690196,1
Irfan Ullah Hosain,asian,male,0.90309,2
Irina Serban,white,female,4.22010808804005,4
Irina Shayk,white,female,6.51982799377572,10
Iris Chang,asian,female,5.14612803567824,2
Iris Johansen,white,female,5.26717172840301,3
Iris Murdoch,white,female,5.698100546,10
Irma Joubert,white,female,4.92685670894969,3
Irrfan Khan,asian,male,6.16435285578444,2
Irum Zahra,asian,female,4.17026171539496,3
Irv Kupcinet,white,male,4.94200805302231,3
Irvin D. Yalom,white,male,6.274157849,10
Irvin S. Cobb,white,male,5.25042000230889,5
Irvin weathersby Jr.,black,male,4.214844,1
Irvine Welsh,white,male,5.73319726510657,10
Irving Babbitt,white,male,4.88649072517248,5
Irving Berlin,white,male,6.3747483460101,8
Irving Howe,white,male,5.24797326636181,2
Irving Kristol,white,male,5.10380372095596,1
Irving Penn,white,male,5.85672889038288,3
Irving R. Kaufman,white,male,4.38381536598043,2
Irving Stone,white,male,5.39794000867204,10
Irwin Redlener,white,male,4.67394199863409,2
Irwin Shaw,white,male,5.22271647114758,5
Irène Némirovsky,white,female,5.68394713075151,6
Isaac Asimov,white,male,6.64443858946784,10
Isaac Babel,white,male,5.09342168516223,3
Isaac Bashevis Singer,white,male,6.06445798922692,10
Isaac Deutscher,white,male,4.881954971,2
Isaac Goldberg,white,male,4.80617997398389,2
Isaac Hanson,white,male,5.36921585741014,7
Isaac Herzog,white,male,6.13033376849501,3
Isaac Maloba,black,male,3.451786,1
Isaac Newton,white,male,6.92839585225671,10
Isaac Stern,white,male,5.49415459401844,2
Isaac Watts,white,male,5.67942789661212,9
Isabel Allende,latino,female,6.58994960132571,10
Isabel Fraire,latino,female,4.161368,1
Isabel Gillies,white,female,4.26481782300954,2
Isabel Greenberg,white,female,5.13353890837022,2
Isabel Hoving,white,female,4.17318626841227,2
Isabel Paterson,white,female,4.59769518592551,4
Isabel Quintero,latino,female,5.46389298898591,3
Isabel Ruiz Lucero,latino,female,3.766412847,2
Isabel Wilkerson,black,female,5.371068,1
Isabella Koldras,white,female,3.79934054945358,2
Isabella Kruger,white,female,4.78175537465247,2
Isabella L. Bird,white,female,4.75966784468963,3
Isabella Poretsis,white,female,2.70329137811866,7
Isabelle Eberhardt,white,female,5.02118929906994,4
Isabelle Holland,white,female,4.54406804435028,2
Isabelle Rowan,white,female,3.80955971463527,10
Isadora Duncan,white,female,5.84695532501982,6
Isaiah Berlin,white,male,5.70156798505593,5
Isaiah Hankel,white,male,4.4456042032736,4
Isaiah Mustafa,black,male,5.198657,1
Isak Dinesen,white,female,5.8992731873176,9
Isamu Fukui,asian,male,3.93901977644867,2
Isao Takahata,asian,male,6.209515,1
Isayama Hajime,asian,male,5.703291,1
Isha Karki,asian,female,4.361728,1
Ishmael Beah,black,male,5.34044411484012,10
Ishmael Reed,black,male,5.079181,1
Ishwar Akash Balloo,asian,male,0.778151,1
Isiphile Petse,black,female,2.79239168949825,2
Isis Sky,white,female,3.57749179983723,2
Isla Fisher,white,female,6.33645973384853,6
Islom Karimov,asian,male,6.0086,1
Isobelle Carmody,white,female,4.9731278535997,10
Isocrates,white,male,5.38381536598043,2
Isoroku Yamamoto,asian,male,5.53529412004277,2
Israel M. Kirzner,white,male,4.63447727016073,2
Israel Zangwill,white,male,4.90902085421116,7
Israelmore Ayivor,black,male,5.07554696139253,10
Issa Rae,black,female,6.075547,1
Issey Miyake,asian,male,7.3654879848909,9
Isuna Hasekura,asian,male,6.093422,1
Isvari,asian,female,4.765669,1
Italo Calvino,white,male,6.71264970162721,10
Itohan Eghide,black,female,3.2380461031288,5
Itzhak Perlman,white,male,6.00860017176192,8
Itō Hirobumi,asian,male,4.687529,1
Iva Kenaz,white,female,4.10720996964787,5
Ivan Alexander Pozo-Illas,latino,male,2.32428245529769,4
Ivan Doig,white,male,5.0899051114394,5
Ivan Figueroa-Otero,latino,male,3.80685802951882,3
Ivan Illich,white,male,5.85186960072977,10
Ivan Klíma,white,male,5.26007138798508,2
Ivan Krastev,white,male,5.60530504614111,2
Ivan Pavlov,white,male,5.70671778233676,3
Ivan Reitman,white,male,5.62838893005031,2
Ivan Stoikov,white,male,4.42160392686983,5
Ivan Turgenev,white,male,6.03742649794062,10
Ivana Trump,white,female,5.66370092538965,4
Ivanka Trump,white,female,6.61172330800734,10
Iveta Cherneva,white,female,3.81888541459401,4
Ivo Andrić,white,male,6.32014628611105,6
Ivy Baker Priest,white,female,4.63346845557959,6
Ivy Compton-Burnett,white,female,5.08635983067475,6
Iván Zapién,latino,male,3.977266,1
Iwan Setyawan,asian,male,5.178977,1
Iyanla Vanzant,black,female,5.885361,6
Iyonna Williams,black,female,3.383815,1
Izaak Walton,white,male,6.15836249209525,10
Izabella Scorupco,white,female,5.74036268949424,3
Izumi Shikibu,asian,female,4.944483,1
J Donald Walters,white,male,4.83821922190763,2
J R R Tolkien,white,male,7.13672056715641,2
J. A. Froude,white,male,4.57170883180869,1
J. A. Huss,white,male,5.17318626841227,3
J. A. Konrath,white,male,5.11727129565576,4
J. Aaron Gruben,white,male,3.52504480703685,2
J. Aleksandr Wootton,white,male,3.13987908640124,8
J. B. Priestley,white,male,5.54777470538782,10
J. B. Priestly,white,male,5.54900326202579,1
J. B. Pritzker,white,male,6.26245109,2
J. B. S. Haldane,white,male,5.68033551341456,4
J. B. Smoove,black,male,5.887617,1
J. Budziszewski,white,male,4.68394713075151,8
J. C. Bossidy,white,male,1.81954393554187,2
J. C. Ryle,white,male,5.58883172559421,10
J. C. Watts,black,male,4.82020145948564,5
J. California Cooper,black,female,4.776701,1
J. Christopher Herold,white,male,4.52762990087134,3
J. Cole,black,male,7.23552844690755,4
J. Courtney Sullivan,white,female,4.77158748088126,9
J. D. Salinger,white,male,6.21218760440396,10
J. D. Vance,white,male,7.40483371661994,3
J. Edgar Hoover,white,male,6.04921802267018,2
J. G. Ballard,white,male,5.80277372529198,10
J. G. Holland,white,male,4.8992731873176,4
J. G. Hubbard,white,male,3.7701152947871,1
J. G. Saxe,white,male,3.9670797341445,2
J. J. Abrams,white,male,6.42651126136457,4
J. J. Ingalls,white,male,3.22010808804005,2
J. J. Watt,white,male,6.22530928172586,5
J. K. Galbraith,white,male,4.99869515831166,10
J. K. Rowling,white,female,7.41830129131975,10
J. Kenner,white,female,5.08278537,4
J. Kyle McNeal,white,male,2.72754125702856,2
J. Lincoln Fenn,white,female,3.8228216453031,6
J. M. Barrie,white,male,6.11058971029925,9
J. M. Coetzee,white,male,5.92324401863028,10
J. Maarten Troost,white,male,4.57403126772772,2
J. Michael Straczynski,white,male,6.13033376849501,9
J. Nozipo Maraire,black,female,3.773786,1
J. Oswald Sanders,white,male,5.3747483460101,5
J. Otis Yo,white,male,2.98989456371877,8
J. P. DeCaussade,white,male,3.8668778143375,1
J. P. Donleavy,white,male,5.0899051114394,6
J. P. Morgan,white,male,7.31386722036915,4
J. Patrick Lewis,white,male,5.08278537,4
J. Paul Getty,white,male,6.19589965240923,10
J. Petit-Senn,white,male,3.863917377,5
J. R. Moehringer,white,male,5.26717172840301,2
J. Robert Oppenheimer,white,male,5.856124444,9
J. Rufus Fears,white,male,4.30535136944662,2
J. Sheridan Le Fanu,white,male,5.34439227368511,10
J. Sterling,white,male,5.50379068305718,6
J. Thomas Steele,white,male,4.16731733474818,2
J. Tillman,white,male,4.86033800657099,3
J.A. Pak,asian,male,4.875061,1
J.A. Perez,latino,male,5.63848925695464,9
J.A. Rogers,black,male,5.264818,1
J.Adam Snyder,white,male,3.49415459401844,10
J.B.Alves,latino,male,4.41329976408125,3
J.C. Lillis,white,female,4.11394335230684,10
J.C. Marino,white,male,4.11394335230684,2
J.C. McKenzie,white,male,4.26007138798508,3
J.C. McKeown,white,male,4.49692964807322,2
J.D. Bernal,white,male,4.805500858,2
J.D. Crighton,white,male,3.32014628611105,3
J.D. Estrada,latino,male,4.403121,1
J.D. Greear,white,male,5.053078443,7
J.D. Jordan,white,male,4.94596070357757,10
J.D. Robb,white,male,5.683047038,10
J.E. Haldeman,white,male,3.2718416065365,2
J.F. Kelly,white,male,4.55509444857832,6
J.H. Lee,asian,male,6.38739,1
J.I. Packer,white,male,5.58994960132571,10
J.K. Coi,white,female,4.120573931,2
J.K. Hogan,white,female,4.274157849,2
J.Krishnamurti,asian,male,5.786751,1
J.L. Sheppard,white,male,4.23044892137827,10
J.M. Campos,latino,male,5.04532297878666,4
J.M. Ledgard,white,male,4.44247976906445,4
J.P. Delaney,white,male,5.25042000230889,6
J.R. Ackerley,white,male,4.47275644931721,2
J.R. Ortiz,latino,male,5.46239799789896,2
J.R. Rain,white,male,4.63245729218472,4
J.R. Tompkins,white,male,3.89597473235906,2
J.S.B. Morse,white,male,3.92427928606188,10
J.T. Bock,white,male,3.56937390961505,4
J.T. Geissinger,white,female,5.90308998699194,3
J.T. Lawrence,white,male,4.37839790094814,3
J.W. Dunne,white,male,4.274157849,2
JB Carlson,white,male,4.48429983934679,3
JKJaiswal,asian,male,4.09691,1
JP Robinson,black,male,5.146128,1
Ja Rule,black,male,6.46239799789896,3
JaTawny M. Chatmon,black,female,3.20412,1
JaTawny Muckelvene Chatmon,black,female,2.46538285144842,2
Jaachynma N.E. Agu,black,female,3.82151352840477,10
Jacinta Mpalyenkana,black,female,3.40312052117582,10
Jacinto Benaventey Martinez,latino,male,3.416641,1
Jack Abramoff,white,male,4.83632411570675,2
Jack Benny,white,male,6.07188200730613,9
Jack Black,white,male,7.3324384599156,5
Jack Bowman,white,male,4.95856388322197,4
Jack Bunbury,white,male,3.451786436,5
Jack Campbell,white,male,5.80345711564841,6
Jack Canfield,white,male,5.84633711212981,10
Jack D. Zipes,white,male,3.73639650227664,2
Jack Dangermond,white,male,5.04921802267018,7
Jack Dempsey,white,male,6.14612803567824,6
Jack Deveny,white,male,3.32014628611105,3
Jack Donovan,white,male,5.01283722470517,3
Jack Dorsey,white,male,6.19589965240923,2
Jack Gardner,white,male,4.9731278535997,9
Jack Gilbert,white,male,5.26481782300954,9
Jack Handy,white,male,4.73078227566639,3
Jack Heath,white,male,5.11727129565576,2
Jack Higgins,white,male,5.610660163,7
Jack Johnson,black,male,6.700703717,9
Jack Keane,white,male,5.56702636615906,3
Jack Kemp,white,male,5.322219295,7
Jack Kerouac,white,male,6.35793484700045,10
Jack Ketchum,white,male,5.46538285144842,3
Jack Kevorkian,white,male,4.9804578922761,10
Jack Kilborn,white,male,4.609594409,2
Jack Kornfield,white,male,5.58433122436753,10
Jack LaLanne,white,male,5.55266821611219,3
Jack Layton,white,male,5.24303804868629,3
Jack Lemmon,white,male,6.21748394421391,2
Jack London,white,male,6.77378644498119,10
Jack Lynch,white,male,5.33445375115093,3
Jack Ma,asian,male,6.53019969820308,10
Jack Nicholson,white,male,6.985426474083,10
Jack Nicklaus,white,male,6.60530504614111,8
Jack Prelutsky,white,male,5.485721426,6
Jack Provonsha,white,male,3.35602585719312,4
Jack R. Rose,white,male,3.77597433112937,2
Jack Ryan,white,male,6.53907609879278,2
Jack Spicer,white,male,5.25527250510331,2
Jack Steinberger,white,male,4.70243053644553,2
Jack Thorne,white,male,5.71516735784846,7
Jack Vance,white,male,5.564666064,10
Jack Weatherford,white,male,5.10720996964787,5
Jack Welch,white,male,6.01283722470517,10
Jack White,white,male,6.70842090013471,4
Jack Womack,white,male,4.6232492903979,2
Jack Woodford,white,male,4.31386722036915,2
Jack Youngblood,white,male,5.25527250510331,3
Jackee Harry,black,female,4.909556,1
Jackie Braun,white,female,5.11727129565576,2
Jackie Chan,asian,male,7.15533603746506,9
Jackie Evancho,white,female,5.83122969386706,2
Jackie French,white,female,5.24551266781415,2
Jackie Joyner-Kersee,black,female,5.72263392253381,4
Jackie Kay,black,female,5.27875360095283,8
Jackie Kessler,white,female,4.68663626926229,3
Jackie Mason,white,male,5.28555730900777,4
Jackie Robinson,black,male,6.71933128698373,5
Jackie Speier,white,female,5.44247976906445,2
Jackson Katz,white,male,4.6159500516564,2
Jackson Lanzing,white,male,5.54900326202579,9
Jackson Pearce,white,female,4.70156798505593,10
Jackson Pollock,white,male,6.65417654187796,10
Jacky Fleming,white,female,4.53781909507327,3
Jaclyn Dolamore,white,female,4.00432137378264,2
Jaclyn Moriarty,white,female,4.50379068305718,7
Jacob A. Riis,white,male,5.31806333496276,3
Jacob Addai,black,male,2.981819,1
Jacob Batalon,asian,male,5.900367,1
Jacob Braude,white,male,3.97680833733807,3
Jacob Bronowski,white,male,5.28103336724773,10
Jacob D. Lochner,white,male,2.33645973384853,2
Jacob Grimm,white,male,5.99078269180314,5
Jacob K. Javits,white,male,6.03742649794062,2
Jacob Latimore,black,male,5.77524625974024,2
Jacob M. Appel,white,male,4.55144999797287,10
Jacob Nordby,white,male,4.81822589361396,8
Jacob Whitesides,white,male,4.60314437262018,2
Jacopo Sannazaro,white,male,4.923761961,1
Jacqueline Bisset,white,female,5.93550726582471,7
Jacqueline Briskin,white,female,4.78247262416629,3
Jacqueline Carey,white,female,5.17026171539496,10
Jacqueline Cochran,white,female,5.71180722904119,5
Jacqueline Fernandez,asian,female,6.579783597,5
Jacqueline Lewis,black,female,5.418301,1
Jacqueline Novogratz,white,female,4.67942789661212,4
Jacqueline Rose,white,female,5.47275644931721,2
Jacqueline Simon Gunn,white,female,4.19865708695442,10
Jacqueline Wilson,white,female,5.91698004732038,5
Jacqueline Winspear,white,female,5.68394713075151,5
Jacqueline Woodson,black,female,5.55750720190566,10
Jacquelyn Frank,white,female,4.44247976906445,5
Jacquelyn Middleton,white,female,4.30319605742049,5
Jacques Audiard,white,male,6.46834733041216,2
Jacques Audiberti,white,male,5.38916608436453,1
Jacques Barzun,white,male,5.32014628611105,10
Jacques Chirac,white,male,6.51587384371168,4
Jacques Ellul,white,male,5.40823996531185,5
Jacques Lacan,white,male,6.52504480703685,5
Jacques Maritain,white,male,5.94001815500766,4
Jacques Prevert,white,male,6.69460519893357,2
Jacques Roumain,black,male,5.1959,1
Jacques Villeneuve,white,male,5.87157293554588,2
Jacques Yves Cousteau,white,male,6.01703333929878,10
Jacqui Germain,black,female,3.906335,1
Jada Pinkett Smith,black,female,6.59549622182557,4
Jade Chang,asian,female,5.06818586174616,2
Jae Woong Kim,asian,male,4.663701,1
Jaegwon Kim,asian,male,4.937518,1
Jael McHenry,white,female,3.97726621242729,10
Jaelle Siang'a,black,female,0.477121,1
Jag Randhawa,asian,male,3.98272338766854,5
Jagabandhu Jena,asian,male,4.399674,1
Jagdish Joghee,asian,male,3.158362,1
Jaggi Vasudev,asian,male,5.877371,1
Jahangir Khan,asian,male,5.992554,1
Jai prakash,asian,male,6.806858,1
Jaiendra Puri,asian,male,3.89486965674525,3
Jaime Cabrera,latino,male,5.318063,1
Jaime Camil,latino,male,5.62940959910272,2
Jaime Herrera Beutler,latino,female,4.617,1
Jaime Lerner,white,male,5.44870632,4
Jaime Pressly,white,female,5.98227123303957,2
Jaime Reed,white,female,4.67760695272049,4
Jaime Tenorio Valenzuela,latino,male,3.62838893005031,10
Jaiminsinh Parmar,asian,male,2.612784,2
Jakaya Kikwete,black,male,6.037426,1
Jake Gyllenhaal,white,male,6.74896286125616,3
Jake Shimabukuro,asian,male,5.49276038902684,2
Jake Vander-Ark,white,male,3.5854607295085,7
Jake Wood,white,male,5.31597034545692,2
Jake. H. Khiangte,asian,male,0.477121,1
Jakob Bohme,white,male,5.38201704257487,2
Jakub Bożydar Wiśniewski,white,male,3.849419414,10
Jakub Marian,white,male,4.53781909507327,2
Jamaica Kincaid,black,female,5.5327543789925,7
James A. Baldwin,black,male,4.72754125702856,9
James A. Chu,asian,male,4.44247976906445,3
James A. Forbes,black,male,4.346353,1
James A. Froude,white,male,3.72427586960079,4
James A. Garfield,white,male,5.68124123737559,8
James A. Michener,white,male,6.34439227368511,10
James A. Moore,white,male,5.78103693862113,2
James A. Owen,white,male,5.120573931,10
James A. Worsham,white,male,3.451786436,4
James Agate,white,male,4.28555730900777,3
James Agee,white,male,5.35983548233989,6
James Alan Gardner,white,male,4.62013605497376,2
James Altucher,white,male,5.33645973384853,10
James Anderson,black,male,6.584331,1
James Anthony Froude,white,male,5.28780172993023,6
James Aquilone,white,male,4.63548374681491,2
James Arthur,white,male,6.86510397464113,4
James Avery Fuchs,black,male,3.230449,1
James Baldwin,black,male,6.59659709562646,10
James Balog,white,male,4.564666064,2
James Barrett Reston,white,male,3.28780172993023,2
James Beard,white,male,6.53529412004277,4
James Beattie,white,male,5.2718416065365,3
James Bergson,white,male,4.06069784035361,2
James Beverly,black,male,5.041393,1
James Blanchard Cisneros,latino,male,4.403121,1
James Bovard,white,male,4.92890769024395,4
James Branch Cabell,white,male,5.51719589794997,9
James Broughton,white,male,4.82736927305382,7
James Brown,black,male,7.11394335230684,4
James Bryant Conant,white,male,4.89597473235906,3
James Bryce,white,male,5.40483371661994,2
James Buchan,white,male,4.72098574415374,4
James Buchanan,white,male,6.17609125905568,3
James C. Collins,white,male,5.29446622616159,5
James C. Dobson,white,male,5.24797326636181,10
James C. Scott,white,male,5.83632411570675,4
James C. Uwandu,black,male,2.56584781867352,2
James Caan,white,male,6.25527250510331,4
James Cameron,white,male,7.35218251811136,8
James Cardenas,latino,male,4.40824,1
James Carl Nelson,white,male,4.20951501454263,4
James Carlos Blake,latino,male,4.66275783168157,10
James Carr,black,male,5.618048,1
James Carroll,white,male,5.67942789661212,2
James Carville,white,male,5.70757017609794,4
James Cash Penney,white,male,5.149219113,10
James Clavell,white,male,5.6730209071289,10
James Comey,white,male,6.60530504614111,2
James Cooley,black,male,5.217484,1
James Cox,white,male,5.81756536955978,2
James Cromwell,white,male,5.75358305889291,3
James Crumley,white,male,4.71850168886727,2
James D'arcy,white,male,5.42324587393681,3
James D. Maxon,white,male,3.35218251811136,3
James D. Sass,white,male,3.30749603791321,6
James D. Watson,white,male,5.96848294855393,8
James Daly,white,male,5.43136376415899,2
James Dashner,white,male,5.79726754083072,10
James Dean,white,male,6.97772360528885,10
James Dickey,white,male,5.37657695705651,5
James Dillehay,white,male,4.11058971029925,3
James Dobson,white,male,5.65801139665711,5
James Drummond Burns,white,male,3.62838893005031,9
James Dyson,white,male,5.69897000433602,10
James E. Brown Jr.,black,male,4.67024585307412,3
James E. Faust,white,male,4.94743372188705,10
James E. Rogers,white,male,5.50785587169583,2
James E. Sweeney,white,male,4.30535136944662,2
James E. Talmage,white,male,4.87390159786446,2
James Earl Jones,black,male,6.48855071650044,2
James Edwin Gunn,white,male,3.43616264704076,5
James Ellroy,white,male,5.89542254603941,4
James F. Bell,white,male,4.90363251608424,3
James F. Byrnes,white,male,5.22271647114758,3
James F. Cooper,white,male,5.10037054511756,4
James Fallows,white,male,5.00860017176192,4
James Felici,white,male,3.85247999363686,2
James Fenimore Cooper,white,male,6.49692964807322,10
James Finn Garner,white,male,4.8318697742805,2
James Franck,white,male,5.07918124604763,1
James Franco,white,male,6.56702636615906,5
James Frazee,white,male,4.49692964807322,3
James Freeman Clarke,white,male,5.03742649794062,5
James Frey,white,male,5.40654018043396,7
James Froude,white,male,3.97266559226611,6
James G. Frazer,white,male,4.906873535,2
James Gates Percival,white,male,4.19033169817029,2
James Gilligan,white,male,4.98091193777684,2
James Gleick,white,male,5.33041377334919,10
James Gordon,white,male,6.25042000230889,2
James Gordon Bennett,white,male,5.16435285578444,2
James Gunn,white,male,6.97954837470409,2
James H. Billington,white,male,4.82672252016899,2
James H. Boren,white,male,4.025305865,2
"James H. Douglas, Jr.",white,male,3.77670118398841,2
James Hamilton-Paterson,white,male,4.73479982958885,4
James Hannaham,black,male,4.609594409,2
James Hansen,white,male,5.58883172559421,2
James Harden,black,male,6.957128,1
James Harvey Robinson,white,male,5.00860017176192,3
James Hauenstein,white,male,3.72672720902657,10
James Henry Gooding,black,male,3.756636,1
James Herriot,white,male,5.71767050300226,6
James Hetfield,white,male,6.54406804435028,4
James Hickey,white,male,5.13353890837022,3
James Hillman,white,male,5.46834733041216,8
James Hilton,white,male,5.5854607295085,7
James Hogg,white,male,5.45939248775923,3
James Hopwood Jeans,white,male,4.42813479402879,2
James Howell,white,male,5.39445168082622,8
James Hubert Blake,black,male,5.09691,1
James Hudson Taylor,white,male,5.21218760440396,5
James Humes,white,male,4.37839790094814,5
James J-Pierre,black,male,3.810904,2
James J. Caterino,white,male,3.84633711212981,2
James J. Corbett,white,male,5.15228834438306,2
James J. Hill,white,male,5.274157849,2
James J. Walker,white,male,5.19865708695442,2
James Josue,latino,male,4.113943,1
James Joyce,white,male,6.8109042806687,10
James K. Morrow,white,male,4.029383778,5
James K. Polk,white,male,5.62634036737504,4
"James L. Farmer, Jr.",black,male,4.033424,1
James L. Rubart,white,male,4.63548374681491,4
James Lane Allen,white,male,5.03342375548695,7
James Lankford,white,male,5.39093510710338,8
James Leal,latino,male,4.71433,1
James Lee Burke,white,male,5.45024910831936,7
James Levine,white,male,5.59769518592551,5
James Lileks,white,male,4.29446622616159,2
James Lipton,white,male,5.00860017176192,2
James Lovelock,white,male,5.79239168949825,6
James Luceno,white,male,5.13033376849501,3
James Lusarde,white,male,2.65030752313194,10
James M. Barrie,white,male,4.98091193777684,10
James M. Cain,white,male,5.85672889038288,5
James MacDonald,white,male,5.70842090013471,10
James Madison,white,male,7.07918124604763,9
James Marquess,white,male,3.83569057149243,3
James Martin,white,male,6.81624129999178,4
James Martineau,white,male,4.98407703390283,4
James Mattis,white,male,5.55022835305509,3
James McAvoy,white,male,6.47129171105894,4
James McBride,black,male,5.61384182187607,7
James McGreevey,white,male,4.32428245529769,3
James McGregor,white,male,5.53019969820308,2
James McNeill Whistler,white,male,6.24797326636181,3
James Mikołajczyk,white,male,4.07554696139253,6
James Miller,white,male,6.387389826,3
James Minter,white,male,4.67577834167408,3
James Monroe,white,male,6.33445375115093,6
James Morcan,white,male,4.42488163663107,5
James N. Frey,white,male,4.48713837547719,2
James Nachtwey,white,male,4.94250410616808,2
James Nesbitt,white,male,5.49136169383427,5
James Norman Hall,white,male,5.26245109,2
James Northcote,white,male,4.82736927305382,1
James Otis,white,male,5.40312052117582,3
James P. Carse,white,male,4.63144376901317,3
James P. Krehbiel,white,male,2.7979596437372,2
James Patrick McDonald,white,male,3.80002935924413,3
James Patterson,white,male,6.65609820201283,10
James Perrin,white,male,5.01283722470517,4
James Petersen,white,male,4.85125834871908,1
James Polshek,white,male,3.97589113640179,2
James Prescott,white,male,5.21218760440396,2
James Prescott Joule,white,male,5.34439227368511,2
James Pritchert,white,male,3.29666519026153,2
James Qualls,white,male,4.89431606268444,8
James R. Tuck,white,male,4.64836001098093,2
James Randall Robison,white,male,3.3384564936046,4
James Redfield,white,male,5.36921585741014,7
James Reston,white,male,4.863917377,5
James Richardson,black,male,5.85308952985187,6
James Riley,white,male,6.01703333929878,2
James Rollins,white,male,5.64246452024212,7
James Roosevelt,white,male,4.94497590841205,2
James Rozoff,white,male,3.81224469680037,10
James Russell Lingerfelt,white,male,5.04921802267018,2
James Russell Lowell,white,male,5.88138465677057,10
James S. Coleman,white,male,5.178976947,2
James S.A. Corey,white,male,6.29003461136252,10
James Salter,white,male,5.2380461031288,10
James Scott Bell,white,male,5.17026171539496,2
James Shirley,white,male,5.06818586174616,4
James Sinegal,white,male,4.54032947479087,3
James St. James,white,male,5.86569606,5
James Stephens,white,male,5.59659709562646,5
James Still,black,male,5.380211,1
James Surowiecki,white,male,4.93701610746481,9
James T. Farrell,white,male,5.10720996964787,3
James T. McCay,white,male,4.11394335230684,2
James Taranto,white,male,4.28330122870355,3
James Taylor,white,male,6.82477646247555,7
James Thomson,white,male,5.70842090013471,7
James Thurber,white,male,5.56584781867352,10
James Tobin,white,male,5.50105926221775,2
James Truslow Adams,white,male,5.10380372095596,2
James Turrell,white,male,5.68394713075151,3
James Vescovi,white,male,3.54406804435028,2
James Wan,asian,male,6.24551266781415,10
James Weldon Johnson,black,male,5.43933269383026,5
James Whistler,white,male,5.13987908640124,4
James Whitcomb Riley,white,male,5.97220283837906,6
James Wolcott,white,male,4.57863920996807,2
James Wong Howe,asian,male,5.212188,1
James Woosley,white,male,4.274157849,4
James Yeager,white,male,4.57749179983723,2
Jameson Currier,white,male,4.16435285578444,3
Jamgon Kongtrul Lodro Taye,asian,male,4.471292,1
Jami Attenberg,white,female,5.30535136944662,5
Jami Gold,white,female,4.03742649794062,3
Jamie Bamber,white,male,5.15836249209525,2
Jamie Bartlett,white,male,5.45939248775923,2
Jamie Brenner,white,female,4.38916608436453,2
Jamie Chung,asian,female,5.944976,1
Jamie Dimon,white,male,6.23299611039215,2
Jamie Dornan,white,male,6.22271647114758,3
Jamie Ford,asian,male,5.29003461136252,10
Jamie Foxx,black,male,6.78675142214556,3
Jamie Harrison,black,male,5.62634,1
Jamie Lee Curtis,white,female,6.82020145948564,9
Jamie Luner,white,female,5.38916608436453,2
Jamie McGuire,white,female,5.51982799377572,10
Jamie O'Neill,white,male,5.43136376415899,2
Jamie Oliver,white,male,7.24303804868629,10
Jamie Redknapp,white,male,5.52762990087134,2
Jamie Tworkowski,white,male,4.61489721603314,2
Jamie Wyeth,white,male,5.10380372095596,2
Jamie xx,white,male,5.92012332629072,2
Jamila Woods,black,female,5.61909333062674,2
Jamilia Fair,black,female,3.133539,1
Jamillah Nadira ~,black,female,0.477121,1
Jamsetji Tata,asian,male,5.33845649360461,2
Jamshyd Godrej,asian,male,4.348305,1
Jan C. Ting,asian,male,3.369216,1
Jan Cox Speas,white,female,3.40483371661994,3
Jan Ellison,white,female,4.26481782300954,2
Jan Karon,white,female,5.51321760006794,9
Jan Moran,white,female,4.62838893005031,3
Jan Neruda,white,male,5.20951501454263,4
Jan Potocki,white,male,5.536558443,2
Jan Struther,white,female,4.63748973,3
Jan Valtin,white,male,4.89486965674525,3
Jan Wong,asian,female,4.84385542262316,3
Jan de Bont,white,male,5.77158748088126,3
Jan-Philipp Sendker,white,male,5.542825427,3
Jana Oliver,white,female,4.609594409,7
Janaki Sooriyarachchi,asian,female,4.83884909073726,5
Jandy Nelson,white,female,5.60745502321467,10
Jane Addams,white,female,5.96378782734556,6
Jane Austen,white,female,7.46686762035411,10
Jane Bryant Quinn,white,female,4.55144999797287,1
Jane Casey,white,female,5.58883172559421,5
Jane Collins,white,female,5.47856649559384,3
Jane D. Hull,white,female,5.04139268515823,4
Jane Elliot,white,female,5.20951501454263,3
Jane Fonda,white,female,6.72672720902657,9
Jane Frances de Chantal,white,female,5.49136169383427,3
Jane Gaskell,white,female,4.98632377705077,2
Jane Goldman,white,female,5.03342375548695,2
Jane Goodall,white,female,6.96236933567002,10
Jane Green,white,female,5.69635638873333,10
Jane Grey,white,female,5.89097959698969,3
Jane Hamilton,white,female,5.74429298312268,7
Jane Harper,white,female,5.61804809671209,2
Jane Hersey,white,female,4.053078443,2
Jane Hirshfield,white,female,5.41995574848976,10
Jane Jacobs,white,female,5.73078227566639,4
Jane Kang,asian,female,4.77959649125782,2
Jane Lindskold,white,female,4.92992956008459,3
Jane Lynch,white,female,5.97543180850926,4
Jane McGonigal,white,female,4.97772360528885,6
Jane Pauley,white,female,5.25767857486918,2
Jane Ripley,white,female,4.76042248342321,8
Jane Rule,white,female,4.50379068305718,2
Jane Seabrook,white,female,4.39269695325967,2
Jane Seymour,white,female,6.38916608436453,6
Jane Smiley,white,female,5.42975228000241,10
Jane Taylor,white,female,5.86981820797933,3
Jane Urquhart,white,female,5.11727129565576,2
Jane Velez-Mitchell,latino,female,5.90091306773767,8
Jane Wagner,white,female,4.99694924849538,6
Jane Wilson-Howarth,white,female,4.15836249209525,10
Jane Yolen,white,female,5.60745502321467,10
Janeane Garofalo,white,female,5.98632377705077,5
Janelle Gray,black,female,4.488551,1
Janet Anderson,white,female,5.49276038902684,2
Janet Autherine,black,female,3.64345267648619,7
Janet Echelman,white,female,5.19865708695442,2
Janet Erskine Stuart,white,female,4.12710479836481,4
Janet Evanovich,white,female,5.668385917,10
Janet Fitch,white,female,5.17318626841227,10
Janet Flanner,white,female,5.053078443,5
Janet Gallagher Nestor,white,female,2.90794852161227,10
Janet Jackson,black,female,6.91328390176042,9
Janet Lane,white,female,5.55630250076729,2
Janet Lee Carey,white,female,4.34830486304816,2
Janet Mock,black,female,5.045323,1
Janet Napolitano,white,female,5.72015930340596,2
Janet Poppendieck,white,female,4.07554696139253,3
Janet Reno,white,female,5.29225607135648,10
Janet Skeslien Charles,white,female,5.3324384599156,3
Janet Street-Porter,white,female,4.94645226501307,2
Janet Turpin Myers,white,female,3.03742649794062,6
Janet Wallach,white,female,4.68841982200271,2
Janet Yellen,white,female,6.04139268515823,5
Janette Oke,white,female,5.95616843047536,5
Janette Rallison,white,female,4.86332286012046,10
Janey Colbourne,white,female,3.48287358360875,3
Jang Jae Yeol,asian,male,4.340444,1
Jani Ortlund,white,female,4.51719589794997,2
Janice Dickinson,white,female,5.60314437262018,3
Janice Galloway,white,female,4.82930377283103,2
Janie Chang,asian,female,4.966611,1
Janine Benyus,white,female,5.07188200730613,4
Janine Turner,white,female,5.27875360095283,3
Janine di Giovanni,white,female,5.19312459835446,2
Janis Joplin,white,female,6.698100546,9
Janis Karpinski,white,female,4.3324384599156,2
Jannat Bhat,asian,female,3.680336,1
Janne Teller,white,female,5.45024910831936,4
Janny Wurts,white,female,5.35793484700045,10
Janosch,white,male,6.29225607135648,3
Janusz Korwin-Mikke,white,male,6.01283722470517,8
Janvier Chouteu-Chando,black,male,4.07554696139253,10
Japs Loner,asian,male,0.30103,1
Jared Brock,white,male,4.64738297,10
Jared C. Wilson,white,male,5.13672056715641,5
Jared Diamond,white,male,5.89817648349768,10
Jared Leto,white,male,6.69722934275972,10
Jared Nyairo Onduso,black,male,2.897627,1
Jared Padalecki,white,male,6.33645973384853,3
Jared Tame,white,male,3.08278537031645,2
Jared Taylor,white,male,5.2148438480477,2
Jarman Sandhu,asian,male,3.98091193777684,3
Jaron Lanier,white,male,6.06069784035361,10
Jarrid Wilson,white,male,4.57170883180869,5
Jas Kohli,asian,male,3.862728,1
Jasiah Rosariio,latino,male,1.845098,1
Jasimen Phillips,black,female,3.176091,1
Jasleen Kaur Gumber,asian,female,3.78532983501077,10
Jasmine Guy,black,female,5.42651126136457,4
Jasneet,asian,female,5.683947,2
Jason Aaron,white,male,6.00860017176192,5
Jason Aldean,white,male,6.63346845557959,3
Jason Alexander,white,male,6.29003461136252,3
Jason Bateman,white,male,6.69196510276736,10
Jason Derulo,black,male,7.04139268515823,2
Jason E. Hodges,white,male,3.46389298898591,10
Jason E. Royle,white,male,2.96754797621886,4
Jason Fried,white,male,5.23552844690755,10
Jason Gray,white,male,5.61278385671974,7
Jason Innocent,black,male,3.730782,2
Jason Isbell,white,male,6.13033376849501,3
Jason Jack Miller,white,male,3.46239799789896,6
Jason Jennings,white,male,5.10037054511756,4
Jason Kidd,black,male,6.240549,1
Jason L. Ma,asian,male,3.55630250076729,3
Jason Medina,latino,male,4.59988307207369,10
Jason Micheal Ratliff,white,male,3.1846914308176,4
Jason Mitchell,black,male,6.04921802267018,2
Jason Mott,black,male,4.857332,1
Jason Mraz,white,male,6.42975228000241,10
Jason Ritter,white,male,5.58433122436753,2
Jason Robert Brown,white,male,5.8733206018154,2
Jason Scott Lee,asian,male,5.326336,1
Jason Statham,white,male,6.915399835,10
Jason Taylor,black,male,6.19865708695442,4
Jason Trinh,asian,male,4.267172,1
Jason Versey,white,male,3.6170003411209,10
Jason Worthley,white,male,3.90633504180509,3
Jasper Carrott,white,male,5.240549248,2
Jasper Fforde,white,male,5.73319726510657,10
Jasper Johns,white,male,6.10720996964787,10
Jaspinder Kaur,asian,female,4.92737,1
Jassi Soni,asian,female,3.506505,1
Jatin Dadhich,asian,male,3.599883,1
Javan,asian,male,6.92992956008459,2
Javaria Waseem,asian,female,3.525045,2
Javier Enríquez Serralde,latino,male,3.17609125905568,8
Javier Hernandez,latino,male,6.579784,1
Javier Marías,white,male,6.34635297445064,6
Javier Merizalde,latino,male,3.187521,1
Jawaharlal Nehru,asian,male,7.178976947,10
Jawed Karim,asian,male,5.25285303097989,2
Jawwad Zafar,asian,male,2.99956548822598,7
Jay Alan Sekulow,white,male,4.07188200730613,3
Jay Asher,white,male,5.4456042032736,10
Jay Baruchel,white,male,5.79028516403324,2
Jay Bell,white,male,5.39269695325967,9
Jay Chiat,white,male,4.23299611039215,5
Jay Crownover,white,female,5.56229286445647,9
Jay Electronica,black,male,5.423246,1
Jay Griffiths,white,female,4.67942789661212,2
Jay Hernandez,latino,male,5.596597,1
Jay Inslee,white,male,5.54406804435028,4
Jay Kristoff,white,male,5.74507479158206,8
Jay Leno,white,male,6.61489721603314,8
Jay London,white,male,4.67760695272049,9
Jay Long,white,male,5.17026171539496,8
Jay McInerney,white,male,5.18184358794477,6
Jay Michaelson,white,male,4.42651126136457,4
Jay Patel,asian,male,6.4345689040342,2
Jay Samit,white,male,5.10037054511756,10
Jay Stringer,white,male,4.48287358360875,4
Jay Weatherill,white,male,4.96520170102591,2
Jay Wickre,white,male,2.5327543789925,2
Jay-Z,black,male,7.44715803134222,9
Jaya Bhateja,asian,female,3.702431,1
Jayashan Adhikari,asian,male,3.017033,1
Jayde Scott,white,female,4.16435285578444,10
Jaydeep Shah,asian,male,4.791691,1
Jayesh Varma,asian,male,3.78247262416629,6
Jaymin Panchasara,asian,male,3.60206,1
Jaymin Shah,asian,male,4.95520653754194,5
Jayne Anne Phillips,white,female,5.29446622616159,3
Jayne Castel,white,female,4.51587384371168,9
Jayson Blair,black,male,4.740363,1
Jayson James,white,male,4.767897616,4
Jazmeen Osae-Kwapong,black,female,2.49693,2
Jazmin Williams,black,female,4.62013605497376,3
Jean Anouilh,white,male,6.00860017176192,9
Jean Anthelme Brillat-Savarin,white,male,5.23552844690755,4
Jean Baudrillard,white,male,6.00432137378264,10
Jean Chatzky,white,female,5.6222140229663,3
Jean Cocteau,white,male,6.55266821611219,10
Jean Craighead George,white,female,5.1846914308176,5
Jean Dubuffet,white,male,6.31386722036915,3
Jean Dujardin,white,male,6.05690485133647,3
Jean Edward Smith,white,male,4.883093359,5
Jean Ferris,white,female,4.79379038469082,4
Jean Genet,white,male,5.902002891,10
Jean Giono,white,male,6.33645973384853,3
Jean Giraudoux,white,male,5.94001815500766,3
Jean Harlow,white,female,5.94101424370557,2
Jean Hatzfeld,white,male,5.025305865,2
Jean Ingelow,white,female,5.09691001300806,7
Jean Kerr,white,female,4.96425963019685,9
Jean Kwok,asian,female,4.772321707,5
Jean Little,white,female,5.20951501454263,4
Jean M. Auel,white,female,6.09691001300806,3
Jean M. Grant,white,female,4.43933269383026,8
Jean M. Twenge,white,female,5.46089784275655,3
Jean Moreau,white,male,5.2718416065365,3
Jean Nathan,white,male,5.53402610605614,2
Jean Nicholas Grou,white,male,3.390935107,1
Jean Nouvel,white,male,6.178976947,5
Jean Nshimiyimana,black,male,3.48713837547719,2
Jean Paul Friedrich Richter,white,male,5.19312459835446,7
Jean Paul Gaultier,white,male,7.5910646070265,3
Jean Paul Richter,white,male,5.23299611039215,9
Jean Piaget,white,male,6.668385917,10
Jean Plaidy,white,female,5.75127910398334,3
Jean Racine,white,male,5.98407703390283,7
Jean Reno,latino,male,6.283301,2
Jean Renoir,white,male,6.01283722470517,3
Jean Rhys,white,female,5.58658730467176,10
Jean Rostand,white,male,6.23299611039215,10
Jean Shepherd,white,male,5.28103336724773,2
Jean Shinoda Bolen,asian,female,5.43296929087441,4
Jean Toomer,black,male,4.95999483832842,4
Jean Vanier,white,male,5.28103336724773,10
Jean Webster,white,female,5.31597034545692,10
Jean de La Bruyère,white,male,5.87563993700417,9
Jean de La Fontaine,white,male,6.72835378202123,10
Jean-Bertrand Aristide,black,male,5.85064623518307,4
Jean-Christophe Valtat,white,male,3.85491302230786,2
Jean-Claude Carrière,white,male,5.93348728784871,3
Jean-Claude Van Damme,white,male,6.65896484266444,3
Jean-Dominique Bauby,white,male,5.29225607135648,3
Jean-Francois Cope,white,male,4.863917377,2
Jean-François Lyotard,white,male,5.70671778233676,6
Jean-Jacques Rousseau,white,male,6.66370092538965,10
Jean-Luc Godard,white,male,6.40140054078154,10
Jean-Michel Basquiat,latino,male,6.86746748785905,3
Jean-Michel Jarre,white,male,6.74115159885179,7
Jean-Paul Sartre,white,male,6.62531245096167,10
Jean-Yves Leloup,white,male,5.49136169383427,7
Jeane Kirkpatrick,white,female,5.025305865,8
Jeanette Coron,latino,female,3.85369821177617,10
Jeanette Lynes,white,female,4.31597034545692,2
Jeanette Winterson,white,female,5.68574173860226,10
Jeaniene Frost,white,female,5.79934054945358,10
Jeanine Basinger,white,female,4.97451169273733,8
Jeanne Calment,white,female,5.16435285578444,3
Jeanne DuPrau,white,female,5.30319605742049,5
Jeanne M. Lee,asian,female,4.480007,1
Jeanne Marie Laskas,white,female,4.65896484266444,3
Jeanne McElvaney,white,female,3.93196611472817,10
Jeanne Moreau,white,female,6.03342375548695,6
Jeanne Wakatsuki Houston,asian,female,4.81690383937566,2
Jeanne d'Arc,white,female,7.13033376849501,3
Jeannette Rankin,white,female,5.39794000867204,8
Jeannette Walls,white,female,5.4983105537896,10
Jeb Bush,white,male,5.91907809237607,10
Jed Rubenfeld,white,male,5.08278537,9
Jee,asian,female,8.12710479836481,4
Jeekeshen Chinnappen,asian,male,3.63245729218472,5
Jeet Thayil,asian,male,4.9566485792052,4
Jef I. Richards,white,male,4.12385164096709,3
Jef Mallett,white,male,4.46389298898591,2
Jef Murray,white,male,4.05690485133647,2
Jef Raskin,white,male,4.79448804665917,2
Jeff Abbott,white,male,5.06445798922692,2
Jeff Ashton,white,male,4.58433122436753,2
Jeff Bauman,white,male,4.75663610824585,3
Jeff Bezos,white,male,7.0899051114394,10
Jeff Bridges,white,male,6.52891670027766,10
Jeff Buckley,white,male,6.6170003411209,8
Jeff Dunham,white,male,6.1846914308176,3
Jeff Fisher,white,male,5.50379068305718,2
Jeff Fortenberry,white,male,4.51851393987789,3
Jeff Foxworthy,white,male,5.62736585659273,7
Jeff Garvin,white,male,4.63848925695464,2
Jeff Goins,white,male,4.78675142214556,10
Jeff Goodell,white,male,4.880241776,2
Jeff Gordon,white,male,6.38560627359831,4
Jeff Greene,white,male,5.15836249209525,2
Jeff Hardy,white,male,6.3747483460101,2
Jeff Hawkins,white,male,5.24551266781415,5
Jeff Jarvis,white,male,5.20139712432045,10
Jeff Kinney,white,male,6.63042787502502,10
Jeff Koons,white,male,6.41664050733828,5
Jeff Lemire,white,male,5.74115159885179,2
Jeff Lindsay,white,male,5.41995574848976,10
Jeff Mariotte,white,male,5.07554696139253,3
Jeff Miller,white,male,6.12385164096709,2
Jeff Nichols,white,male,5.57749179983723,3
Jeff Rich,white,male,5.18752072083646,6
Jeff Ross,white,male,5.59988307207369,3
Jeff Sessions,white,male,5.87563993700417,6
Jeff Shaara,white,male,4.93701610746481,3
Jeff Tweedy,white,male,5.74115159885179,3
Jeff Valdez,latino,male,4.71850168886727,2
Jeff VanderMeer,white,male,5.67117284271508,10
Jeff W. Horton,white,male,3.5910646070265,2
Jeff Wheeler,white,male,5.17609125905568,6
Jeff Zentner,white,male,5.17026171539496,9
Jeff Zucker,white,male,4.97405090279288,2
Jefferson Bethke,white,male,4.50379068305718,5
Jefferson Davis,white,male,6.43775056282039,5
Jefferson Smith,white,male,5.06818586174616,10
Jeffery Deaver,white,male,6.35218251811136,5
Jeffery Russell,white,male,4.80002935924413,3
Jeffrey A. White,white,male,5.33845649360461,10
Jeffrey Archer,white,male,6.17026171539496,10
Jeffrey D. Sachs,white,male,5.34242268082221,9
Jeffrey Dean Morgan,white,male,6.32837960343874,4
Jeffrey Eugenides,white,male,6.09691001300806,10
Jeffrey Fry,white,male,4.64738297,10
Jeffrey G. Duarte,latino,male,3.55750720190566,4
Jeffrey Gitomer,white,male,5.51454775266029,10
Jeffrey Lin,asian,male,5.350248,1
Jeffrey R. Anderson,white,male,4.78816837114117,5
Jeffrey R. Holland,white,male,5.70500795933334,4
Jeffrey Rasley,white,male,4.00860017176192,8
Jeffrey Robinson,black,male,5.56348108539441,2
Jeffrey Steingarten,white,male,4.64542226934909,2
Jeffrey Stepakoff,white,male,4.51321760006794,3
Jeffrey Toobin,white,male,5.13987908640124,8
Jeffrey Zaslow,white,male,4.67209785793572,2
Jeffrey Zeldman,white,male,5.025305865,3
Jejomar Binay,asian,male,4.915399835,2
Jelani Cobb,black,male,5.678518,1
Jelani Daniel,black,male,3.69897,1
Jellis Vaes,white,male,3.95182303531591,10
Jelly Roll Morton,black,male,6.100371,1
Jemima Khan,white,female,5.411619706,2
Jemmy Wiratama,asian,male,2.40483371661994,2
Jen Calonita,white,female,5.71180722904119,10
Jen Campbell,white,female,5.0899051114394,7
Jen Golembiewski,white,female,3.35793484700045,3
Jen Hatmaker,white,female,5.35024801833416,9
Jen Kirkman,white,female,5.31386722036915,2
Jen Knox,white,female,4.579783597,2
Jen Lancaster,white,female,4.67760695272049,9
Jen Pollock Michel,white,female,4.55630250076729,10
Jen Sincero,white,female,5.46389298898591,2
Jen Turano,white,female,5.30535136944662,3
Jen Wilkin,white,female,5.21748394421391,3
Jenifer Lewis,black,female,5.627366,1
Jenil Kanani,asian,male,3.07188200730613,3
Jenn Bennett,white,female,4.90525604874845,3
Jenn Proske,white,female,5.07188200730613,3
Jenna Bush,white,female,6.01283722470517,3
Jenna Elfman,white,female,5.56820172406699,2
Jenna Evans Welch,white,female,5.57518784492766,4
Jenna McCarthy,white,female,5.32428245529769,3
Jenna Morasca,white,female,5.12710479836481,3
Jenna Ushkowitz,asian,female,5.494155,1
Jennette McCurdy,white,female,6.3747483460101,3
Jenni Johanna Toivonen,white,female,1.93449845124357,2
Jennie Allen,white,female,5.38201704257487,2
Jennie Finch,white,female,5.70586371228392,3
Jennie Garth,white,female,5.7701152947871,3
Jennie Jerome Churchill,white,female,4.29666519026153,7
Jennifer A. Nielsen,white,female,5.08278537,10
Jennifer Aniston,white,female,7.19033169817029,9
Jennifer Anne Kogler,white,female,3.45788189673399,3
Jennifer Apodaca,latino,female,4.593286,1
Jennifer Archer,white,female,4.87040390527903,4
Jennifer Armintrout,white,female,4.56110138364906,2
Jennifer Arnett,white,female,4.59988307207369,6
Jennifer Ashley,white,female,5.58092497567562,5
Jennifer Beckstrand,white,female,4.82736927305382,4
Jennifer Birkett,white,female,4.04921802267018,3
Jennifer Capriati,white,female,5.50785587169583,2
Jennifer Clarvoe,white,female,3.6730209071289,3
Jennifer Crusie,white,female,5.72098574415374,10
Jennifer Damiano,white,female,4.45788189673399,2
Jennifer Donnelly,white,female,5.34830486304816,9
Jennifer Dukes Lee,white,female,5.04921802267018,4
Jennifer E. Smith,white,female,5.63848925695464,10
Jennifer Echols,white,female,5.41664050733828,10
Jennifer Egan,white,female,5.52113808370404,10
Jennifer Elisabeth,white,female,4.88649072517248,10
Jennifer Ellison,white,female,5.45484486,3
Jennifer Frick-Ruppert,white,female,3.44090908206522,3
Jennifer Garner,white,female,6.74741180788642,4
Jennifer Granholm,white,female,5.35602585719312,2
Jennifer Haigh,white,female,4.69019608002851,6
Jennifer Handford,white,female,3.6570558528571,2
Jennifer Harrison,white,female,5.54032947479087,10
Jennifer Hillman,white,female,4.72015930340596,2
Jennifer Ho-Dougatz,asian,female,2.6570558528571,10
Jennifer Holliday,black,female,5.214844,1
Jennifer Hudson,black,female,6.820857989,4
Jennifer Hudson Taylor,black,female,4.387389826,10
Jennifer I. Lim,asian,female,4.350248,1
Jennifer Irwin,white,female,4.9216864754836,2
Jennifer L. Lane,white,female,4.50650503240487,3
Jennifer Lane,white,female,6.053078443,10
Jennifer Lawrence,white,female,7.23552844690755,7
Jennifer Loiske,white,female,3.83505610172012,4
Jennifer Lopez,latino,female,7.54530711646582,10
Jennifer Love Hewitt,white,female,6.56110138364906,10
Jennifer Lynch,white,female,5.36921585741014,2
Jennifer Lynn Barnes,white,female,6.16731733474818,10
Jennifer M Zeiger,white,female,3.57749179983723,3
Jennifer McMahon,white,female,5.28103336724773,7
Jennifer Megan Varnadore,white,female,3.44247976906445,10
Jennifer Melzer,white,female,3.95616843047536,3
Jennifer Niven,white,female,5.53402610605614,10
Jennifer O'Neill,white,female,5.42324587393681,8
Jennifer Ott,white,female,4.72509452108147,10
Jennifer Probst,white,female,5.19589965240923,8
Jennifer R. Hubbard,white,female,3.95568775031351,2
Jennifer Renson,white,female,4.47421626407626,3
Jennifer Rush,white,female,5.89486965674525,5
Jennifer Ryan,white,female,5.55630250076729,3
Jennifer Salaiz,latino,female,4.56584781867352,4
Jennifer Salvato Doktorski,white,female,4.21218760440396,2
Jennifer Saunders,white,female,5.85430604180108,3
Jennifer Senior,white,female,4.92116605063774,9
Jennifer Shirk,white,female,4.6222140229663,7
Jennifer Skiff,white,female,4.29003461136252,3
Jennifer Weiner,white,female,5.42651126136457,10
Jennifer William,black,female,4.599883,1
Jennifer Wilson,white,female,5.922725458,3
Jennine Capo Crucet,latino,female,4.100371,1
Jenny B. Jones,white,female,4.68214507637383,8
Jenny Colgan,white,female,6.26717172840301,3
Jenny Downham,white,female,5.11394335230684,9
Jenny Erpenbeck,white,female,6.07188200730613,3
Jenny Han,asian,female,6.6063813651106,10
Jenny Han Siobhan Vivian,asian,female,4.448706,1
Jenny Hubbard,white,female,4.97863694838447,2
Jenny Lewis,white,female,5.66464197555613,6
Jenny Lind,white,female,6.00860017176192,2
Jenny McCarthy,white,female,6.23044892137827,3
Jenny Mollen,white,female,5.03342375548695,2
Jenny Nimmo,white,female,4.77378644498119,2
Jenny Nordberg,white,female,5.00432137378264,3
Jenny O'Connell,white,female,4.81358098856819,2
Jenny Offill,white,female,5.34242268082221,5
Jenny Shipley,white,female,5.0899051114394,6
Jenny Slate,white,female,5.95230800966212,5
Jenny Trout,white,female,4.053078443,9
Jens Bjørneboe,white,male,5.26007138798508,2
Jens Lekman,white,male,5.698100546,5
Jenson Button,white,male,6.20411998265593,3
Jeon Jungkook,asian,male,6.843855,1
Jeramy Dodds,white,male,3.84135947045485,3
Jerel Hill,black,male,3.424882,1
Jeremiah Burroughs,white,male,4.76715586608218,4
Jeremiah Wright,black,male,5.033424,1
Jeremias Gotthelf,white,male,5.51851393987789,2
Jeremih,black,male,6.627366,1
Jeremy Aldana,latino,male,3.93399316383124,10
Jeremy Bent ham,white,male,6.03742649794062,9
Jeremy Camp,white,male,5.68484536164441,7
Jeremy Corbyn,white,male,6.39794000867204,10
Jeremy Gilley,white,male,4.72345567203519,2
Jeremy Grantham,white,male,4.93399316383124,2
Jeremy Griffith,white,male,4.78958071216443,8
Jeremy Irons,white,male,6.35793484700045,4
Jeremy Lin,asian,male,5.99255351783214,3
Jeremy London,white,male,5.716003344,3
Jeremy Renner,white,male,6.54777470538782,3
Jeremy Rifkin,white,male,5.80753502806885,3
Jeremy Scott,white,male,6.75739602879302,4
Jeremy Sisto,white,male,5.46538285144842,2
Jeremy Taylor,white,male,5.609594409,10
Jeroen Saey,white,male,3.07554696139253,5
Jerome A. Miller,white,male,4.35602585719312,3
Jerome Bruner,white,male,5.88930170250631,2
Jerome Cady,white,male,4.32014628611105,3
Jerome D. Williams,black,male,4.27875360095283,2
Jerome Groopman,white,male,4.57749179983723,5
Jerome Lawrence,white,male,5.26717172840301,6
Jerrold Nadler,white,male,5.54654266347813,3
Jerrold Yam,asian,male,3.891537,1
Jerry Ash,white,male,4.65030752313194,2
Jerry Bridges,white,male,5.30102999566398,10
Jerry Brown,white,male,6.14612803567824,3
Jerry Cantrell,white,male,5.93550726582471,3
Jerry Della Femina,white,male,4.46834733041216,5
Jerry Falwell,white,male,6.01283722470517,5
"Jerry Falwell, Jr.",white,male,5.45788189673399,2
Jerry Garcia,white,male,6.55509444857832,4
Jerry Garcid,latino,male,6.544068,1
Jerry Greenfield,white,male,5.025305865,4
Jerry Hall,white,female,5.892651034,7
Jerry Jones,white,male,6.98855895687862,2
Jerry Lee Lewis,white,male,6.536558443,4
Jerry Levias,black,male,4.434569,1
Jerry Lewis,white,male,6.44715803134222,5
Jerry Moran,white,male,5.30102999566398,2
Jerry O'Connell,white,male,6.15228834438306,3
Jerry Pinkney,black,male,5.378398,1
Jerry Porras,latino,male,4.83187,1
Jerry Reed,white,male,6.11058971029925,2
Jerry Reinsdorf,white,male,5.38021124171161,3
Jerry Rice,black,male,6.292256,1
Jerry Rubin,white,male,5.05690485133647,1
Jerry Saltz,white,male,5.4996870826184,7
Jerry Sarkwah,black,male,2.683047,1
Jerry Scott,white,male,5.43933269383026,3
Jerry Seinfeld,white,male,6.59439255037543,10
Jerry Snider,white,male,4.65127801399814,4
Jerry Spinelli,white,male,5.32837960343874,10
Jerry Weintraub,white,male,5.38560627359831,2
Jerry Yang,asian,male,5.58319877396862,2
Jerusha Anna Philipose,asian,female,1.792392,1
Jerzy Kosiński,white,male,5.875061263,6
Jerzy Pilch,white,male,5.28780172993023,2
Jesmyn Ward,black,female,6.0899051114394,3
Jess Rothenberg,white,female,4.564666064,9
Jess Row,white,male,4.25767857486918,2
Jess Walter,white,male,5.22788670461367,10
Jessa Crispin,white,female,4.9804578922761,2
Jessamine Verzosa,asian,female,2.85064623518307,3
Jessamyn Stanley,black,female,5.029384,1
Jessamyn West,white,female,4.60745502321467,9
Jesse Ball,white,male,4.95230800966212,8
Jesse Eisenberg,white,male,6.38916608436453,8
Jesse Helms,white,male,5.25285303097989,2
Jesse Jackson,black,male,6.22788670461367,8
Jesse James Garrett,white,male,4.96142109406645,4
Jesse L. Martin,black,male,5.778151,1
Jesse Owens,black,male,6.16435285578444,6
Jesse Ventura,white,male,5.67117284271508,10
Jesse Williams,black,male,6.04921802267018,2
Jessica Biel,white,female,6.54406804435028,3
Jessica Brody,white,female,5.53402610605614,10
Jessica Brown Findlay,white,female,5.58206336291171,3
Jessica Capshaw,white,female,5.38916608436453,4
Jessica Chastain,white,female,6.91381385238372,2
Jessica Cluess,white,female,4.62634036737504,3
Jessica Edouard,black,female,4.06069784035361,3
Jessica Fechtor,white,female,3.84073323461181,3
Jessica Fortunato,white,female,4.20139712432045,10
Jessica Hagedorn,asian,female,2.649335,2
Jessica Hopper,white,female,4.68752896121463,2
Jessica Huwae,asian,female,3.765669,2
Jessica Lange,white,female,6.21218760440396,8
Jessica M. Collette,white,female,3.53402610605613,2
Jessica Marie Baumgartner,white,female,4.22271647114758,3
Jessica Mitford,white,female,5.26481782300954,2
Jessica O'Toole,white,female,5.02118929906994,4
Jessica Park,asian,female,5.26007138798508,10
Jessica Raine,white,female,5.06818586174616,2
Jessica Savitch,white,female,4.49554433754645,4
Jessica Shirvington,white,female,4.92788341033071,9
Jessica Simpson,white,female,7.13033376849501,10
Jessica Spotswood,white,female,4.88874096068289,3
Jessica St. Clair,white,female,5.47856649559384,2
Jessica Stern,white,female,4.84260923961056,2
Jessica Williams,black,female,6.139879,1
Jessica Zafra,asian,female,4.61278385671974,3
Jessica-Lynn Barbour,white,female,2.99387691494121,8
Jessie Burton,white,female,5.77158748088126,10
Jessie Douglas Kerruish,white,female,4.07554696139253,4
Jessie J,white,female,6.85853719756964,2
Jessiqua Wittman,white,female,3.43933269383026,6
Jessye Norman,black,female,5.63948648926859,6
Jet Li,asian,male,6.48713837547719,8
Jewel,white,female,8.17609125905568,10
Jewel E. Ann,white,female,5.19589965240923,10
Jhonen Vásquez,latino,male,5.558709,1
Jhumpa Lahiri,asian,female,6.24303804868629,10
Ji Kang,asian,male,5.149219,1
Ji-li Jiang,asian,female,4.938019,1
Jiang Rong,asian,male,5.31597,1
Jiang Zemin,asian,male,5.642465,1
Jiddu Krishnamurti,asian,male,6.34830486304816,10
Jidenna,black,male,6.03742649794062,4
Jie Zhang,asian,male,6.428135,1
Jignesh Ahir,asian,male,4.513218,1
Jill Alexander Essbaum,white,female,4.62736585659273,10
Jill Badonsky,white,female,4.36361197989214,3
Jill Bolte Taylor,white,female,5.54032947479087,4
Jill Churchill,white,female,4.49415459401844,1
Jill Ciment,white,female,4.579783597,3
Jill Clayburgh,white,female,5.25527250510331,2
Jill Conner Browne,white,female,4.572871602,4
Jill Lepore,white,female,5.37106786227174,9
Jill Santopolo,white,female,5.604226053,2
Jill Scott,black,female,6.2380461031288,7
Jill Shalvis,white,female,5.92012332629072,10
Jill Telford,white,female,3.764176132,10
Jill Williamson,white,female,5.10720996964787,2
Jillian Bullock,black,female,4.09691,1
Jillian Hervey,black,female,4.63346845557959,4
Jillian Lauren,white,female,5.01703333929878,2
Jillian Michaels,white,female,6.01703333929878,10
Jilly Cooper,white,female,5.65127801399814,2
Jim Bakker,white,male,5.20139712432045,2
Jim Barksdale,white,male,4.6599162,2
Jim Beaver,white,male,5.387389826,2
Jim Bishop,white,male,5.30749603791321,10
Jim Bouton,white,male,5.15533603746506,8
Jim Brown,black,male,6.475671188,2
Jim Bunning,white,male,5.41497334797082,2
Jim Butcher,white,male,5.76192783842053,10
Jim C. Hines,white,male,5.0899051114394,6
Jim Cantrell,white,male,4.97034687623009,2
Jim Carrey,white,male,7.692846919,10
Jim Carroll,white,male,5.542825427,6
Jim Clyburn,black,male,5.17026171539496,2
Jim Corbett,white,male,6.72015930340596,3
Jim Crace,white,male,5.42651126136457,2
Jim Crumley,white,male,4.82672252016899,2
Jim Cymbala,white,male,5.49136169383427,3
Jim Davis,white,male,6.39445168082622,6
Jim DeMint,white,male,5.33445375115093,5
Jim Dine,white,male,5.6954816764902,2
Jim Elliot,white,male,5.26245109,10
Jim Fowler,white,male,5.13353890837022,3
Jim Gaffigan,white,male,6.22271647114758,10
Jim George,white,male,5.53402610605614,10
Jim Gilliam,black,male,5.09691001300806,2
Jim Goad,white,male,4.50785587169583,2
Jim Harrison,white,male,5.68124123737559,10
Jim Henson,white,male,6.61909333062674,10
Jim Highsmith,white,male,4.85853719756964,4
Jim Hightower,white,male,4.80277372529198,5
Jim Jarmusch,white,male,6.47421626407626,3
Jim Jensen,white,male,5.06818586174616,10
Jim Leach,white,male,4.91222205653242,4
Jim Lee,asian,male,6.60530504614111,2
Jim Lehrer,white,male,5.22788670461367,2
Jim Lovell,white,male,5.58092497567562,3
Jim McGrath,white,male,5.2148438480477,2
Jim Morrison,white,male,6.72672720902657,10
Jim Parsons,white,male,6.16435285578444,3
Jim Pattison,white,male,5.55144999797287,2
Jim Ramstad,white,male,4.45178643552429,4
Jim Rogers,white,male,5.73639650227664,3
Jim Rohn,white,male,6.33645973384853,10
Jim Sensenbrenner,white,male,4.51054501020661,2
Jim Sheeler,white,male,4.04532297878666,2
Jim Starlin,white,male,5.68033551341456,3
Jim Stovall,white,male,5.28103336724773,2
Jim Sturgess,white,male,5.767897616,2
Jim Thompson,white,male,6.46239799789896,5
Jim Valvano,white,male,5.60097289568675,6
Jim Wallis,white,male,5.04139268515823,3
Jim Webb,white,male,5.35024801833416,2
Jim Yong Kim,asian,male,5.68214507637383,2
Jimi Hendrix,black,male,7.25527250510331,8
Jimmy Breslin,white,male,6.24551266781415,6
Jimmy Buffett,white,male,6.53019969820308,10
Jimmy Carter,white,male,6.84385542262316,10
Jimmy Chin,asian,male,5.421604,1
Jimmy Choo,asian,male,7.440909,1
Jimmy Connors,white,male,5.81822589361396,3
Jimmy Dean,white,male,6.32837960343874,8
Jimmy Fallon,white,male,7.5092025223311,8
Jimmy Gomez,latino,male,5.269513,1
Jimmy Hoffa,white,male,5.70156798505593,1
Jimmy Iovine,white,male,5.44090908206522,9
Jimmy Johnson,white,male,6.13033376849501,3
Jimmy Page,white,male,6.77742682238931,3
Jimmy Santiago Baca,latino,male,5.071882,1
Jimmy Scott,black,male,5.354108,1
Jimmy Smits,latino,male,5.46538285144842,4
Jimmy Stewart,white,male,6.42651126136457,2
Jimmy Swaggart,white,male,5.820857989,2
Jimmy Wales,white,male,5.91487181754005,2
Jinat Rehana Begum,asian,female,3.04532297878666,5
Jinato Hu,asian,male,4.04921802267018,2
Jincy Willett,white,female,4.18752072083646,9
Jiten Bhatt,asian,male,4.3541084391474,6
Jitendra Anne,asian,male,2.100371,1
Jo Ann Davis,white,female,5.07188200730613,2
Jo Ann V. Glim,white,female,2.64836001098093,3
Jo Baker,white,male,5.38916608436453,3
Jo Beverley,white,female,4.99343623049761,3
Jo Brand,white,female,5.39269695325967,8
Jo Grafford,white,female,4.62838893005031,2
Jo Linsdell,white,female,4.06818586174616,8
Jo Nesbø,white,male,7.08635983067475,10
Jo Walton,white,female,5.15533603746506,10
Jo-Ann Mapson,white,female,4.57749179983723,3
JoAnne Kenrick,white,female,3.5910646070265,3
Joan Aiken,white,female,5.12385164096709,3
Joan Armatrading,black,female,5.61595,1
Joan Baez,white,female,6.49554433754645,8
Joan Bauer,white,female,5.14612803567824,10
Joan Benoit Samuelson,white,female,4.55266821611219,2
Joan Borysenko,white,female,5.22530928172586,3
Joan Chen,asian,female,5.567026,1
Joan Collins,white,female,6.28103336724773,8
Joan Crawford,white,female,6.32428245529769,6
Joan D. Chittister,white,female,4.30535136944662,6
Joan D. Vinge,white,female,5.13033376849501,6
Joan Didion,white,female,6.23299611039215,10
Joan Frances Turner,white,female,3.70671778233676,2
Joan Ganz Cooney,white,female,5.35024801833416,2
Joan Halifax,white,female,4.89872518158949,2
Joan Jett,white,female,6.65417654187796,7
Joan Kilby,white,female,4.29446622616159,5
Joan Lowery Nixon,white,female,5.05690485133647,4
Joan Lunden,white,female,4.89597473235906,4
Joan Marques,latino,male,4.83378437465648,5
Joan Miró,white,male,7.27646180417324,5
Joan Posivy,white,female,3.55750720190566,2
Joan Rivers,white,female,6.50105926221775,10
Joan Walsh Anglund,white,female,5.64836001098093,2
Joan of Arc,white,female,6.8668778143375,6
Joanfrances Boyle,white,female,2.39619934709574,2
Joanie Connell,white,female,3.53907609879278,8
Joanna Baillie,white,female,4.58206336291171,6
Joanna Cannon,white,female,5.29666519026153,2
Joanna Field,white,female,4.17026171539496,7
Joanna Krupa,white,female,6.01703333929878,2
Joanna Lumley,white,female,6.04532297878666,4
Joanna Newsom,white,female,5.52762990087134,3
Joanna Penn,white,female,4.80277372529198,4
Joanna Runciman,white,female,2.86805636182304,2
Joanna Russ,white,female,5.07554696139253,10
Joanna Shupe,white,female,5.3324384599156,3
Joanne Clancy,white,female,4.07918124604763,4
Joanne Crisner Alcayaga,latino,female,2.90091306773767,3
Joanne Fluke,white,female,5.28555730900777,3
Joanne Greenberg,white,female,4.64640372622307,3
Joanne Harris,white,female,5.62531245096167,10
Joanne Woodward,white,female,5.66745295288995,4
Joaquim Barbosa,black,male,5.990339,1
Joaquin Miller,white,male,5.21218760440396,4
Joaquin Phoenix,white,male,6.77887447200274,3
Joaquin Setanti,latino,male,2.942008,1
Job Amupanda,black,male,4.778151,1
Joban Singh Bal,asian,male,2.82930377283102,1
Jocelyn Sanchez,latino,female,5.495544,1
Jochebed Gwamna,black,female,3.07918124604762,2
Jochen Zeitz,white,male,5.82412583391655,8
Jock Camp,white,male,3.44247976906445,2
Jodi Ann Bickley,white,female,3.91381385238372,4
Jodi Livon,white,female,4.20411998265593,10
Jodi Lynn Anderson,white,female,5.25042000230889,10
Jodi Meadows,white,female,4.92531209149965,8
Jodi Picoult,white,female,6.178976947,10
Jodi Taylor,white,female,6.84571801796666,3
Jodi Thomas,white,female,5.17609125905568,6
Jodie Andrefski,white,female,3.62531245096167,2
Jodie B. Cooper,white,female,2.73798732633343,3
Jodie Foster,white,female,6.67577834167408,10
Jody Gehrman,white,female,4.37657695705651,3
Jody Hedlund,white,female,4.855519156,10
Joe Abercrombie,white,male,5.92890769024395,10
Joe Ambercrombie,white,male,5.92890769024395,3
Joe Baca,latino,male,4.77158748088126,9
Joe Barton,white,male,5.27646180417324,2
Joe Biden,white,male,7.72997428569956,10
Joe Buckler,white,male,4.11727129565576,3
Joe Cawley,white,male,4.5327543789925,6
Joe DeRouen,white,male,4.15533603746506,2
Joe DiMaggio,white,male,6.31386722036915,3
Joe Dunthorne,white,male,4.95520653754194,10
Joe Frazier,black,male,6.13033376849501,6
Joe Garagiola,white,male,5.42813479402879,5
Joe Garcia,latino,male,6.26007138798508,2
Joe Greene,black,male,5.640481,1
Joe Haldeman,white,male,5.28330122870355,6
Joe Hart,white,male,6.07554696139253,2
Joe Hill,white,male,6.3096301674259,10
Joe Jonas,white,male,6.53019969820308,3
Joe Knapp,white,male,4.76937732607614,1
Joe L. Wheeler,white,male,4.62013605497376,5
Joe Lando,white,male,5.16731733474818,4
Joe Louis,black,male,6.31806333496276,3
Joe Mari Fadrigalan,asian,male,2.59988307207369,10
Joe McNally,white,male,5.15228834438306,3
Joe Meno,white,male,4.51454775266029,4
Joe Montana,white,male,6.62634036737504,2
Joe Murray,white,male,5.42651126136457,2
Joe Namath,white,male,6.04532297878666,8
Joe Orton,white,male,5.0899051114394,2
Joe Paterno,white,male,5.45788189673399,4
Joe Perry,white,male,6.16731733474818,2
Joe Plumeri,white,male,4.32837960343874,2
Joe Prophet,black,male,3.4843,1
Joe Queenan,white,male,4.89817648349768,3
Joe R. Lansdale,white,male,6.04532297878666,3
Joe Reyes,latino,male,5.411619706,3
Joe Rodriguez,latino,male,6.029384,1
Joe Rogan,white,male,7.49136169383427,10
Joe Sacco,white,male,5.564666064,2
Joe Scarborough,white,male,5.53019969820308,3
Joe Schreiber,white,male,4.78604121024255,3
Joe Strummer,white,male,6.0899051114394,3
Joe Theismann,white,male,5.57403126772772,2
Joe Torre,white,male,5.74973631556906,7
Joe Vulgamore,white,male,3.71096311899528,4
Joel A. Barker,white,male,4.52762990087134,2
Joel Berg,white,male,5.01703333929878,2
Joel Chandler Harris,white,male,5.67486114073781,2
Joel Coen,white,male,5.86451108105839,2
Joel Crofoot,white,male,3.74741180788642,2
Joel Edgerton,white,male,6.22271647114758,5
Joel Fuhrman,white,male,5.84260923961056,10
Joel Kinnaman,white,male,5.89486965674525,2
Joel Madden,white,male,5.30535136944662,2
Joel Osteen,white,male,7.53529412004277,10
Joel Salatin,white,male,5.93348728784871,10
Joelle Charbonneau,white,female,5.5854607295085,4
Joely Fisher,white,female,5.09691001300806,3
Joem S. Aguilar,latino,male,0.60206,1
Joey Adams,white,male,4.91750550955255,8
Joey Comeau,white,male,4.65030752313194,5
Joey Lawsin,asian,male,3.25767857486918,10
Joey Ramone,white,male,5.692846919,3
Joey W. Hill,white,female,4.63948648926859,3
Johan Coetzer,white,male,4.6954816764902,3
Johan Fundin,white,male,3.3384564936046,3
Johan Huizinga,white,male,5.84385542262316,7
Johann Georg Hamann,white,male,5.45331834004704,4
Johann Georg Zimmermann,white,male,4.67760695272049,2
Johann Gottfried Herder,white,male,6.08635983067475,2
Johann Gottlieb Fichte,white,male,5.90471554527868,3
Johann Hari,white,male,5.55144999797287,4
Johann Kaspar Lavater,white,male,4.91222205653242,9
Johann Lamont,white,female,4.57403126772772,2
Johann Sebastian Bach,white,male,7.00432137378264,7
Johann Wolfgang von Goethe,white,male,6.68484536164441,10
Johann von Goethe,white,male,5.15228834438306,10
Johanna Lindsey,white,female,5.57749179983723,3
Johanna Spyri,white,female,6.36735592102602,3
Johannes Brahms,white,male,6.65321251377534,4
Johannes Kepler,white,male,6.33445375115093,8
Johannes Tauler,white,male,4.99782308074573,3
John A. Heldt,white,male,3.88705437805096,2
John A. Macdonald,white,male,5.63042787502502,3
John A. Widtsoe,white,male,4.94792361983173,3
John A. Williams,black,male,5.456366,1
John Acton,white,male,4.64836001098093,3
John Adams,white,male,6.880241776,10
John Ajvide Lindqvist,white,male,5.99651167215418,6
John Andrew Holmes,white,male,4.44404479591808,4
John Arbuthnot,white,male,5.14301480025409,2
John Archibald Wheeler,white,male,5,5
John Armstrong,white,male,5.84757265914211,3
John Ashbery,white,male,5.42651126136457,10
John Ashcroft,white,male,5.31806333496276,2
John Avlon,white,male,4.76863810124761,3
John B. Gough,white,male,4.51719589794997,2
John B. S. Haldane,white,male,4.06445798922692,3
John B. Tabb,white,male,4.18752072083646,2
John Bacon,white,male,5.30749603791321,2
John Banville,white,male,5.69722934275972,10
John Barnes,black,male,6.09342168516223,3
John Barrasso,white,male,5.30749603791321,2
John Barrymore,white,male,5.61172330800734,10
John Barton,white,male,5.68214507637383,3
John Battelle,white,male,4.54900326202579,3
John Bellairs,white,male,5.34635297445064,3
John Bercow,white,male,5.206825876,3
John Berger,white,male,6.02118929906994,10
John Berridge,white,male,4.59439255037543,2
John Berryman,white,male,5.23552844690755,7
John Betjeman,white,male,5.92634244662565,2
John Bevere,white,male,5.63648789635337,2
John Biggins,white,male,4.81157500587059,2
John Boehner,white,male,5.67669360962487,5
John Bowlby,white,male,5.80413943233535,3
John Boyd,black,male,6.08635983067475,2
John Boyd Orr,white,male,4.63144376901317,4
John Boyega,black,male,6.053078,1
John Boyle O'Reilly,white,male,5.06818586174616,4
John Bradshaw,white,male,5.692846919,8
John Bright,white,male,5.60205999132796,5
John Brockman,white,male,5.04921802267018,2
John Brunner,white,male,5.34242268082221,7
John Bruton,white,male,4.78746047451842,2
John Buchan,white,male,5.67851837904011,10
John Buck O'Neil,black,male,4.322219,1
John Bude,white,male,4.25527250510331,2
John Buford,white,male,4.774516966,2
John Bunyan,white,male,6.0899051114394,10
John Burnham Schwartz,white,male,4.59988307207369,2
John Burnside,white,male,5.43616264704076,7
John Bytheway,white,male,4.95230800966212,7
John C Park III,asian,male,0.90309,1
John C. Calhoun,white,male,5.99078269180314,5
John C. Maxwell,white,male,6.24551266781415,10
John Cage,white,male,6.30535136944662,10
John Calvin,white,male,6.3541084391474,10
John Cameron,white,male,6.16136800223498,10
John Cameron Smith,white,male,3.89153745767256,3
John Cannell,white,male,4.85853719756964,3
John Carey,white,male,5.81424759573192,2
John Carlos,black,male,5.846337,1
John Carroll Lynch,white,male,5.76492298464989,2
John Cassavetes,white,male,5.86451108105839,3
John Cena,white,male,7.50242711998443,10
John Charles Polanyi,white,male,4.24797326636181,6
John Charles Pollock,white,male,3.820857989,6
John Cheese,white,male,4.82412583391655,2
John Cheever,white,male,5.52762990087134,10
John Cho,asian,male,5.822822,1
John Christopher,white,male,6.33845649360461,10
John Churton Collins,white,male,4.62428209583567,5
John Ciardi,white,male,5.3654879848909,10
John Clare,white,male,5.46982201597816,10
John Cleese,white,male,6.45024910831936,10
John Collier,white,male,5.79098847508882,3
John Coltrane,black,male,6.83632411570675,2
John Connolly,white,male,5.87040390527903,10
John Constable,white,male,6.0899051114394,2
John Cornyn,white,male,5.8733206018154,2
John Corwin,white,male,4.56702636615906,7
John Cowper Powys,white,male,5.29885307640971,2
John Cusack,white,male,6.39093510710338,6
John D. MacDonald,white,male,6.120573931,7
John Dalton,white,male,6.04139268515823,2
John Daniel Thieme,white,male,3.14301480025409,4
John Darnielle,white,male,5.17026171539496,10
John Day,white,male,6.74741180788642,2
John Dean,white,male,5.83378437465648,2
John Delaney,white,male,5.536558443,3
John Derbyshire,white,male,4.85186960072977,3
John Dewey,white,male,6.4456042032736,10
John Di Lemme,white,male,4.71850168886727,10
John Dickerson,white,male,5.47275644931721,2
John Dolan,white,male,5.37106786227174,3
John Donne,white,male,6.17026171539496,10
John Doolittle,white,male,4.89872518158949,3
John Dos Passos,white,male,5.97543180850926,2
John Dryden,white,male,5.68930885912362,10
John Dufresne,white,male,4.40312052117582,6
John Durham Peters,white,male,4.84135947045486,2
John E. Lewis,black,male,5.274158,1
John E. Sarno,white,male,5.10380372095596,3
John Eccles,white,male,5.13987908640124,2
John Edgar Wideman,black,male,5.2380461031288,2
John Edson,white,male,4.92427928606188,2
John Eldredge,white,male,5.5092025223311,10
John Eliot,white,male,5.856124444,2
John Emerich Edward Dalberg-Acton,white,male,4.79239168949825,5
John Erskine,white,male,5.14612803567824,2
John F Kennedy,white,male,7.53907609879278,10
John F. Demartini,white,male,4.918030337,2
John F. MacArthur Jr.,white,male,4.89762709129044,10
John Fante,white,male,5.32014628611105,4
John Ferling,white,male,4.8668778143375,10
John Flanagan,white,male,5.75966784468963,10
John Fleming,white,male,5.68663626926229,3
John Fletcher,white,male,5.75204844781944,3
John Fogerty,white,male,6.29225607135648,2
John Forbes Nash Jr,white,male,5.04921802267018,3
John Foster Dulles,white,male,5.86981820797933,4
John Fountain,black,male,4.662758,1
John Fowles,white,male,5.66275783168157,10
John G. Diefenbaker,white,male,5.57863920996807,3
John G. Hemry,white,male,4.46982201597816,2
John Galliano,white,male,6.71011736511182,4
John Galsworthy,white,male,6.22788670461367,10
John Gay,white,male,5.572871602,10
John Geddes,white,male,4.96848294855393,10
John Glenn,white,male,6.37106786227174,10
John Godfrey Saxe,white,male,4.61278385671974,2
John Grant,white,male,6.01283722470517,6
John Green,white,male,6.76192783842053,10
John Greenleaf Whittier,white,male,5.93399316383124,10
John Gregory Dunne,white,male,5.29885307640971,3
John Grisham,white,male,6.61489721603314,10
John Grogan,white,male,5.27646180417324,7
John Guare,white,male,5.25767857486918,2
John Gunther,white,male,5.10380372095596,5
John Gwynne,white,male,5.59769518592551,3
John H. Groberg,white,male,4.74585519517373,3
John H. Johnson,black,male,5.41497334797082,3
John H. Patterson,white,male,4.93094903116752,3
John Hadac,white,male,3.75050839485135,2
John Harington,white,male,4.709269961,2
John Hawkins,white,male,5.77378644498119,4
John Hawley,white,male,4.961895474,2
John Hay,white,male,6.15836249209525,5
John Hegarty,white,male,5.50650503240487,5
John Hennessy,white,male,5.17318626841227,6
John Henrik Clarke,black,male,5.423246,4
John Henry Cardinal Newman,white,male,5.16435285578444,8
John Henry Newman,white,male,6.13033376849501,10
John Hersey,white,male,5.68663626926229,5
John Heywood,white,male,5.12710479836481,10
John Hodgman,white,male,5.19865708695442,2
John Hope Franklin,black,male,5.70842090013471,2
John Hopkins,white,male,6.66464197555613,5
John Horne Burns,white,male,4.20139712432045,2
John Howard Griffin,white,male,5.025305865,10
John Howe,white,male,5.80413943233535,2
John Hughes,white,male,6.56584781867352,4
John Hurt,white,male,6.274157849,6
John Huston,white,male,6.1846914308176,2
John Hutton,white,male,5.26717172840301,3
John Ingalls,white,male,4.53019969820308,3
John Inman,white,male,5.10720996964787,2
John J. Geddes,white,male,3.95133751879592,10
John J. Ratey,white,male,5.23552844690755,2
John Jakes,white,male,5.3324384599156,4
John James Audubon,white,male,6.68841982200271,7
John Jay Chapman,white,male,4.37657695705651,5
John K. Brown,white,male,4.81023251799508,8
John Kasich,white,male,5.63042787502502,10
John Katzenbach,white,male,5.54530711646582,3
John Katzman,white,male,4.34635297445064,2
John Keats,white,male,6.30319605742049,9
John Keble,white,male,5.08278537,3
John Keegan,white,male,5.43775056282039,2
John Kennebrew,black,male,3.369216,1
John Kennedy Toole,white,male,5.66464197555613,10
John Kenneth Galbraith,white,male,5.96094619573383,10
John Key,white,male,5.64246452024212,2
John Knowles,white,male,5.47129171105894,6
John Kramer,white,male,5.60314437262018,10
John Krasinski,white,male,6.39794000867204,4
John Kremer,white,male,4.96378782734556,2
John Kuypers,white,male,3.73239375982297,10
John L. McCreery,white,male,3.32428245529769,2
John L. Monk,white,male,3.8481891169914,2
John L. Parker Jr.,white,male,4.44870632,3
John Lahr,white,male,4.76937732607614,2
John Lancaster Spalding,white,male,4.47275644931721,6
John Lanchester,white,male,5.04139268515823,6
John Lasseter,white,male,5.91115760873998,10
John Legend,black,male,6.955688,3
John Leguizamo,latino,male,6.09691,2
John Lennon,white,male,7.58994960132571,10
John Leo,white,male,5.60097289568675,2
John Lewis,black,male,7.35218251811136,8
John Lilly,white,male,5.13672056715641,3
John Linder,white,male,5.07554696139253,2
John Lithgow,white,male,6.25042000230889,3
John Locke,white,male,6.60530504614111,10
John Lothrop Motley,white,male,5.16731733474818,4
John Lubbock,white,male,5.27646180417324,10
John Lydon,white,male,5.78746047451842,10
John Lyly,white,male,4.81557774832427,10
John M Sheehan,white,male,4.47275644931721,10
John M. Gottman,white,male,5.03342375548695,2
John M. McHugh,white,male,4.69722934275972,2
John M. Perkins,black,male,5.021189,1
John Mackey,white,male,5.60852603357719,9
John Madden,white,male,6.120573931,9
John Maeda,asian,male,5.025306,2
John Maiorana,white,male,1.98227123303957,10
John Major,white,male,5.97543180850926,4
John Malkovich,white,male,6.72754125702856,9
John Manning,white,male,5.43296929087441,10
John Mark Green,white,male,4.95568775031351,10
John Mark Reynolds,white,male,4.39269695325967,4
John Marsden,white,male,5.39445168082622,10
John Marshall,white,male,6.68663626926229,10
John Masefield,white,male,5.40654018043396,10
John Mason Brown,white,male,4.59879050676312,9
John Matsui,asian,male,4.064458,1
John Maxwell,white,male,6.31597034545692,3
John Mayer,white,male,6.91907809237607,10
John Maynard Keynes,white,male,6.16136800223498,10
John McAfee,white,male,5.57518784492766,7
John McCain,white,male,6.45484486,7
John McCarthy,white,male,6.18752072083646,4
John McDonald,white,male,6.04532297878666,2
John McEnroe,white,male,6.149219113,5
John McGraw,white,male,5.51188336097887,2
John McPhee,white,male,5.52504480703685,4
John McWhorter,black,male,5.20139712432045,2
John Medina,latino,male,5.39445168082622,5
John Mellencamp,white,male,6.08278537,4
John Miller,white,male,6.62531245096167,2
John Millington Synge,white,male,5.30102999566398,5
John Milton,white,male,6.48429983934679,10
John Mole,white,male,4.50514997831991,6
John Moody,white,male,5.22530928172586,2
John Morley,white,male,5.6159500516564,8
John Mortimer,white,male,5.3654879848909,2
John Muir,white,male,6.60530504614111,10
John Mulaney,white,male,6.30535136944662,2
John N Gray,white,male,4.10720996964787,2
John Naisbitt,white,male,5.60745502321467,9
John Newton,white,male,6.12710479836481,8
John Northcutt Young,white,male,3.06818586174616,3
John O'Callaghan,white,male,6.39093510710338,8
John O'Donohue,white,male,6.18184358794477,10
John O'Hara,white,male,6.25042000230889,3
John O. Brennan,white,male,5.30102999566398,7
John Oates,white,male,6.45636603312904,4
John Oliver,white,male,6.92064500140679,5
John Oliver Hobbes,white,female,4.47712125471966,4
John Ortberg,white,male,5.2148438480477,10
John Ortberg Jr.,white,male,3.59217675739587,3
John Ortiz,latino,male,5.544068,1
John Osborne,white,male,5.72015930340596,6
John Owen,white,male,6.08635983067475,6
John Oxenham,white,male,4.61804809671209,3
John P. Kotter,white,male,5.58319877396862,4
John P. Loughrane,white,male,2.62940959910272,1
John Patrick,white,male,6.65321251377534,2
John Patrick Hickey,white,male,3.94448267215017,10
John Paul II,white,male,7.10380372095596,10
John Paul Jones,white,male,6.58658730467176,6
John Paul Warren,white,male,4.27646180417324,10
John Perez,latino,male,5.574031,1
John Perry Barlow,white,male,4.95182303531591,6
John Philip Sousa,white,male,6.18184358794477,6
John Phillips,white,male,6.485721426,3
John Philpot Curran,white,male,4.74741180788642,4
John Pierce,white,male,5.59879050676312,1
John Piper,white,male,6.28780172993023,10
John Podhoretz,white,male,4.54157924394658,3
John Poindexter,white,male,4.76417613239033,2
John Polkinghorne,white,male,4.86923171973098,3
John Quincy Adams,white,male,6.15228834438306,9
John R. Tunis,white,male,4.52762990087134,1
John R.W. Stott,white,male,5.26007138798508,8
John Raleigh Mott,white,male,4.25767857486918,2
John Rampton,white,male,5.20411998265593,10
John Randolph,white,male,5.68752896121463,2
John Ratzenberger,white,male,5.536558443,3
John Rawls,white,male,6.13033376849501,7
John Reynaga,latino,male,3.240549,1
John Rhys-Davies,white,male,5.69019608002851,2
John Richard Stephens,white,male,4.17609125905568,2
John Ridley,black,male,5.42975228000241,2
John Ringo,white,male,5.30102999566398,3
John Robert Go,asian,male,3.24303804868629,2
John Roberts,white,male,6.591064607,4
John Ruskin,white,male,6.206825876,10
John Russell,white,male,6.37839790094814,3
John S. C. Abbott,white,male,5.25527250510331,2
John S. Savage,white,male,4.18184358794477,3
John Sandford,white,male,5.56702636615906,5
John Scalzi,white,male,5.64443858946784,10
John Sculley,white,male,5.11727129565576,5
John Searle,white,male,5.51188336097887,2
John Seddon,white,male,5.18184358794477,2
John Selden,white,male,4.95133751879592,4
John Sentamu,black,male,4.604226053,2
John Shelby Spong,white,male,4.95520653754194,4
John Shors,white,male,4.72754125702856,2
John Singer Sargent,white,male,6.40140054078154,1
John Sloan,white,male,5.475671188,2
John Stahl-Wert,white,male,3.97680833733807,7
John Stamos,white,male,6.13987908640124,2
John Stein,white,male,5.07554696139253,4
John Stoker,white,male,4.73798732633343,5
John Stossel,white,male,5.60530504614111,3
John Stossel No They can t,white,male,2.4996870826184,3
John T. Chambers,white,male,4.1846914308176,2
John T. Flynn,white,male,4.87737134586977,2
John Taliaferro,white,male,4.86451108105839,10
John Taylor Gatto,white,male,5.40823996531185,5
John Tesh,white,male,5.38381536598043,2
John Tracy Wilson,white,male,3.2718416065365,2
John Travolta,white,male,7.04139268515823,2
John Twelve Hawks,white,male,5.00860017176192,2
John Tyler,white,male,6.15836249209525,2
John Tyndall,white,male,5.25527250510331,6
John Updike,white,male,6.00432137378264,10
John Vaillant,white,male,4.89431606268444,3
John Vanbrugh,white,male,5.23044892137827,2
John Verdon,white,male,5.28330122870355,2
John W. Gardner,white,male,5.39619934709574,10
John W. Thompson,black,male,5.38739,1
John Waire,white,male,3.71767050300226,2
John Walters,white,male,5.61489721603314,5
John Wanamaker,white,male,5.42488163663107,2
John Waters,white,male,6.28780172993023,10
John Wayne,white,male,7.1846914308176,9
John Webster,white,male,5.73957234445009,10
John Wesley,white,male,6.81358098856819,10
John Williams,white,male,7.26951294421792,7
John Willis Zumwalt,white,male,3.26717172840301,2
John Wilmot,white,male,5.053078443,9
John Witherspoon,black,male,5.45484486,3
John Woo,asian,male,6.143015,1
John Wood,white,male,6.47856649559384,2
John Wooden,white,male,5.98900461569854,10
John Wycliffe,white,male,5.56348108539441,2
John Wyndham,white,male,5.59879050676312,7
John Yang,asian,male,1.55630250076729,6
John Yates,white,male,5.55870857053317,3
John Yau,asian,male,4.790988,1
John Yokoyama,asian,male,3.841359,1
John Yoo,asian,male,5.167317,1
John Zakour,white,male,4.8109042806687,7
John Zea,latino,male,3.89486965674525,4
John Zimmerman,white,male,5.37291200297011,3
John Zorn,white,male,5.69108149212297,3
John de Ruiter,white,male,4.69372694892365,2
John duover,white,male,1.64345267648619,10
John le Carré,white,male,6.34635297445064,10
John von Neumann,white,male,5.98362628712453,2
Johnette Napolitano,white,female,5.03342375548695,1
Johni Pangalila,asian,male,2.49693,1
Johnnetta Betsch Cole,black,female,4.419956,1
Johnnie Cochran,black,male,5.11727129565576,2
Johnnie Dent Jr.,black,male,3.390935107,10
Johnny Bench,white,male,5.92531209149965,2
Johnny Carson,white,male,7.6159500516564,10
Johnny Cash,white,male,7.3324384599156,10
Johnny Depp,white,male,5.65321251377534,1
Johnny Iuzzini,white,male,4.7355989,2
Johnny Marr,white,male,6.16435285578444,2
Johnny Mathis,black,male,6.19312459835446,4
Johnny Moscato,white,male,3.55022835305509,4
Johnny Van Zant,white,male,5.46538285144842,2
Johnny Vegas,white,male,5.4983105537896,4
Johnny Weir,white,male,5.17609125905568,2
Joichi Ito,asian,male,4.570543,1
Jojo Moyes,white,female,6.2718416065365,10
Joko Ono,asian,female,4.813581,1
Joko Widodo,asian,male,6.966142,1
Jolene Perry,white,female,4.65896484266444,6
Jolene Tan,asian,female,5.089905,1
Jolie Booth,white,female,3.37839790094814,3
Jomo Kenyatta,black,male,6.618048,1
Jon Acuff,white,male,5.03742649794062,4
Jon Batiste,black,male,6.149219113,2
Jon Bon Jovi,white,male,6.57403126772772,10
Jon Chopan,white,male,3.23044892137827,3
Jon Courtenay Grimwood,white,male,4.59328606702046,2
Jon Edgell,white,male,3.32633586092875,3
"Jon Huntsman, Sr.",white,male,4.30749603791321,3
Jon Kabat-Zinn,white,male,5.92012332629072,10
Jon Katz,white,male,5.08278537,2
Jon Krakauer,white,male,5.72181061521255,10
Jon M. Huntsman Sr.,white,male,4.12710479836481,3
Jon Meacham,white,male,5.82151352840477,10
Jon Mertz,white,male,4.08635983067475,2
Jon Ng,asian,male,4.662758,1
Jon Oringer,white,male,4.76267856372744,3
Jon Pardi,white,male,6.178976947,2
Jon Paul Fiorentino,white,male,3.87966920563205,2
Jon Ronson,white,male,5.32633586092875,10
Jon Scieszka,white,male,5.39445168082622,2
Jon Scott,white,male,5.37839790094814,2
Jon Secada,latino,male,5.725912,1
Jon Skovron,white,male,4.84571801796666,3
Jon Steele,white,male,5.11058971029925,2
Jon Stewart,white,male,6.80140371001735,10
Jon Tetsuro Sumida,asian,male,3.631444,1
Jon Voight,white,male,6.20139712432045,2
Jonah Berger,white,male,5.2380461031288,7
Jonah Goldberg,white,male,5.206825876,10
Jonah Hill,white,male,6.50514997831991,3
Jonah Lehrer,white,male,5.25042000230889,10
Jonah Winter,white,male,4.78247262416629,2
Jonas Eriksson,white,male,5.82412583391655,10
Jonas Jonasson,white,male,6.0899051114394,7
Jonas Perez,latino,male,4.843233,1
Jonas Salk,white,male,5.6232492903979,10
Jonathan Anthony Burkett,black,male,3.94497590841205,10
Jonathan Auxier,white,male,5.14612803567824,5
Jonathan Bailey,white,male,6.82672252016899,3
Jonathan Burkett,black,male,4.32633586092875,4
Jonathan Cainer,white,male,4.15533603746506,2
Jonathan Carroll,white,male,5.178976947,7
Jonathan Culver,white,male,4.09342168516223,6
Jonathan Darman,white,male,4.04532297878666,2
Jonathan Davis,white,male,6.178976947,6
Jonathan Douglas Duran,latino,male,2.661813,1
Jonathan Dunne,white,male,4.85003325768977,2
Jonathan Edwards,white,male,6.27875360095283,10
Jonathan Franzen,white,male,5.79169064902012,10
Jonathan Friesen,white,male,4.47856649559384,8
Jonathan Gash,white,male,4.33645973384853,3
Jonathan Harnisch,white,male,4.29885307640971,10
Jonathan Ive,white,male,5.08635983067475,10
Jonathan Kellerman,white,male,5.57634135020579,7
Jonathan Kozol,white,male,5.33445375115093,4
Jonathan Maberry,white,male,5.88366143515362,10
Jonathan Mayhew,white,male,4.5705429398819,3
Jonathan Messinger,white,male,4.2380461031288,3
Jonathan Miller,white,male,5.86981820797933,2
Jonathan Odell,white,male,4.51719589794997,2
Jonathan P. Lamas,latino,male,3.41497334797082,3
Jonathan R Banks,white,male,3.52374646681157,2
Jonathan R. Walton,black,male,3.574031,1
Jonathan Renshaw,white,male,4.19589965240923,9
Jonathan Rottenberg,white,male,4.35218251811136,6
Jonathan Safran Foer,white,male,6.10380372095596,10
Jonathan Shapiro,white,male,4.86569606,2
Jonathan Star,white,male,4.43296929087441,2
Jonathan Stroud,white,male,5.41995574848976,9
Jonathan Suen,asian,male,3.274158,1
Jonathan Swift,white,male,6.42488163663107,10
Jonathan Taylor,black,male,6.668386,1
Jonathan Tropper,white,male,5.69897000433602,10
Jonathan V. Last,white,male,4.47421626407626,6
Jonathan Winters,white,male,5.60530504614111,2
Jonathan-David Jackson,black,male,3.92993,1
Jones Kofi Apawu,black,male,3.888179,1
Jonghyun,asian,male,6.434569,1
Joni Eareckson Tada,white,female,5.87909587950007,10
Joni Mitchell,white,female,6.77670118398841,10
Jonny Lang,white,male,5.51188336097887,2
Joost A.M. Meerloo,white,male,4.41995574848976,3
Jordan Belfort,white,male,6.05690485133647,2
Jordan Bernal,latino,male,4.44248,1
Jordan Peele,black,male,6.352183,1
Jordan Sonnenblick,white,male,4.95856388322197,3
Jordana Brewster,latino,female,6.071882,1
Jordin Sparks,black,female,6.37291200297011,3
Jorge Cruise,latino,male,4.49136169383427,2
Jorge Enrique Ponce,latino,male,3.99956548822598,3
Jorge M. Perez,latino,male,5.045323,1
Jorge Manrique,latino,male,6.173186,1
Jorge Ortiz,latino,male,6.501059,1
Jorge P. Guerrero,latino,male,2.87157293554588,9
Jorge Ramos,latino,male,7.16731733474818,4
Jorge Silva Rodighiero,latino,male,3.542825,1
Joris-Karl Huysmans,white,male,5.77670118398841,4
Jose A. Aviles,latino,male,4.260071,1
Jose Andres,latino,male,6.37291200297011,10
Jose Bergamin,latino,male,4.57634135020579,7
Jose Canseco,latino,male,5.961895474,2
Jose Eduardo dos Santos,black,male,5.338456,1
Jose Ferreira,latino,male,5.984527,1
Jose Garcia Villa,latino,male,5.053078,1
Jose Gonzalez,latino,male,6.567026,1
Jose Incer,latino,male,3.4345689040342,4
Jose Joaquin Olmedo,latino,male,4.507856,1
Jose Luis Borges,latino,male,5.260071,1
Jose Luis Rodriguez Zapatero,white,male,5.16435285578444,2
Jose Maria Aznar,white,male,5.14301480025409,2
Jose Marti,latino,male,6.19589965240923,5
Jose Ortega,latino,male,5.939519,1
Jose Padilha,latino,male,4.694605,1
Jose Pratdesaba,latino,male,2.908485,1
Jose Serrano,latino,male,5.678518,1
Josef Albers,white,male,5.97266559226611,2
Josef Pieper,white,male,5.16136800223498,5
Josefina Vazquez Mota,latino,female,4.447158,1
Josemaría Escrivá,white,male,5.836956737,2
Joseph A. Micucci,white,male,3.70671778233676,2
Joseph Addison,white,male,5.58319877396862,10
Joseph Alois Schumpeter,white,male,5.01283722470517,3
Joseph B. Wirthlin,white,male,5.19033169817029,10
Joseph B.H. McMillan,white,male,2.33445375115093,2
Joseph Barber Lightfoot,white,male,4.55630250076729,5
Joseph Barbera,white,male,5.53147891704226,2
Joseph Bathanti,white,male,4.34830486304816,2
Joseph Bottum,white,male,4.51587384371168,4
Joseph Brodsky,white,male,5.4345689040342,10
Joseph C Reyes,latino,male,3.946452,2
Joseph C. Kunz Jr.,white,male,3.84323277809801,4
Joseph Campbell,white,male,6.35602585719312,10
Joseph Chilton Pearce,white,male,5.05690485133647,6
Joseph D'Lacey,white,male,4.35024801833416,2
Joseph De Maistre,white,male,5.91855453055027,6
Joseph Epstein,white,male,4.90363251608424,10
Joseph Farrell,white,male,5.32014628611105,5
Joseph Fink,white,male,5.3324384599156,8
Joseph Franklin Rutherford,white,male,4.55750720190566,5
Joseph Gies,white,male,5.17318626841227,2
Joseph Goldstein,white,male,5.26007138798508,2
Joseph Grenny,white,male,5.01703333929878,2
Joseph Hansen,white,male,5.11394335230684,4
Joseph Heller,white,male,5.71349054309394,10
Joseph Henry Jackson,black,male,4.594393,1
Joseph Hopkinson,white,male,4.35793484700045,2
Joseph Howe,white,male,5.04532297878666,2
Joseph Hunt,white,male,5.01283722470517,3
Joseph J. Ellis,white,male,5.31386722036915,10
Joseph Jackson,black,male,5.843233,1
Joseph Jaworski,white,male,4.71264970162721,2
Joseph Jiyun Yang,asian,male,1.740363,1
Joseph Joubert,white,male,5.29885307640971,10
Joseph Julius Bonkowski Jr.,white,male,3.19033169817029,4
Joseph Kaifala,black,male,3.976808,1
Joseph Kosinski,white,male,6.00860017176192,2
Joseph McClendon III,black,male,4.623249,1
Joseph Murphy,white,male,6.30749603791321,2
Joseph O'Connor,white,male,5.66464197555613,4
"Joseph Ohler, Jr.",white,male,3.02530586526477,3
Joseph P. Kennedy,white,male,5.81822589361396,3
Joseph Potts,white,male,4.8767949762007,2
Joseph Priestley,white,male,5.43933269383026,3
Joseph Prince,asian,male,6.07554696139253,6
Joseph Pulitzer,white,male,5.44870632,2
Joseph Rotblat,white,male,4.918030337,2
Joseph Roth,white,male,5.71180722904119,2
Joseph Roux,white,male,5.04139268515823,8
Joseph Simmons,black,male,5.120574,1
Joseph Smith,white,male,6.65801139665711,3
Joseph Smith Jr.,white,male,5.85793526471943,8
Joseph Sobran,white,male,5.12385164096709,5
Joseph Stalin,white,male,6.42813479402879,10
Joseph Stiglitz,white,male,5.93901977644867,3
Joseph Story,white,male,5.604226053,3
Joseph Telushkin,white,male,5.06445798922692,2
Joseph Wapner,white,male,4.36361197989214,2
Joseph Wheelan,white,male,4.45024910831936,2
Joseph Wood Krutch,white,male,4.95036485437612,8
Joseph mcbrearty,white,male,3.64345267648619,2
Josephine Akhagbeme,black,female,2.84447717574568,3
Josephine Angelini,white,female,5.23044892137827,9
Josephine Baker,black,female,6.20411998265593,6
Josephine Hart,white,female,4.94792361983173,8
Josephine Humphreys,white,female,4.34830486304816,6
Josephine Rathbone,white,female,3.43775056282039,1
Josephine Tey,white,female,5.23299611039215,3
Josephine Winslow Johnson,white,female,3.81224469680037,2
Josephine de La Baume,white,female,5.46089784275655,2
Josh Alan Friedman,white,male,4.15533603746506,2
Josh Billings,white,male,5.28555730900777,10
Josh Bowman,white,male,5.025305865,3
Josh Brolin,white,male,6.58883172559421,2
Josh Fox,white,male,5.04139268515823,2
Josh Gates,white,male,5.47421626407626,3
Josh Gibson,black,male,5.501059,2
Josh Gordon,black,male,5.569374,1
Josh Groban,white,male,6.41664050733828,3
Josh Hanagarne,white,male,4.30102999566398,2
Josh Hartnett,white,male,6.19312459835446,2
Josh Homme,white,male,5.67851837904011,2
Josh Langley,white,male,4.36735592102602,3
Josh Lanyon,white,female,4.76715586608218,6
Josh Lucas,white,male,5.94792361983173,3
Josh Malerman,white,male,6.14301480025409,6
Josh McDowell,white,male,5.564666064,4
Josh Oladehinde,black,male,1.963788,1
Josh Ross,white,male,5.74507479158206,2
Josh Stern,white,male,4.668385917,10
Josh Sundquist,white,male,5.49136169383427,2
Joshilyn Jackson,white,female,4.8394780473742,5
Joshua Ayala-Arias,latino,male,2.705008,1
Joshua Becker,white,male,5.04921802267018,8
Joshua Bell,white,male,5.87390159786446,5
Joshua Bloch,white,male,4.81624129999178,3
Joshua Chamberlain,white,male,4.90955602924118,4
Joshua Cohen,white,male,5.63748973,2
Joshua David Bellin,white,male,4.21218760440396,2
Joshua Edward Smith,white,male,3.81157500587059,5
Joshua Ferris,white,male,4.892651034,7
Joshua Foer,white,male,5.51587384371168,7
Joshua Gaylord,white,male,4.04921802267018,2
Joshua Harris,white,male,5.52374646681156,10
Joshua Krook,white,male,3.85430604180108,2
Joshua L. Liebman,white,male,3.70070371714502,2
Joshua Lederberg,white,male,5.67851837904011,3
Joshua Loth Liebman,white,male,4.053078443,3
Joshua Okello,black,male,4.641474111,6
Joshua Oppenheimer,white,male,5.58771096501891,4
Joshua Prince-Ramus,white,male,4.36735592102602,4
Joshua Reynolds,white,male,5.94743372188705,2
Joshua Rogers,black,male,5.45939248775923,2
Joshua Roman,white,male,4.63548374681491,2
Joshua Stannard,white,male,3.31806333496276,8
Joshua Wisenbaker,white,male,3.56820172406699,4
Joshunda Sanders,black,female,4.209515,1
Josi S. Kilpack,white,female,4.77597433112937,2
Josiah G Holland,white,male,4.07188200730613,2
Josiah Gilbert Holland,white,male,4.91381385238372,6
Josiah Royce,white,male,4.92788341033071,4
Josiah Stamp,white,male,4.63748973,2
Josie Zapanta Stewart,asian,female,0.778151,1
Joss Sheldon,white,male,4.55509444857832,2
Joss Stirling,white,female,4.9329808219232,10
Joss Whedon,white,male,6.28330122870355,10
Jostein Gaarder,white,male,6.29003461136252,10
Josue Rivera,latino,male,5.658011,1
José Antonio Bowen,latino,male,4.59217675739587,4
José Emilio Pacheco,latino,male,5.93651374247889,2
José Latour,latino,male,4.804821,1
José Luis Ruiz,latino,male,6.21748394421391,4
José Meléndez,latino,male,5.587711,1
José N Harris,latino,male,4.49554433754645,9
José Ortega y Gasset,white,male,6.42813479402879,9
José P. Rizal,asian,male,5.873321,2
José Rizal,asian,male,6.51188336097887,10
José Saramago,white,male,6.28330122870355,10
José Silva,latino,male,7.103804,1
Jounayet Rahman,asian,male,3.84447717574568,2
Jourdan Dunn,black,female,5.87621784059164,3
Jovan Dučić,white,male,5.65609820201283,2
Joy Behar,white,female,6.63447727016073,2
Joy Bryant,black,female,5.232996,1
Joy Davidman,white,female,5.11727129565576,4
Joy Fielding,white,female,5.40312052117582,2
Joy Hakim,white,female,4.76417613239033,2
Joy Harris,black,female,5.049218,1
Joy Kogawa,asian,female,4.68841982200271,2
Joy Williams,white,female,5.68124123737559,2
Joya Ryan,white,female,4.37106786227174,5
Joyce Banda,black,female,5.735599,1
Joyce Brothers,white,female,5.06069784035361,10
Joyce Carey,white,female,5.07918124604763,3
Joyce Carol Oates,white,female,6.149219113,10
Joyce Cary,white,male,4.79239168949825,6
Joyce Guo,asian,female,4.13672056715641,10
Joyce Kilmer,white,male,5.45331834004704,3
Joyce Maynard,white,female,5.19312459835446,3
Joyce Meyer,white,female,6.641474111,10
Joycelyn Elders,black,female,5.10721,1
Joyram Shaw,asian,male,2.313867,1
João Mendes,black,male,6.399674,2
Joë Bousquet,white,male,5.10037054511756,4
Juan Diego Florez,latino,male,6.064458,1
Juan F. Cisneros Cisneros,latino,male,0.778151,1
Juan Felipe Herrera,latino,male,5.28330122870355,5
Juan Gabriel,latino,male,7.22010808804005,2
Juan Gabriel Vásquez,latino,male,5.89431606268444,8
Juan Luis Ortiz Hidalgo,latino,male,2.72181061521255,2
Juan Manuel Rendón González,latino,male,0.60206,1
Juan Manuel Santos,latino,male,6.146128,1
Juan Marichal,latino,male,5.924279,1
Juan Mascaró,latino,male,4.9484129657786,3
Juan Miro,latino,male,5.531479,1
Juan Montalvo,latino,male,6.595496,2
Juan Morris,latino,male,4.531479,1
Juan Pablo Galavis,latino,male,4.815578,1
Juan Pablo Montoya,latino,male,6.311754,1
Juan Rulfo,latino,male,6.07918124604763,3
Juan T. Llibre,latino,male,3.696356,1
Juanes,latino,male,6.856124444,3
Judah Smith,white,male,4.9731278535997,10
Judd Nelson,white,male,5.57403126772772,4
Judd Trichter,white,male,4.06818586174616,2
Jude Idada,black,male,4.4345689040342,2
Jude Morgan,white,male,4.43616264704076,10
Jude Okwuzulike,black,male,2.588832,1
Jude Watson,white,female,4.95085145888855,8
Judge Judy Sheindlin,white,female,5.536558443,3
Judi Fennell,white,female,4.17318626841227,2
Judith Briles,white,female,4.55388302664387,2
Judith Guest,white,female,4.51054501020661,8
Judith Ivory,white,female,4.52113808370404,3
Judith Jamison,black,female,4.78532983501077,3
Judith Krantz,white,female,5.78816837114117,3
Judith Light,white,female,5.46982201597816,4
Judith Martin,white,female,5.73639650227664,9
Judith McNaught,white,female,5.97863694838447,10
Judith Orloff,white,female,5.11058971029925,4
Judith Ortiz Cofer,latino,female,5.11059,1
Judith Rodin,white,female,4.883093359,2
Judith Thurman,white,female,4.60314437262018,2
Judith Viorst,white,female,5.6170003411209,9
Judith Wright,white,female,5.25767857486918,2
Judy Azar LeBlanc,white,female,3.53781909507327,4
Judy Baer,white,female,4.65030752313194,2
Judy Biggert,white,female,4.11727129565576,2
Judy Blume,white,female,5.82801506422398,10
Judy Chicago,white,female,5.40483371661994,4
Judy Collins,white,female,5.95712819767681,4
Judy Croome,white,female,3.76715586608218,2
Judy Duarte,latino,female,4.93651374247889,2
Judy Gold,white,female,5.46686762035411,3
Judy Johnson,black,male,5.672098,1
Judy Melinek,white,female,4.938019097,3
Judy Smith,black,female,5.83442070368153,2
Juefan Huihong,asian,male,3.230449,1
Juhi Chawla,asian,female,6.264818,1
Juicy J,black,male,6.66931688056611,2
Jules Barbey d'Aurevilly,white,male,5.48995847942483,10
Jules Barnard,white,male,4.57634135020579,5
Jules Michelet,white,male,6.15228834438306,3
Jules Renard,white,male,6.13672056715641,10
Jules Verne,white,male,7.13033376849501,10
Juli Zeh,white,female,6.09691001300806,2
Julia Child,white,female,6.56229286445647,10
Julia Crane,white,female,4.32633586092875,2
Julia DeBarrioz,latino,female,3.17026171539496,2
Julia Dorr,white,female,4.07918124604763,4
Julia F. Carney,white,female,2.97220283837906,2
Julia Fierro,white,female,4.411619706,2
Julia Gillard,white,female,5.82412583391655,3
Julia Glass,white,female,4.77085201164214,8
Julia Green,white,female,5.33645973384853,7
Julia Heywood,white,female,3.86451108105839,4
Julia Hoban,white,female,4.43136376415899,2
Julia Kent,white,female,5.01283722470517,2
Julia L. Roberts,white,female,4.29003461136252,2
Julia Louis-Dreyfus,white,female,6.25767857486918,3
Julia Louise Woodruff,white,female,2.60852603357719,2
Julia Mills,white,female,4.77959649125782,7
Julia Morgan,white,female,5.91750550955255,3
Julia Quinn,white,female,6.42975228000241,10
Julia Roberts,white,female,6.99869515831166,8
Julia Sorel,white,female,4.36735592102602,2
Julia Stiles,white,female,6.0899051114394,3
Julia Ward Howe,white,female,5.66370092538965,4
Julia de Burgos,latino,female,5.440909,1
Julian Assange,white,male,6.45788189673399,8
Julian Baggini,white,male,5.54777470538782,3
Julian Barnes,white,male,5.86153441085904,10
Julian Bond,black,male,5.206825876,3
Julian Casablancas,white,male,5.82542611776782,5
Julian Fellowes,white,male,5.87563993700417,7
Julian Gallo,latino,male,4.949878,1
Julian Hawthorne,white,male,5.34242268082221,3
Julian Huxley,white,male,5.2718416065365,4
Julian Lennon,white,male,5.83314711191279,2
Julian Quintero,latino,male,5.13033376849501,6
Julian Schnabel,white,male,5.58771096501891,2
Julian of Norwich,white,female,5.55509444857832,3
Juliana Barbassa,latino,female,4.23552844690755,4
Juliana Hatfield,white,female,5.82151352840477,3
Julianne Donaldson,white,female,4.59879050676312,10
Julianne Moore,white,female,6.68124123737559,5
Julie Andrews,white,female,6.55990662503611,9
Julie Andrews Edwards,white,female,4.59879050676312,8
Julie Ann Walker,white,female,5.10720996964787,2
Julie Anne Long,white,female,4.88536122003151,10
Julie Anne Peters,white,female,4.97405090279288,8
Julie Bishop,white,female,5.54032947479087,3
Julie Bowen,white,female,6.13353890837022,4
Julie Burchill,white,female,4.83058866868514,6
Julie C. Dao,asian,female,4.85187,1
Julie Chen,asian,female,5.760422,1
Julie Christie,white,female,5.93951925261862,2
Julie Cross,white,female,5.06818586174616,2
Julie Eshbaugh,white,female,4.149219113,6
Julie Garwood,white,female,5.55870857053317,10
Julie Hockley,white,female,4.37106786227174,2
Julie James,white,female,5.59769518592551,10
Julie Johnson,white,female,6.10720996964787,7
Julie Kagawa,asian,female,5.357935,10
Julie Klam,white,female,4.774516966,2
Julie Klausner,white,female,4.73399928653839,3
Julie Mehretu,black,female,5.34439227368511,2
Julie Metz,white,female,4.35983548233989,4
Julie Murphy,white,female,5.58883172559421,9
Julie Otsuka,asian,female,5.04921802267018,3
Julie Powell,white,female,5.34635297445064,4
Julie Reece Deaver,white,female,3.81023251799508,2
Julie Reisler,white,female,4.30749603791321,2
Julie Roberts,white,female,5.5854607295085,2
Julie Rodelli,white,female,3.19033169817029,3
Julie Saffrin,white,female,4.20139712432045,2
Julie Schumacher,white,female,4.56702636615906,2
Julie Wenzel,white,female,4.53147891704226,2
Julie Wright,white,female,6.01283722470517,2
Julieanne O'Conner,white,female,2.34439227368511,8
Julieanne O'Connor,white,female,4.053078443,10
Julien Gracq,white,male,5.72345567203519,2
Juliet Blackwell,white,female,4.51321760006794,3
Juliet C. Obodo,black,female,3.20682587603185,2
Juliet Daniel,black,female,4.658011,1
Juliet Marillier,white,female,6.3654879848909,10
Juliette Binoche,white,female,6.38916608436453,6
Juliette Cross,white,female,5.11058971029925,3
Juliette Gordon Low,white,female,5.70500795933334,2
Juliette Lewis,white,female,6.11727129565576,10
Julio Alexi Genao,latino,male,3.58206336291171,9
Julio Cortázar,latino,male,6.436163,10
Julio Pereira,latino,male,5.73957234445009,2
Julius Caesar,white,male,6.92992956008459,9
Julius Charles Hare,white,male,4.47856649559384,4
Julius Erving,black,male,6.05690485133647,3
Julius Genachowski,white,male,4.8842287696326,2
Julius Lester,black,male,4.80955971463527,7
Julián Leyzaola,latino,male,4.691081,1
Juma Iraki,black,male,3.850646,1
Jun Mochizuki,asian,female,5.120573931,4
Jun'ichirō Tanizaki,asian,male,5.100371,1
Junaid Raza,asian,male,5.80413943233535,10
June Callwood,white,female,4.94694327069783,2
June Hunt,white,female,5.07918124604763,2
June Jordan,black,female,5.29885307640971,7
June Matthews,white,female,4.86272752831797,2
Jung Chang,asian,female,5.656098,1
Junichiro Tanizaki,asian,male,5.75281643118827,2
Junipero Serra,white,male,5.89376176205794,2
Junius Williams,black,male,4.352183,1
Junji Ito,asian,male,6.735599,1
Junko,asian,female,7.193125,1
Junnita Jackson,black,female,3.79098847508882,5
Junot Díaz,latino,male,6.053078443,10
Jupiter Hammon,black,male,4.86805636182304,2
Jurgen Appelo,white,male,4.99607365448528,2
Jurgen Klopp,white,male,6.67024585307412,6
Jussi Adler-Olsen,white,male,6.56820172406699,6
Jussie Smollett,black,male,5.732394,1
Just B. Jordan,black,male,3.52374646681157,2
Justice Arthur Goldberg,white,male,4.26007138798508,2
Justice Smith,black,male,5.80482067872116,2
Justin Alcala,latino,male,4.22788670461367,10
Justin Bieber,white,male,8.26717172840301,10
Justin Bienvenue,white,male,3.85672889038288,10
Justin Buzzard,white,male,4.15228834438306,7
Justin Cartwright,white,male,4.64542226934909,2
Justin Chon,asian,male,4.97635,1
Justin Cronin,white,male,5.38560627359831,10
Justin Lee,asian,male,6.2380461031288,4
Justin Robinson,black,male,5.485721,1
Justin Simien,black,male,5.401401,1
Justin Somper,white,male,5.04139268515823,3
Justin Southwick,white,male,3.8318697742805,2
Justin Swapp,white,male,3.55990662503611,3
Justin Taylor,white,female,6.02118929906994,2
Justin Theroux,white,male,6.25527250510331,2
Justin Timberlake,white,male,7.27875360095283,10
Justin Torres,latino,male,5.149219113,2
Justin Trudeau,white,male,6.99431715266964,7
Justin Welby,white,male,5.87448181769947,2
Justin Wetch,white,male,4.00860017176192,10
Justina Chen,asian,female,4.89431606268444,10
Justina Ireland,black,female,5.117271,1
Justine Dell,white,female,3.43136376415899,7
Justine Larbalestier,white,female,4.8992731873176,10
Justine Lévy,white,female,5.22271647114758,2
Juvenal,white,male,6.84073323461181,10
Jyothsna Ravi,asian,female,2.563481,1
Jyoti Arora,asian,female,5.46834733041216,3
Jürgen Habermas,white,male,6.37657695705651,5
Jürgen Moltmann,white,male,5.47129171105894,6
Jōji Tsubota,asian,male,3.547775,1
K Sajwan,asian,male,3.382017,1
K'wan,black,male,5.4983105537896,2
K-Ske Hasegawa,asian,male,3.344392,1
K. D. Lang,white,female,5.82216807936802,5
K. Hari Kumar,asian,male,4.51982799377572,10
K. Howard Joslin,white,male,2.77670118398841,10
K. Melissa Kennedy,white,female,2.8234742291703,5
K. Panuthos,asian,male,0.69897,1
K. Sean Harris,black,male,4.940018,1
K. Webster,white,female,5.54900326202579,10
K.A. Laity,white,female,4.3541084391474,2
K.A. Linde,white,female,5.0899051114394,2
K.B. Ezzell,white,male,2.45939248775923,5
K.J. Parker,white,male,5.05690485133647,3
K.P. Yohannan,asian,male,4.83505610172012,5
K.W. Jeter,white,male,4.72015930340596,2
Kabelo Mabona,black,male,3.57634135020579,10
Kabir,asian,male,7.74350976472843,5
Kabir Bedi,asian,male,5.617,1
Kadiatou Diallo,black,female,5.596597,1
Kadiri Nurudeen,black,male,2.751279,1
Kady Cross,white,female,4.52374646681156,5
Kaede Kouchi,asian,female,4.127105,1
Kaelo Setogang,black,male,2.514548,2
Kahoko Yamada,asian,female,2.54900326202579,3
Kai Ashante Wilson,black,male,4.485721426,2
Kailash Satyarthi,asian,male,5.30749603791321,7
Kailin Gow,asian,female,4.72181061521255,9
Kaitlin Bevis,white,female,4.52633927738984,2
Kaitlin D.S. Cammie,white,female,2.26951294421792,3
Kaitlyn Oruska,white,female,3.01703333929878,4
Kajal Aggarwal,asian,female,6.605305,2
Kaji.,asian,male,7.418301,1
Kajol,asian,female,7.334454,1
Kakashi Sensei,asian,male,5.691081,1
Kakeru Yuiga,asian,male,3.83505610172012,4
Kakuzo Okahura,asian,male,5.294466,1
Kakuzō Okakura,asian,male,4.54654266347813,10
Kaleb Kilton,white,male,3.00860017176192,10
Kaleb Lampkin,black,male,3.139879,1
Kalle Lasn,white,male,4.62013605497376,4
Kalon Jackson,black,male,3.71011736511182,4
Kalpana Chawla,asian,female,5.69635638873333,4
Kalu Ndukwe Kalu,black,male,4.068186,1
Kalungi B. Samuel Dickens,black,male,2.235528,1
Kalyan C. Kankanala,asian,male,3.752048,10
Kalyani Rao,asian,female,4.10721,1
Kam Williams,black,male,5.100371,1
Kamal Khanzada,asian,male,0.954242509439325,2
Kamal Ravikant,asian,male,5.149219113,10
Kamala Harris,asian,female,7.324282,1
Kamala Suraiyya Das,asian,female,3.3541084391474,2
Kamari,black,male,6.924279,1
Kamaria G. Powell,black,female,2.276462,1
Kameron Hurley,white,female,5.1846914308176,10
Kami Garcia,white,female,5.51054501020661,10
Kamiyah Franks,black,female,2.243038,1
Kamla K Kapur,asian,female,4.064458,1
Kamlesh D. Patel,asian,male,5.419956,1
Kamoshida Hajime,asian,male,4.553883,1
Kanae Hazuki,asian,female,4.672098,1
Kandarp Gandhi,asian,male,3.44090908206522,4
Kandathil Sebastian,asian,male,3.34439227368511,2
Kandi Steiner,white,female,5.44870632,4
Kang Chol-Hwan,asian,male,4.380211,1
Kangana Ranaut,asian,female,6.930439595,5
Kano,black,male,7.770852,1
Kanwar Dhillon,asian,male,5.580925,1
Kanye West,black,male,7.79239168949825,10
Kaori Miyazono,asian,female,5.832509,1
Kaori Naruse,asian,female,4.029384,1
Kaori Ozaki,asian,female,4.88761730033574,2
Kaori Yuki,asian,female,5.471292,1
Kaoru Akagawa,asian,female,4.628389,1
Kaoru Kurimoto,asian,female,4.50514997831991,2
Kaoru Mori,asian,female,4.989005,1
Kapil Dev,asian,male,6.4456042032736,9
Kapil Kumar Bhaskar,asian,male,4.04532297878666,3
Kapil Sharma,asian,male,7.669317,1
Kapil Sibal,asian,male,5.818885415,10
Kara Lee Corthron,black,female,4.25285303097989,6
Kara Walker,black,female,5.46538285144842,4
Karan Bajaj,asian,male,5.13033376849501,3
Karan M Pai,asian,male,2.84757265914211,4
Karan Mahajan,asian,male,5.32428245529769,9
Karan Patade,asian,male,3.2405492482826,3
Karasu Yamazaki,asian,male,3.39794,1
Kareem Abdul-Jabbar,black,male,6.84198480459011,10
Kareena Kapoor Khan,asian,female,6.63548374681491,4
Karel Čapek,white,male,6.60530504614111,2
Karen A. Baquiran,asian,female,3.76192783842053,10
Karen A. Chase,white,female,3.97726621242729,2
Karen Abbott,white,female,4.96801571399364,4
Karen Amanda Hooper,white,female,3.86451108105839,4
Karen Ann Wirtz,white,female,2.31386722036915,2
Karen Armstrong,white,female,5.68214507637383,10
Karen Azinger,white,female,3.65321251377534,10
Karen Blixen,white,female,6.10380372095596,6
Karen Cushman,white,female,4.76492298464989,3
Karen DeCrow,white,female,4.26951294421792,3
Karen Duffy,white,female,5.025305865,2
Karen E. Quinones Miller,black,female,4.31386722036915,8
Karen Essex,white,female,4.71767050300226,10
Karen Fowler,white,female,5.13033376849501,2
Karen Foxlee,white,female,4.93951925261862,3
Karen Hackel,white,female,3.522444234,10
Karen Hawkins,white,female,5.1846914308176,4
Karen Hesse,white,female,5.33445375115093,2
Karen Horney,white,female,5.54654266347813,10
Karen Hughes,white,female,5.49276038902684,2
Karen Joy Fowler,white,female,5.55870857053317,10
Karen Kain,white,female,4.53907609879278,2
Karen Kingsbury,white,female,5.63848925695464,10
Karen Kingston,white,female,4.80140371001735,2
Karen Lord,black,female,4.88138465677057,3
Karen M McManus,white,female,6.26717172840301,4
Karen Maezen Miller,white,female,4.34635297445064,4
Karen Maitland,white,female,4.49136169383427,6
Karen Marie Moning,white,female,5.77670118398841,10
Karen McQuestion,white,female,4.93094903116752,2
Karen Miller,white,female,5.97497199429807,3
Karen Mosquera,latino,female,4.525045,1
Karen O,asian,female,6.390935,1
Karen Quan,asian,female,4.041393,10
Karen Ranney,white,female,4.42651126136457,2
Karen Russell,white,female,5.58319877396862,5
Karen Shanor,white,female,3.55388302664387,3
Karen Swallow Prior,white,female,5.149219113,5
Karen Tei Yamashita,asian,female,4.87040390527903,2
Karen Thompson Walker,white,female,5.0899051114394,7
Karen Traviss,white,female,5.04139268515823,5
Karen White,white,female,5.83569057149243,3
Karen Witemeyer,white,female,5.36361197989214,4
Karim Camara,black,male,5.26481782300954,3
Karin Agness,white,female,3.52762990087134,2
Karin Slaughter,white,female,6.10380372095596,8
Karina Halle,white,female,5.36921585741014,10
Karishma Magvani,asian,female,2.71516735784846,10
Karisma Kapoor,asian,female,6.55266821611219,2
Karl A. Menninger,white,male,4.698100546,6
Karl Barth,white,male,5.92788341033071,10
Karl Jaspers,white,male,5.8109042806687,3
Karl Kraus,white,male,5.64836001098093,9
Karl Lagerfeld,white,male,7.56937390961505,10
Karl Malone,black,male,6.22788670461367,2
Karl Marlantes,white,male,4.65224634100332,7
Karl Marx,white,male,7.16731733474818,10
Karl Menninger,white,male,4.38021124171161,7
Karl Ove Knausgård,white,male,5.89320675305985,9
Karl Pearson,white,male,5.82607480270083,3
Karl Pilkington,white,male,5.48713837547719,10
Karl Popper,white,male,6.178976947,6
Karl R. Popper,white,male,5.4996870826184,7
Karl Rahner,white,male,5.61384182187607,6
Karl Reiland,white,male,3.61384182187607,1
Karl Rove,white,male,5.67486114073781,3
Karl Taro Greenfeld,asian,male,4.585461,1
Karl Wilhelm Friedrich Schlegel,white,male,4.485721426,10
Karl von Clausewitz,white,male,5.07188200730613,2
Karla Campos,latino,female,5.459392,1
Karlie Kloss,white,female,6.22530928172586,4
Karren Renz Seña,latino,female,3.004321,1
Karthikeyan V,asian,male,4.98721922990801,3
Kartik Mehta,asian,male,4.98677173426625,10
Karuna,asian,female,7.100371,1
Kary Mullis,white,male,5.45939248775923,4
Kasie West,white,female,5.18752072083646,10
Kass Morgan,white,female,5.20951501454263,7
Kat Kruger,white,female,4.20951501454263,2
Kat Von D.,latino,female,6.43296929087441,5
Kat Yeh,asian,female,4.396199,1
Kat Zhang,asian,female,4.396199,1
Katarina Bivald,white,female,4.97543180850926,6
Katarina Jovic,white,female,4.4996870826184,2
Kate Atkinson,white,female,5.716003344,10
Kate Avery Ellison,white,female,4.20411998265593,2
Kate Beckinsale,white,female,6.65127801399814,2
Kate Bernheimer,white,female,4.77597433112937,3
Kate Bolick,white,female,4.67024585307412,4
Kate Capshaw,white,female,5.3747483460101,2
Kate Carlisle,white,female,4.89817648349768,3
Kate Chisman,white,female,3.02118929906994,8
Kate Chopin,white,female,5.67942789661212,10
Kate Christensen,white,female,4.63245729218472,10
Kate Corsen,white,female,2.51587384371168,2
Kate DiCamillo,white,female,5.67117284271508,10
Kate Douglas,white,female,5.41830129131975,2
Kate Douglas Wiggin,white,female,5.61384182187607,2
Kate Elliott,white,female,5.45331834004704,9
Kate Forsyth,white,female,4.774516966,7
Kate Griffin,white,female,4.91960102378411,9
Kate Hattemer,white,female,3.98677173426624,3
Kate Hudson,white,female,6.77085201164214,6
Kate Iffy Chukwu,black,female,2.596597,1
Kate Kerrigan,white,female,4.28555730900777,3
Kate Klise,white,female,4.89762709129044,3
Kate Lattey,white,female,4.14301480025409,3
Kate Lord Brown,white,female,4.76342799356294,7
Kate Madison,white,female,5.34044411484012,4
Kate McGahan,white,female,4.62634036737504,10
Kate McKinnon,white,female,6.99607365448528,3
Kate Meader,white,female,5.06818586174616,10
Kate Messner,white,female,5.20951501454263,4
Kate Middleton,white,female,7.51719589794997,9
Kate Mildenhall,white,female,5.54900326202579,4
Kate Millett,white,female,5.03742649794062,9
Kate Morton,white,female,5.68214507637383,9
Kate Moss,white,female,6.9434945159061,8
Kate Mosse,white,female,5.38021124171161,3
Kate Nash,white,female,5.59328606702046,3
Kate Noble,white,female,4.97497199429807,2
Kate O'Neill,white,female,5.5705429398819,2
Kate Reardon,white,female,4.2718416065365,2
Kate Richards,white,female,4.95424250943933,3
Kate Rockland,white,female,4.10037054511756,3
Kate Rooper,white,female,3.90848501887865,5
Kate Saunders,white,female,4.98900461569854,4
Kate Scelsa,white,female,4.51054501020661,2
Kate Seredy,white,female,4.84010609445676,2
Kate Smith,white,female,6.09691001300806,2
Kate Walbert,white,female,4.55022835305509,2
Kate White,white,female,5.59659709562646,3
Kate Wicker,white,female,3.75739602879302,5
Kate Winslet,white,female,7.10037054511756,10
Kate Zambreno,white,female,5.07918124604763,3
Kate le Vann,white,female,3.87621784059164,2
Katee Sackhoff,white,female,5.99475694458763,5
Katelyn Beaty,white,female,4.75511226639507,2
Katerina Martinez,latino,female,4.491362,1
Kateryna Kei,white,female,3.35793484700045,4
Katey Sagal,white,female,5.83442070368153,2
Katharine Butler Hathaway,white,female,4.120573931,7
Katharine Graham,white,female,5.12710479836481,10
Katharine Lee Bates,white,female,5.36921585741014,3
Katharine McPhee,white,female,6.09691001300806,3
Katharine Whitehorn,white,female,4.4456042032736,7
Katherine Allred,white,female,4.47275644931721,4
Katherine Angela Yeboah,black,female,2.471292,1
Katherine Anne Porter,white,female,5.72345567203519,5
Katherine Applegate,white,female,5.63245729218472,9
Katherine Arden,white,female,5.45331834004704,3
Katherine Bogle,white,female,4.20951501454263,2
Katherine Boo,white,female,4.7979596437372,9
Katherine Catmull,white,female,4.45939248775923,5
Katherine Center,white,female,5.4983105537896,3
Katherine Dunham,black,female,5.10380372095596,3
Katherine Dunn,white,female,5.03342375548695,10
Katherine Heigl,white,female,6.572871602,2
Katherine Howe,white,female,4.9532763366673,4
Katherine Jenkins,white,female,5.62634036737504,2
Katherine Johnson,black,female,5.961895474,7
Katherine Kelly,white,female,5.7979596437372,2
Katherine Longshore,white,female,4.43775056282039,3
Katherine Mansfield,white,female,5.91169015875386,9
Katherine Marsh,white,female,4.80345711564841,3
Katherine McIntyre,white,female,4.83314711191279,10
Katherine McNamara,white,female,5.95712819767681,5
Katherine Paterson,white,female,5.44404479591808,10
Katherine Reay,white,female,5.10380372095596,8
Katherine Rundell,white,female,6.39619934709574,10
Katherine Valdez,latino,female,4.861534,1
KatherineChin,asian,female,4.506505,1
Katheryn Hulme,white,female,2.28103336724773,3
Katheryn J. Avila,latino,female,2.920123,1
Kathleen Alcalá,latino,female,4.421604,1
Kathleen Bittner Roth,white,female,3.95904139232109,3
Kathleen Dowling Singh,white,female,4.63548374681491,2
Kathleen Flinn,white,female,4.3747483460101,2
Kathleen Glasgow,white,female,5.46538285144842,9
Kathleen McGowan,white,female,4.93951925261862,4
Kathleen Norris,white,female,5.13033376849501,9
Kathleen Ossip,white,female,4.25527250510331,2
Kathleen Peacock,white,female,4.47856649559384,2
Kathleen Raine,white,female,4.75739602879302,3
Kathleen Sheeder Bonanno,white,female,3.19033169817029,3
Kathleen Tessaro,white,female,4.94743372188705,5
Kathleen Tierney Andrus,white,female,1.79239168949825,2
Kathleen Turner,white,female,6.04139268515823,4
Kathleen Valentine,white,female,4.67394199863409,3
Kathleen Winsor,white,female,4.610660163,3
Kathrin Schmidt,white,female,5.17026171539496,2
Kathrine Switzer,white,female,5.42651126136457,3
Kathryn Alesandrini,white,female,3.38560627359831,2
Kathryn Bigelow,white,female,6.08635983067475,4
Kathryn Fogleman,white,female,3.45484486,2
Kathryn Kuhlman,white,female,5.609594409,2
Kathryn Lasky,white,female,5.206825876,7
Kathryn Le Veque,white,female,5.45178643552429,2
Kathryn Purdie,white,female,5.19312459835446,3
Kathryn Schulz,white,female,4.81557774832427,6
Kathryn Stockett,white,female,5.84447717574568,9
Kathryn V. White,white,female,3.22010808804005,4
Kathy Bryson,white,female,5.41830129131975,10
Kathy Goodhew,white,female,3.54777470538782,2
Kathy Griffin,white,female,6.029383778,3
Kathy Hepinstall,white,female,4.41497334797082,2
Kathy Ireland,white,female,5.82477646247555,6
Kathy Lette,white,female,5.43775056282039,3
Kathy Lyons,white,female,5.13987908640124,5
Kathy Reichs,white,female,5.65417654187796,8
Katie Alender,white,female,4.86093662070009,3
Katie Allen,white,female,5.41995574848976,3
Katie Cotugno,white,female,5.40140054078154,4
Katie Douglas,white,female,5.59879050676312,3
Katie Ganshert,white,female,4.60314437262018,2
Katie Heaney,white,female,4.21218760440396,5
Katie Holmes,white,female,6.57863920996807,4
Katie Kacvinsky,white,female,4.63848925695464,10
Katie Kiesler,white,female,2.90254677931399,4
Katie Klein,white,female,4.61172330800734,4
Katie MacAlister,white,female,4.82412583391655,10
Katie McGarry,white,female,4.81954393554187,10
Katie Price,white,female,6.43296929087441,4
Katie St. Claire,white,female,5.36921585741014,2
Katie Taylor,white,female,6.08278537,7
Katie Waitman,white,female,3.764176132,2
Katina Marshell Cotton-Sliwa,black,female,3.13672056715641,5
Katlyn Charlesworth,white,female,2.91803033678488,10
Katori Hall,black,female,4.82930377283103,2
Katrina Kaif,asian,female,7.037426,1
Katrina Sisowath,asian,female,3.123852,1
Katsura Hoshino,asian,female,5.33845649360461,4
Katy Evans,white,female,5.18752072083646,9
Katy Kauffman,white,female,4.06069784035361,10
Katy Perry,white,female,7.75739602879302,9
Katy Regnery,white,female,4.94051648493257,3
Katya G. Cohen,white,female,2.46686762035411,2
Kaui Hart Hemmings,white,female,4.88479536394898,10
Kaushal Patel,asian,male,5.965672,2
Kaushal S. Kiroula,asian,male,1.643453,1
Kaushik,asian,male,7.437751,1
Kaushik Ram,asian,male,3.54406804435028,6
Kautilya,asian,male,6.243038,1
Kavipriya Moorthy,asian,female,3.881385,2
Kavita Bhupta Ghosh,asian,female,3.14612803567824,3
Kavita Kané,asian,female,4.06445798922692,6
Kavita Ramdya,asian,female,2.880814,1
Kavya Janani U.,asian,female,3.278754,1
Kawhi Leonard,black,male,6.721811,1
Kay Boyle,white,female,4.774516966,2
Kay Honeyman,white,female,3.73078227566639,3
Kay Redfield Jamison,white,female,5.48713837547719,8
Kay Ryan,white,female,5.20139712432045,4
Kaya McLaren,white,female,4.09691001300806,8
Kayaba Akihiko,asian,male,4.764176,1
Kayambila Mpulamasaka,black,male,3.305351,2
Kaye Gibbons,white,female,4.60205999132796,2
Kayisha Thomas,black,female,3.09691001300806,3
Kaylie Newell,white,female,4.3541084391474,2
Kayode Infomart,black,male,1,1
Kazeem Olalekan,black,male,5.08278537,5
Kazi Mahmudul Islam,asian,male,3.60206,1
Kazimir Malevich,white,male,6.17026171539496,3
Kazoh Kitamori,asian,male,3.770852,1
Kazu Kibuishi,asian,male,5.851258,1
Kazue Kato,asian,female,5.52891670027766,2
Kazuo Ishiguro,asian,male,6.33041377334919,10
Kazuo Koike,asian,male,5.57403126772772,2
Kazuya Minekura,asian,female,5.25767857486918,4
Kedar Joshi,asian,male,5.00860017176192,10
Kedar Patankar,asian,male,3.889302,1
Keegan Allen,white,male,5.11394335230684,2
Keeley Hawes,white,female,5.71850168886727,2
Keesya Hill-Jones,black,female,3.600973,1
Kehinde Sonola,black,male,3.58658730467176,3
Kei Miller,black,male,4.617,1
Keigo Higashino,asian,male,6.012837,1
Keiichi Sigsawa,asian,male,4.991669,1
Keiko Nobumoto,asian,female,4.7041505168398,3
Keishi Ando,asian,male,2.676694,1
Keith Ablow,white,male,4.96567197122011,10
Keith Buckley,white,male,5.05690485133647,5
Keith Cooper,black,male,5.338456,1
Keith Donohue,white,male,4.86864443839483,4
Keith Ellison,black,male,5.55990662503611,3
Keith Ferrazzi,white,male,5.61278385671974,7
Keith Haring,white,male,7.10380372095596,3
Keith Henson,white,male,4.90036712865647,4
Keith Hollihan,white,male,3.88705437805096,3
Keith Jarrett,white,male,6.32014628611105,3
Keith Johnstone,white,male,4.87794695162919,3
Keith Lee Johnson,black,male,5.733999,1
Keith R.A. DeCandido,white,male,5.34242268082221,4
Keith Richards,white,male,6.76492298464989,10
Keith Urban,white,male,6.72263392253381,3
Keke Palmer,black,female,6.50650503240487,5
Kekla Magoon,black,female,5.22010808804005,3
Kellan Lutz,white,male,5.71011736511182,5
Kellen Roggenbuck,white,male,3.95424250943932,2
Kelley Armstrong,white,female,5.52633927738984,10
Kelley York,white,female,4.25285303097989,5
Kelli O'Hara,white,female,5.24303804868629,2
Kelli Wilson,white,female,5.20951501454263,5
Kellie Elmore,white,female,4.42488163663107,10
Kelly Barnhill,white,female,5.67024585307412,5
Kelly Batten,white,female,4.32428245529769,4
Kelly Braffet,white,female,4.84073323461181,5
Kelly Cherry,white,female,4.82607480270083,2
Kelly Clarkson,white,female,7.13672056715641,10
Kelly Corrigan,white,female,5.411619706,5
Kelly Creagh,white,female,4.64443858946784,8
Kelly Cutrone,white,female,4.80482067872116,7
Kelly Gallagher,white,female,5.18752072083646,3
Kelly Keaton,white,female,5.11394335230684,3
Kelly Link,white,female,5.5327543789925,8
Kelly Lynch,white,female,5.6570558528571,3
Kelly McGonigal,white,female,5.25285303097989,3
Kelly Miller,black,male,5.835056,1
Kelly Moran,white,female,5.29225607135648,10
Kelly O'Connor McNees,white,female,4.10380372095596,5
Kelly Osbourne,white,female,6.40483371661994,2
Kelly Parra,latino,female,4.923762,1
Kelly Preston,white,female,6.12710479836481,2
Kelly Rowland,black,female,6.591064607,4
Kelly Sue DeConnick,white,female,5.56584781867352,5
Kelly Thompson,white,male,5.85003325768977,7
Kelly Vang,asian,female,4.193125,1
Kelly Wearstler,white,female,6.02118929906994,6
Kellyanne Conway,white,female,5.61384182187607,2
Kelsea Ballerini,white,female,6.47421626407626,3
Kelsey Brickl,white,female,3.17026171539496,8
Kelsey Grammer,white,male,6.24303804868629,3
Kelsey Ketch,white,female,3.97543180850926,2
Kelvin O'Ralph,black,male,3.374748,1
Kemi Edonmi,black,female,2.342423,1
Kemi Sogunle,black,female,4.21748394421391,10
Ken Akamatsu,asian,male,5.10037054511756,2
Ken Blanchard,white,male,5.68484536164441,4
Ken Bugul,black,female,5.123852,1
Ken Burns,white,male,6.51982799377572,2
Ken Cruickshank,white,male,4.18752072083646,3
Ken Cuccinelli,white,male,4.97497199429807,4
Ken Follett,white,male,6.57749179983723,10
Ken Ham,white,male,5.65417654187796,5
Ken Jennings,white,male,5.76863810124761,9
Ken Kesey,white,male,5.70586371228392,10
Ken Keyes,white,male,4.4456042032736,3
Ken Keyes Jr.,white,male,4.50785587169583,3
Ken Liu,asian,male,5.62838893005031,10
Ken Livingstone,white,male,5.2718416065365,4
Ken MacLeod,white,male,5.02118929906994,4
Ken Niimura,asian,male,5.033424,1
Ken Norton,black,male,5.62634,2
Ken O'Neill,white,male,5.00860017176192,2
Ken Olsen,white,male,4.85733249643127,3
Ken Page,black,male,5.262451,1
Ken Poirot,white,male,4.84010609445676,10
Ken Robinson,white,male,5.80208925788173,10
Ken Salazar,latino,male,5.369216,1
Ken Scholes,white,male,4.609594409,2
Ken Scott,white,male,5.81157500587059,6
Ken Thompson,black,male,5.677607,1
Ken Wheaton,white,male,4.55750720190566,3
Ken Wilber,white,male,5.57403126772772,2
Ken Wytsma,white,male,4.31597034545692,4
Kenan Thompson,black,male,5.938019,1
Kendall Jenner,white,female,7.35983548233989,8
Kendall Kulper,white,female,4.46834733041216,5
Kendall Ryan,white,female,5.17318626841227,3
Kendall Schmidt,white,male,5.51054501020661,6
Kendra Wilkinson,white,female,5.9216864754836,5
Kendric Boykin,black,male,2.429752,1
Kendrick Lamar,black,male,7.668385917,10
Kendrick Nguyen,asian,male,4.10721,1
Kenji,asian,male,7.749736,1
Kenji Miyazawa,asian,male,5.683947,1
Kenko Yoshida,asian,male,4.1959,1
Kenn Bivins,black,male,3.943989,1
Kenn Carlson,white,male,2.67577834167408,1
Kennedy Odede,black,male,4.872739,1
Kennedy Ryan,black,female,5.61909333062674,3
Kenneth Boulding,white,male,5.10380372095596,2
Kenneth Chenault,black,male,4.861534,1
Kenneth Clark,black,male,5.58658730467176,4
Kenneth E. Boulding,white,male,4.85186960072977,3
Kenneth Eade,white,male,4.18752072083646,10
Kenneth Edmonds,black,male,4.558709,1
Kenneth G. Ortiz,latino,male,3.267172,1
Kenneth Grahame,white,male,5.7701152947871,10
Kenneth H. Blanchard,white,male,5.01703333929878,10
Kenneth H. Cooper,white,male,4.883093359,3
Kenneth Kaunda,black,male,6.225309,1
Kenneth L. Fisher,white,male,4.79588001734407,2
Kenneth L. Pike,white,male,4.53019969820308,5
Kenneth MacKenzie,white,male,5.28555730900777,2
Kenneth Oppel,white,male,5.57749179983723,8
Kenneth Patchen,white,male,5.11058971029925,5
Kenneth R. Miller,white,male,5.58319877396862,3
Kenneth Rexroth,white,male,4.97863694838447,3
Kenneth Roberts,white,male,5.38916608436453,5
Kenneth Scott Latourette,white,male,4.408239965,2
Kenneth Wayne Wood,white,male,3.38201704257487,3
Kenneth de Guzman,asian,male,4.92220627743902,5
Kenny Baker,white,male,5.61489721603314,2
Kenny Chesney,white,male,6.57749179983723,4
Kenny D. Eichenberg,white,male,2.52504480703685,2
Kenny G,white,male,6.47275644931721,4
Kenny Loggins,white,male,6.4983105537896,3
Kenny Rogers,white,male,6.74507479158206,3
Kenny Wayne Fields,black,male,3.100371,1
Kensington Gore,white,male,5.61278385671974,3
Kent Alan Robinson,white,male,2.7701152947871,9
Kent Allan Rees,white,male,2.42975228000241,4
Kent Conrad,white,male,4.89376176205794,2
Kent Hovind,white,male,5.13672056715641,2
Kent Nerburn,white,male,5.18184358794477,3
Kentaro Miura,asian,male,6.20412,1
Kentetsu Takamori,asian,male,4.11394335230684,10
Kenya Wright,black,female,4.66745295288995,10
Kenzaburō Ōe,asian,male,5.01703333929878,7
Kenzo Tange,asian,male,5.86033800657099,4
Keri Arthur,white,female,4.86213137931304,6
Keri Lake,white,female,5.55022835305509,5
Keri Russell,white,female,6.2148438480477,2
Kermit Roosevelt III,white,male,4.178976947,6
Kerri Maniscalco,white,female,6.32014628611105,6
Kerri Strug,white,female,5.66181268553726,2
Kerrigan Byrne,white,female,5.32014628611105,10
Kerry Washington,black,female,6.54530711646582,2
Kerstin Gier,white,female,6.11058971029925,8
Kesha,white,female,7.29446622616159,5
Keshia Knight Pulliam,black,female,5.61066,1
Keshni Kashyap,asian,female,3.41162,1
Ketan Waghmare,asian,male,3.63848925695464,4
Kev Heritage,white,male,3.7160033436348,2
Kevin A. McKoy,black,male,3.933993,1
Kevin Alejandro,latino,male,5.663701,1
Kevin Ansbro,white,male,3.9670797341445,3
Kevin Bacon,white,male,6.54530711646582,8
Kevin Breel,white,male,4.50785587169583,2
Kevin Connolly,white,male,5.52891670027766,2
Kevin Costner,white,male,7.28103336724773,4
Kevin Dalton,white,male,4.78390357927274,4
Kevin Darné,black,male,3.515874,1
Kevin DeYoung,white,male,5.47275644931721,10
Kevin Delgado,latino,male,5.305351,1
Kevin Durant,black,male,7.17318626841227,5
Kevin E. Phillips,white,male,4.09691001300806,2
Kevin Eubanks,black,male,4.864511,2
Kevin Feige,white,male,6.25042000230889,2
Kevin Fong,asian,male,4.715167,1
Kevin Garnett,black,male,6.59988307207369,3
Kevin Gates,black,male,6.72345567203519,2
Kevin Harris,black,male,5.623249,1
Kevin Hart,black,male,7.14612803567824,10
Kevin J. Anderson,white,male,5.7041505168398,6
Kevin James,white,male,6.59217675739587,5
Kevin James Breaux,white,male,3.72672720902657,8
Kevin Johnson,black,male,6.332438,1
Kevin Kelly,white,male,6.053078443,10
Kevin Kelly DO,white,male,0.698970004336019,3
Kevin Kwan,asian,male,5.374748,1
Kevin Leman,white,male,5.21218760440396,2
Kevin McCarthy,white,male,6.31806333496276,8
Kevin McCloud,white,male,5.20139712432045,4
Kevin Mitnick,white,male,5.37657695705651,10
Kevin N. Fair,black,male,2.662758,1
Kevin Nealon,white,male,5.522444234,3
Kevin Ngo,asian,male,5.46686762035411,2
Kevin Plank,white,male,5.5092025223311,10
Kevin Powers,white,male,5.25285303097989,7
Kevin Purdy,white,male,4.99651167215418,2
Kevin Roose,white,male,4.98721922990801,9
Kevin Rudd,white,male,5.78031731214015,2
Kevin Smith,white,male,6.72509452108147,9
Kevin Spacey,white,male,6.83442070368153,10
Kevin Stirtz,white,male,3.892094603,6
Kevin Systrom,white,male,5.28780172993023,3
Kevin Young,black,male,5.753583,2
Kevyn Aucoin,white,male,6.59879050676312,4
Keyshawn Johnson,black,male,5.54654266347813,2
Keyur Bhatt,asian,male,4.322219,1
Keyur Kumbhare,asian,male,3.369216,1
Kgalema Motlanthe,black,male,5.40654,1
Kgosietsile Martin Timothy,black,male,3.2148438480477,4
Khaleda Zia,asian,female,6.348305,1
Khalid Masood,black,male,5.56584781867352,10
Khalid Muhammad,black,male,5.419956,1
Khalil Osiris,black,male,4.021189,1
Khandro Rinpoche,asian,female,4.922206,1
Khaya Dlanga,black,male,4.744293,1
Khil Raj Regmi,asian,male,4.201397,1
Khloe Kardashian,white,female,6.67669360962487,8
Khurshed Batliwala,asian,male,4.238046,1
Khushbu Saini,asian,female,4.457882,1
Khushwant Singh,asian,male,6.00860017176192,4
Kia Carrington-Russell,black,female,4.698100546,2
Kid Cudi,black,male,7.029383778,3
Kid Koala,asian,male,5.181844,1
Kid Rock,white,male,6.609594409,9
Kieran Revell,white,male,3.82542611776782,3
Kierra C.T. Banks,black,female,3.41664050733828,10
Kiersten White,white,female,5.38381536598043,10
Kiese Laymon,black,male,5.96284268120124,5
Kiesza,white,female,5.65417654187796,5
Kim Addonizio,white,female,5.19033169817029,2
Kim Askew,black,female,4.394452,1
Kim Baldwin,white,female,5.26007138798508,2
Kim Basinger,white,female,6.40823996531185,2
Kim Casali,white,female,4.82477646247555,2
Kim Cattrall,white,female,6.411619706,5
Kim Collins,black,male,5.49693,1
Kim Dae Jung,asian,male,5.31806333496276,2
Kim Dong Hwa,asian,male,4.78746047451842,5
Kim Edwards,white,female,5.38560627359831,10
Kim Fields,black,female,5.40312052117582,2
Kim Gordon,white,female,5.86033800657099,5
Kim Harrison,white,female,5.58206336291171,9
Kim Hyesoon,asian,female,4.774517,1
Kim Il-sung,asian,male,6.46239799789896,3
Kim John Payne,white,male,5.15533603746506,3
Kim Jong Il,asian,male,6.51321760006794,3
Kim Jong-un,asian,male,7.12710479836481,9
Kim Kardashian,white,female,7.77887447200274,10
Kim Myungsoo,asian,male,5.515874,1
Kim Sowol,asian,male,4.350248,1
Kim Stanley Robinson,white,male,6.09342168516223,10
Kim Thúy,asian,female,6.252853,1
Kim Wayans,black,female,4.817565,1
Kim Wright,white,female,5.51054501020661,5
Kim Yuna,asian,female,5.35024801833416,2
Kim van Alkemade,white,female,4.45178643552429,2
Kimbal Musk,white,male,5.43933269383026,6
Kimber Simpkins,white,female,3.68484536164441,2
Kimberly Derting,white,female,5.09691001300806,8
Kimberly Elise,black,female,5.30749603791321,3
Kimberly Guilfoyle,latino,female,6.10720996964787,5
Kimberly Kinrade,white,female,3.75434833571102,6
Kimberly McCreight,white,female,5.30535136944662,5
Kimberly Morgan,white,female,5.59439255037543,3
Kimberly Novosel,white,female,3.73798732633343,10
Kimberly Reid,black,female,5.143015,1
Kimberly Sabatini,white,female,3.772321707,4
Kimberly Schlapman,white,female,5.50650503240487,2
Kimesha Coleman,black,female,3.421604,1
Kimon Nicolaides,white,male,4.90091306773767,2
Kimsan,asian,female,6.130334,1
Kin Hubbard,white,male,4.51188336097887,8
Kina Grannis,asian,female,6.093422,1
King George V,white,male,6.72345567203519,2
King Michael of Romania,white,male,4.19312459835446,4
Kingsley Amis,white,male,5.564666064,10
Kingsley Opuwari Manuel,black,male,3.604226053,10
Kinky Friedman,white,male,5.66086547800387,9
Kinoko Nasu,asian,male,5.09691,1
Kip Keino,black,male,5.217484,1
Kipjo Kenyatta Ewers,black,male,2.576341,1
Kiran Arshad,asian,male,4.184691,1
Kiran Desai,asian,female,5.8998205024271,3
Kiran Joshi,asian,male,5.51054501020661,2
Kirby Howell,black,female,5.561101,1
Kirby Larson,white,female,4.47421626407626,4
Kirk Cameron,white,male,6.04532297878666,6
Kirk Diedrich,white,male,4.57863920996807,3
Kirk Douglas,white,male,6.38201704257487,5
Kirk Mango,white,male,3.95472479097906,2
Kirsten Beyer,white,female,5.55266821611219,9
Kirsten Dunst,white,female,6.63748973,6
Kirsten Gillibrand,white,female,5.85793526471943,8
Kirsten Miller,white,female,5.16435285578444,5
Kirstie Alley,white,female,5.758154622,4
Kirstie Collins Brote,white,female,2.390935107,2
Kirsty Eagar,white,female,4.025305865,4
Kirsty Gallacher,white,female,5.03342375548695,2
Kirsty Logan,white,female,5.13987908640124,4
Kirsty Moseley,white,female,4.63346845557959,6
Kirti Gupta,asian,female,5.356026,1
Kirtida Gautam,asian,female,3.82672252016899,10
Kishan Barai,asian,male,3.881385,1
Kishan P Rao,asian,male,2.657056,2
Kishan Paul,asian,male,4.274158,1
Kisho Kurokawa,asian,male,5.503791,1
Kishore Bansal,asian,male,4.68124123737559,10
Kishore Chandra Deo,asian,male,4.146128,1
Kit Williams,white,male,4.892651034,3
Kitarō Nishida,asian,male,4.167317,1
Kittredge Cherry,white,female,4.572871602,2
Kitty Thomas,white,female,4.77815125038364,7
Kiyohiko Azuma,asian,male,5.5854607295085,2
Kiyoko Takeda,asian,female,3.678518,1
Kjell Magne Bondevik,white,male,5.15533603746506,2
Kjersti Annesdatter Skomsvold,white,female,4.94987770403687,2
Klaudio Marashi,white,male,2.805500858,3
Klaus Kinski,white,male,5.92634244662565,2
Klonovsky,white,male,5.54777470538782,4
Knausgaard,white,male,5.54406804435028,3
Knisztina,white,female,6.89707700320942,4
Knute Rockne,white,male,5.75434833571102,9
Kobayashi Issa,asian,male,4.97634997900327,9
Kobe Bryant,black,male,7.37839790094814,2
Kobun Chino Otogawa Roshi,asian,male,3.167317,1
Kody Keplinger,white,female,5.27646180417324,5
Kofi Annan,black,male,6.41664050733828,10
Koh Choon Hwee,asian,female,2.963316,1
Kohta Hirano,asian,male,5.35602585719312,6
Kojiro Tomita,asian,male,3.437751,1
Kojo Annan,black,male,4.60206,1
Kola Boof,black,female,3.931966,1
Komal Kant,asian,female,4.176091,1
Konrad,white,male,7.65321251377534,2
Konrad Adenauer,white,male,6.74663419893758,7
Konrad Lorenz,white,male,5.88817949391832,10
Konrad von Gesner,white,male,3.83505610172012,2
Konstantin Stanislavski,white,male,5.387389826,5
Konstantin Tsiolkovsky,white,male,5.29225607135648,5
Kopano Matlwa,black,female,5.025306,1
Koral Dasgupta,asian,female,4.52113808370404,2
Koren Zailckas,white,female,4.64345267648619,7
Korey G. Miracle,asian,male,1.94939,1
Korina Mercado,latino,female,3.739572,1
Kou Yoneda,asian,female,4.99956548822598,2
Kouhei Horikoshi,asian,male,4.869818,1
Kouhei Kadono,asian,male,4.38739,1
Kourtney Kardashian,white,female,6.7427251313047,10
Koushun Takami,asian,male,5.43136376415899,6
Kowtham Kumar K,asian,male,2.63548374681491,7
Koyel Mitra,asian,female,4.51587384371168,2
Kozue Chiba,asian,female,4.574031,1
Kresley Cole,white,female,5.91434315711944,10
Kris Kristofferson,white,male,6.37839790094814,9
Kris Vallotton,white,male,5.5327543789925,8
Kris Waldherr,white,female,4.881954971,2
Krishna Kumar Kanagal,asian,male,1.94939,1
Krishna Prakash,asian,male,5.439333,1
Krishna Saagar,asian,male,5.91487181754005,8
Krishna Udayasankar,asian,female,4.18752072083646,10
Krishna-Dwaipayana Vyasa,asian,male,5.04139268515823,3
Krishnamurti,asian,male,6.591064607,3
Krist Pauwels,white,male,3.78175537465247,3
Krista Alasti,white,female,2.41830129131974,6
Krista Ritchie,white,female,5.542825427,10
Krista Van Dolzer,white,female,3.82736927305382,2
Kristan Higgins,white,female,5.17318626841227,9
Kristaps Porzingis,white,male,6.05690485133647,2
Kristen Ashley,white,female,5.58658730467176,10
Kristen Bell,white,female,6.69722934275972,2
Kristen Callihan,white,female,5.64836001098093,10
Kristen Clark,black,female,5.178977,1
Kristen Heitzmann,white,female,4.81023251799508,7
Kristen Henderson,white,female,4.820857989,10
Kristen Hope Mazzola,white,female,4.18184358794477,8
Kristen J. Duca,white,female,2.25285303097989,3
Kristen Lamb,white,female,4.73399928653839,5
Kristen Painter,white,female,4.59769518592551,4
Kristen Stewart,white,female,7.07918124604763,5
Kristen Wiig,white,female,7.17026171539496,3
Krister Stendahl,white,male,4.65609820201283,2
Kristi Ann Hunter,white,female,5.44870632,3
Kristi Yamaguchi,asian,female,5.628389,1
Kristian Goldmund Aumann,white,male,4.26245109,10
Kristiane Backer,white,female,4.56229286445647,3
Kristie LeVangie,white,female,3.02118929906994,2
Kristin Armstrong,white,female,4.93751789201735,8
Kristin Bartley Lenz,white,female,3.45939248775923,4
Kristin Bauer van Straten,white,female,5.24303804868629,2
Kristin Cashore,white,female,5.48713837547719,10
Kristin Cast,white,female,5.322219295,5
Kristin Cavallari,white,female,6.12385164096709,7
Kristin Davis,white,female,6.05690485133647,4
Kristin Elizabeth Clark,white,female,3.8733206018154,2
Kristin Hannah,white,female,6.57863920996807,10
Kristin Hunter,black,female,4.35793484700045,2
Kristin Kimball,white,female,4.45484486,2
Kristin Kreuk,asian,female,5.945469,1
Kristin Levine,white,female,4.45331834004704,2
Kristin McKenzie Rice,white,female,4.56110138364906,6
Kristin Miller,white,female,5.78532983501077,5
Kristin Scott Thomas,white,female,6.04139268515823,3
Kristina Howells,white,female,3.72997428569956,3
Kristine K. Stevens,white,female,3.35024801833416,3
Kristy Cambron,white,female,5.38916608436453,3
Kriti Sanon,asian,female,6.91750550955255,3
Kritika,asian,female,7.276462,1
Kritika Chanauria,asian,female,2.437751,1
Kritika Sharma,asian,female,5.72263392253381,2
Krunal Soni,asian,male,4.860338,1
Kruthika Swaminathan,asian,female,2.954725,1
Krzysztof Kieślowski,white,male,6.13353890837022,5
Kshitij Bhatia,asian,male,4.021189,1
Kudrat Dutta Chaudhary,asian,female,3.06818586174616,4
Kuldeep kandasi,asian,male,1.568202,2
Kulpreet Yadav,asian,male,4.99519629159718,3
Kumail Nanjiani,asian,male,6.40654018043396,2
Kumar,asian,male,8.92116605063774,4
Kumar Milan,asian,male,4.892095,1
Kumar Rajgeet,asian,male,3.385606,1
Kunal Bhardwaj,asian,male,4.97635,1
Kunal Jajal,asian,male,2.5092025223311,3
Kunal Karan Kapoor,asian,male,4.79865064544527,7
Kunal Narayan Uniyal,asian,male,3.61804809671209,10
Kunal Nayyar,asian,male,5.666518,1
Kunal Sareen,asian,male,3.654177,2
Kunal Sen,asian,male,5.176091,1
Kunle Abulude,black,male,2.30103,1
Kunle Olusegun-Emmanuel,black,male,2.53147891704225,2
Kuno Becker,latino,male,5.462398,1
Kuo Pao Kun,asian,male,4.390935,1
Kuribayashi Tadamichi,asian,male,3.780317,1
Kurt Cobain,white,male,7.10380372095596,10
Kurt Eichenwald,white,male,5.03742649794062,3
Kurt Elling,white,male,5.42488163663107,4
Kurt Goldstein,white,male,3.04921802267018,1
Kurt Lewin,white,male,5.8662873390842,2
Kurt Reiner C. Suarez,latino,male,1,2
Kurt Reiner Suarez,latino,male,3.38201704257487,3
Kurt Schwitters,white,male,6.029383778,2
Kurt Vonnegut,white,male,6.43616264704076,10
Kurtis Blow,black,male,5.579783597,2
Kurtis J. Wiebe,white,male,4.87098881376058,3
Kushiro Shoko,asian,female,1.85125834871908,4
Kusumastuti,asian,female,6.04532297878666,4
Kwaku Owusu Jnr,black,male,3.120573931,2
Kwame Addai,black,male,4.037426,1
Kwame Alexander,black,male,5.39269695325967,5
Kwame Anthony Appiah,black,male,5.588832,1
Kwame Nkrumah,black,male,6.69983772586725,3
Kygo,white,male,6.65224634100332,5
Kyla Pratt,black,female,5.338456,1
Kyle Chandler,white,male,5.92582757462474,6
Kyle Idleman,white,male,5.42160392686983,7
Kyle M. Scott,white,male,4.11394335230684,3
Kyle Vidrine,white,male,3.84010609445676,10
Kylie Jenner,white,female,7.98900461569854,6
Kylie Scott,white,female,5.30319605742049,10
Kym Whitley,black,female,5.187521,1
Kyo Shirodaira,asian,male,4.76342799356294,3
Kyoko Kirigiri,asian,female,5.954243,1
Kyoko M.,asian,female,4.880814,2
Kyra Jackson,black,female,4.82801506422398,8
Kyrell Pena,latino,male,2.936514,1
Kyrie Irving,black,male,6.98272338766855,3
Kyril Bonfiglioli,white,male,4.6170003411209,2
Kyung-Sook Shin,asian,female,5.31806333496276,4
Kālidāsa,asian,male,5.176091,1
Kōbō Abe,asian,male,5.13033376849501,10
L Arun,asian,male,4.880242,1
L'Wren Scott,white,female,5.17609125905568,5
L. David Marquet,white,male,5.43616264704076,2
L. E. Landon,white,female,4.39269695325967,5
L. Frank Baum,white,male,6.27646180417324,10
L. J. Cardinal Suenens,white,male,3.02938377768521,1
L. Jon Wertheim,white,male,4.75739602879302,2
L. M. Montgomery,white,female,6.05690485133647,10
L. Michael Morales,latino,male,4.4133,1
L. Michelle Rhames,black,female,3.262451,1
L. Ron Hubbard,white,male,5.9982593384237,7
L. Thomas Holdcroft,white,male,3.62117628177504,2
L.E. Modesitt Jr.,white,male,5.47421626407626,2
L.G. Durand,white,male,3.50242711998443,2
L.H. Cosway,white,female,4.8992731873176,7
L.J. Smith,white,female,5.79448804665917,10
L.P. Hartley,white,male,5.52633927738984,2
L.R. Knost,white,female,5.49692964807322,4
L.S. Hilton,white,female,4.61172330800734,2
L.T. Hill,black,male,4.382017,1
LL Cool J,black,male,6.63346845557959,7
LZ Granderson,black,male,4.46834733041216,2
La Tanyha Boyd,black,female,2.876218,1
La Tisha Honor,black,female,2.654177,2
LaMar Boschman,white,male,4.56348108539441,3
LaNina King,black,female,3.51719589794997,3
LaShawnda Jones,black,female,4.346353,1
LaShonda Bowman,black,female,3.123852,1
LaShonna Dyson,black,female,2,1
LaTonya Tee Johnson,black,female,0.954243,1
LaToya Jackson,black,female,5.42813479402879,2
Laarni Venus Marie,asian,female,2.656098,1
Laarni Venus Marie Giango,asian,female,2.774517,1
Laarni Venus Marie Nillama,asian,female,0.69897,1
Labake Akinyosoye,black,female,2.173186,1
Lacey Sturm,white,female,5.09342168516223,6
Lada Ray,white,female,4.120573931,8
Lady Astor,white,female,5.120573931,2
Lady Bird Johnson,white,female,5.74507479158206,8
Lady Gaga,white,female,7.97954837470409,10
Lady Marguerite Blessington,white,female,2.82672252016899,8
Lady Mary Wortley Montagu,white,female,5.48995847942483,2
Lady Murasaki,asian,female,5.32838,1
Lady Nancy Astor,white,female,4.56348108539441,4
Lady Sophia Fermor,white,female,2.93348728784871,3
Lafcadio Hearn,white,male,6.19312459835446,6
Laiah Gifty Akita,black,female,5.36361197989214,10
Laila Ali,black,female,5.74429298312268,4
Lailah Gifty,black,female,5.36921585741014,10
Lailah Gifty Akita,black,female,5.36172783601759,10
Laillah Gifty Akita,black,female,5.36172783601759,6
Laini Taylor,white,female,5.60530504614111,10
Laird Barron,white,male,4.99299509843134,5
Laird Hamilton,white,male,5.3096301674259,2
Lajos Kossuth,white,male,5.542825427,5
Lake Bell,white,female,5.89707700320942,7
Lakesha Ruise,black,female,2.40823996531185,3
Lakia Gordon,black,female,3.184691,1
Lakshman Krishnamurthi,asian,male,3.970347,1
Lakshmi Menon,asian,female,5.695482,1
Lakshmi Mittal,asian,male,5.367356,1
Lakshmy Menon Chatterjee,asian,female,2.91855453055027,4
Lakshya Bharadwaj,asian,male,3.37839790094814,2
Lal Bahadur Shastri,asian,male,6.9106244048892,9
Lalah Delia,black,female,5.26007138798508,10
Lalita Tademy,black,female,4.59217675739587,4
Lalpekhlua,asian,male,5.274158,1
Lalu Prasad Yadav,asian,male,5.868644,1
Lama Surya Das,white,male,5.2148438480477,5
Lamar Giles,black,male,5.20411998265593,2
Lamar S. Smith,white,male,4.322219295,2
Lamar fudge,black,male,3.041393,1
Lamin Sanneh,black,male,5.276462,1
Lamorne Morris,black,male,5.352183,1
Lan Samantha Chang,asian,female,5.426511,2
Lana Del Rey,white,female,7.65417654187796,10
Lana Parrilla,latino,female,5.698100546,4
Lana Turner,white,female,6.10380372095596,4
Lance Armstrong,white,male,6.40823996531185,9
Lance Bass,white,male,5.7419390777292,5
Lance Conrad,white,male,4.938019097,10
Lance Morrow,white,male,4.41995574848976,5
Landon Parham,white,male,3.77305469336426,3
Lang Leav,asian,female,5.892651034,10
Langdon Mitchell,white,male,3.52633927738984,2
Langston Coleman,black,male,3.764176,1
Langston Hughes,black,male,6.43136376415899,10
Lao She,asian,male,5.230449,1
Lao Tzu,asian,male,6.62117628177504,10
Lao-Tsze,asian,male,3.98362628712454,3
Laqueisha Malone,black,female,3.776701,1
Lara Adrian,white,female,5.0899051114394,7
Lara Flynn Boyle,white,female,5.522444234,6
Lara Rios,latino,female,5.149219,1
Lara Zielin,white,female,3.72997428569956,2
Laren Grey Umphlett,white,male,2.46686762035411,3
Larissa Ione,white,female,4.84695532501982,10
Larissa Lai,asian,female,4.818885,1
Larry Bird,white,male,6.96848294855393,2
Larry Crabb,white,male,4.91960102378411,4
Larry David,white,male,6.34044411484012,10
Larry Dossey,white,male,5.3324384599156,2
Larry Elder,black,male,5.51719589794997,3
Larry Ellison,white,male,6.49692964807322,4
Larry Eskridge,white,male,4.029383778,4
Larry Flynt,white,male,5.61909333062674,3
Larry Gent,white,male,3.80277372529198,2
Larry Hagman,white,male,5.59439255037543,3
Larry Herzberg,white,male,3.94694327069783,5
Larry J. Sabato,white,male,4.902002891,3
Larry King,white,male,6.56820172406699,8
Larry Kramer,white,male,5.37291200297011,10
Larry McMurtry,white,male,5.71850168886727,10
Larry Miller,white,male,5.85369821177617,2
Larry Niven,white,male,5.61172330800734,10
Larry Page,white,male,6.25527250510331,6
Larry R. Lawrence,white,male,4.4345689040342,2
Larry Wall,white,male,5.11394335230684,4
Larry Wilde,white,male,4.1846914308176,3
Larry Wilmore,black,male,5.641474111,3
Larry the Cable Guy,white,male,5.65609820201283,2
Lars Fr. H. Svendsen,white,male,4.79934054945358,3
Lars Ulrich,white,male,6.16731733474818,2
Lascelles Abercrombie,white,male,4.74896286125616,2
Lashauna D. Hinton,black,female,3.093422,1
Last Man Standing,white,male,6.94398887507377,5
Lathish R. Shankar,asian,male,2.542825,1
Latif Mercado,latino,male,4.1846914308176,10
Latika Teotia,asian,female,4.00432137378264,10
Latorria Freeman,black,female,2.89153745767256,8
Latoya Alston,black,female,4.311754,1
Lau-tzu,asian,male,6.561101,1
Laura A. Lord,white,female,4.149219113,2
Laura Amy Schlitz,white,female,4.856124444,1
Laura Anne Gilman,white,female,4.83250891270624,2
Laura Aranda,latino,female,5.164353,1
Laura Bates,white,female,5.44715803134222,8
Laura Busche,white,female,4.35024801833416,10
Laura Bush,white,female,5.88874096068289,6
Laura Carmichael,white,female,5.30102999566398,3
Laura Dave,white,female,5.52113808370404,5
Laura Esquivel,latino,female,5.749736,8
Laura Frantz,white,female,4.85973856619715,6
Laura Fraser,white,female,5.30102999566398,4
Laura Gentile,white,female,4.87273882747267,6
Laura Goode,white,female,4.31806333496276,7
Laura Harrier,black,female,5.673021,1
Laura Harring,latino,female,5.541579,1
Laura Hillenbrand,white,female,5.26481782300954,8
Laura Ingalls Wilder,white,female,6.10380372095596,10
Laura Joh Rowland,asian,female,5.056905,1
Laura Kamoie,white,male,4.71349054309394,2
Laura Kasischke,white,female,5.26007138798508,3
Laura Kaye,white,male,5.45178643552429,7
Laura Kelly,white,female,5.82216807936802,2
Laura Kinsale,white,female,4.69722934275972,2
Laura Lam,white,female,4.55388302664387,10
Laura Lane,white,female,5.53019969820308,2
Laura Lee Guhrke,white,female,5.24303804868629,5
Laura Linney,white,female,6.14612803567824,9
Laura Lippman,white,female,5.31386722036915,4
Laura Marano,white,female,5.7701152947871,2
Laura Marling,white,female,5.52113808370404,5
Laura Marney,white,female,4.06818586174616,2
Laura McHugh,white,female,4.61172330800734,2
Laura McVeigh,white,female,4.38560627359831,2
Laura Moriarty,white,female,4.55388302664387,2
Laura Mvula,black,female,5.720159,1
Laura Oliva,latino,female,5.27875360095283,10
Laura Palmer,white,female,6.3747483460101,2
Laura Pedersen,white,female,5.04139268515823,3
Laura Purdie Salas,white,female,5.01283722470517,3
Laura Restrepo,latino,female,5.459392,1
Laura Schlessinger,white,female,5.09342168516223,10
Laura Teresa Marquez,latino,female,3.34439227368511,3
Laura Whitcomb,white,female,5.63748973,7
Laura Wiess,white,female,4.408239965,5
Laurann Dohner,white,female,5.30102999566398,7
Laure Eve,white,female,4.58092497567562,2
Laure Lacornette,white,female,3.10037054511756,10
Laurel Clark,white,female,4.61384182187607,2
Laurel Cremant,black,female,3.32838,1
Laurelin Paige,white,female,5.51587384371168,4
Laurell K. Hamilton,white,female,5.572871602,10
Lauren Bacall,white,female,6.19312459835446,8
Lauren Baratz-Logsted,white,female,4.76715586608218,3
Lauren Barnholdt,white,female,4.83442070368153,7
Lauren Beukes,black,female,5.09342168516223,10
Lauren Cagliola Green,white,female,2.38560627359831,4
Lauren Collins,white,female,5.38381536598043,2
Lauren Conrad,white,female,6.38560627359831,10
Lauren DeStefano,white,female,5.39445168082622,10
Lauren Eden,white,female,4.76937732607614,2
Lauren F. Winner,white,female,4.57749179983723,6
Lauren Francis-Sharma,black,female,4.511883,1
Lauren Gallagher,white,female,5.15836249209525,2
Lauren Gilley,white,female,4.51454775266029,4
Lauren Graham,white,female,6.10037054511756,10
Lauren Groff,white,female,5.42651126136457,10
Lauren Handel Zander,white,female,4.22530928172586,4
Lauren Hutton,white,female,5.5705429398819,3
Lauren James,black,female,6.05690485133647,3
Lauren Jauregui,latino,female,5.886491,1
Lauren Kate,white,female,5.72098574415374,10
Lauren Morrill,white,female,4.9982593384237,3
Lauren Myracle,white,female,5.609594409,10
Lauren Oliver,white,female,5.59769518592551,10
Lauren Slater,white,female,4.67577834167408,8
Lauren Willig,white,female,4.93094903116752,10
Lauren Wolk,white,female,5.24551266781415,7
Laurence D. Fink,white,male,4.25527250510331,2
Laurence Gonzales,latino,male,4.86746748785905,5
Laurence J. Peter,white,male,5.29225607135648,10
Laurence Olivier,white,male,6.34830486304816,5
Laurence Overmire,white,male,4.32428245529769,10
Laurence Sterne,white,male,5.58658730467176,10
Laurence Yep,asian,male,4.694605,1
Laurens Van der Post,white,male,5.30102999566398,2
Laurie A. Helgoe,white,female,3.90200289135073,2
Laurie Anderson,white,female,6.17026171539496,9
Laurie Buchanan,white,female,5.04139268515823,9
Laurie Colwin,white,female,4.836956737,3
Laurie Faria Stolarz,white,female,4.83378437465648,4
Laurie Frankel,white,female,4.80888586735981,4
Laurie Halse Anderson,white,female,6.06818586174616,10
Laurie Lee,white,male,5.55630250076729,5
Laurie Nadel,white,female,4.06445798922692,10
Laurie Notaro,white,female,4.85186960072977,3
Laurie Perez,latino,female,4.78031731214015,5
Laurie R. King,white,female,5.19589965240923,7
Laurie Stevens,white,male,5.14301480025409,2
Lauryn Hill,black,female,6.71264970162721,10
Laverne Cox,black,female,5.85491302230786,2
Lawana Blackwell,black,female,4.36172783601759,4
Lawrence Block,white,male,5.49554433754645,5
Lawrence Clark Powell,white,male,4.758154622,5
Lawrence Durrell,white,male,5.56110138364906,10
Lawrence Ferlinghetti,white,male,5.411619706,10
Lawrence G. Lovasik,white,male,5.06818586174616,2
Lawrence G. Taylor,black,male,3.9912260756925,2
Lawrence Hill,black,male,5.72098574415374,7
Lawrence Kasdan,white,male,5.9576072870601,2
Lawrence Kohlberg,white,male,5.69196510276736,2
Lawrence Kudlow,white,male,4.025305865,3
Lawrence Lessig,white,male,5.66745295288995,6
Lawrence M. Krauss,white,male,5.5327543789925,10
Lawrence Okafor,black,male,3.893207,1
Lawrence Shorter,black,male,3.574031,1
Lawrence Welk,white,male,5.8998205024271,4
Lawrence Young,black,male,5.414973,1
Lawrenz Mejia,latino,male,2.424882,2
Lawson Fusao Inada,asian,male,4.340444,1
Laxmi Hariharan,asian,female,4.34635297445064,2
Laxmikant,asian,male,6.580925,1
Layne Beachley,white,female,4.71264970162721,2
Layne Staley,white,male,5.9670797341445,9
Lazaro Cesar Ruiz Sr.,latino,male,0.954243,1
Lazaro Hernandez,latino,male,5.428135,1
Lazarus Takawira,black,male,4.04139268515823,10
Le Corbusier,white,male,6.93399316383124,10
Le Roi Jones,black,male,4.193125,2
LeAnn Rimes,white,female,6.31806333496276,2
LeBron James,black,male,7.99475694458763,10
LeRoy Douglas,black,male,4.561101,1
LeVar Burton,black,male,5.692847,1
Lea R. Caguinguin,asian,female,1.86923171973098,3
Lea Thompson,white,female,6.10037054511756,2
Leah Price,white,female,4.78318869107526,2
Leah Raeder,white,female,4.53147891704226,10
Leandro Goualrt,latino,male,4.737987,1
Leandro Guimarães Faria Corcete DUTRA,latino,male,3.245513,1
Leanna Renee Hieber,white,female,4.82736927305382,4
Learned Hand,white,male,5.22271647114758,6
Lebogang Lynx Bopape,black,female,1.991226,1
Lech Walesa,white,male,6.3747483460101,10
Lecrae Moore,black,male,4.238046,3
Lecrea,black,male,4.865696,1
Ledisi,black,female,5.778151,1
Lee Child,white,male,6.54900326202579,10
Lee Daniels,black,male,5.80277372529198,5
Lee Ellis,white,male,5.35983548233989,9
Lee Greenwood,white,male,5.86746748785905,2
Lee Haney,black,male,5.274157849,3
Lee Iacocca,white,male,5.4456042032736,10
Lee Kuan Yew,asian,male,6.36172783601759,4
Lee Loevinger,white,male,4.025305865,2
Lee Marvin,white,male,6.28780172993023,5
Lee Myung-Bak,asian,male,5.811575,2
Lee Pryke,white,male,3.40654018043396,3
Lee Ryan,white,male,6.3654879848909,2
Lee Siegel,white,male,4.67209785793572,2
Lee Simonson,white,male,4.46982201597816,2
Lee Smolin,white,male,5.39445168082622,2
Lee Soo Man,asian,male,5.262451,1
Lee Strobel,white,male,5.9982593384237,5
Lee Trevino,latino,male,5.73399928653839,7
Lee Wardlaw,white,female,4.55266821611219,8
Lee Wen,asian,male,5.49276038902684,2
Lee Westwood,white,male,5.52762990087134,3
LeeAnn Taylor,white,female,4.71683772329952,6
Lefty Gomez,white,male,5.35602585719312,3
Leif Enger,white,male,5.23044892137827,5
Leif Garrett,white,male,5.53402610605614,3
Leigh Ann Edwards,white,female,4.46239799789896,10
Leigh Ann Henion,white,female,4.45484486,3
Leigh Brackett,white,female,5.59549622182557,3
Leigh Hunt,white,male,5.54900326202579,9
Leigh Lezark,white,female,5.15228834438306,3
Leigh Steinberg,white,male,4.78031731214015,2
Leighton Ford,white,male,4.42813479402879,2
Leighton Meester,white,female,6.32633586092875,5
Leila Howland,white,female,4.26481782300954,3
Leila Janah,asian,female,4.6222140229663,2
Leila Meacham,white,female,5.16731733474818,2
Leisa Rayven,white,female,5.20139712432045,6
Lekshmi SP,asian,female,3.30749603791321,2
Leland Dirks,white,male,3.689308859,5
Leland Hall,white,male,4.55750720190566,3
Leland Ryken,white,male,5.17318626841227,2
Leland Stanford,white,male,6.10720996964787,7
Lele Pons,latino,female,6.514548,1
Lemmy Kilmister,white,male,6.06818586174616,2
Lemony Snicket,white,male,6.10037054511756,10
Len Deighton,white,male,5.81954393554187,4
Len Wein,white,male,6.00432137378264,3
Lena Dunham,white,female,6.21218760440396,10
Lena Headey,white,female,6.34635297445064,4
Lena Horne,black,female,5.937518,2
Lene Fogelberg,white,female,3.75739602879302,3
Lene Hau,white,female,4.32837960343874,1
Leni Riefenstahl,white,female,6.19312459835446,2
Lennox Lewis,black,male,6.017033,1
Lenny Abrahamson,white,male,5.07918124604763,3
Lenny Bruce,white,male,5.59439255037543,10
Lenny Ramirez,latino,male,4.475671188,3
Lenny Wilkens,black,male,6.146128,1
Lenon Honor,black,male,3.73639650227664,3
Lenore Kandel,white,female,4.52374646681156,6
Lenore Look,asian,female,4.867467,1
Leo Baeck,white,male,5.89209460269048,2
Leo Burnett,white,male,6.08278537,7
Leo Buscaglia,white,male,5.90254677931399,10
Leo Durocher,white,male,5.73078227566639,6
Leo Ornstein,white,male,4.40483371661994,2
Leo Rosten,white,male,5.33445375115093,10
Leo Tolstoy,white,male,6.66275783168157,10
Leon Battista Alberti,white,male,6.07918124604763,4
Leon Blum,white,male,5.50242711998443,3
Leon Brown,black,male,5.35983548233989,2
Leon Charney,white,male,4.07188200730613,2
Leon Kass,white,male,4.52633927738984,2
Leon Krier,white,male,5.206825876,7
Leon Max,white,male,5.25285303097989,2
Leon Panetta,white,male,5.49554433754645,3
Leon R. Kass,white,male,4.54654266347813,2
Leon Spinks,black,male,5.20411998265593,2
Leon Trotsky,white,male,5.9576072870601,10
Leona Lewis,black,female,6.3324384599156,10
Leonard Baskin,white,male,4.9329808219232,3
Leonard Bernstein,white,male,6.53529412004277,10
Leonard Boswell,white,male,3.922725458,4
Leonard Cohen,white,male,6.881954971,10
Leonard Gardner,white,male,4.83569057149243,2
Leonard Maltin,white,male,5.97772360528885,3
Leonard Michaels,white,male,4.45024910831936,2
Leonard Pitts Jr.,black,male,4.556303,1
Leonard Ravenhill,white,male,5.20411998265593,10
Leonard Slatkin,white,male,5.33041377334919,2
Leonard Susskind,white,male,5.3096301674259,3
Leonardo DiCaprio,white,male,7.40140054078154,8
Leonardo Donofrio,white,male,3.45331834004704,3
Leonardo Padura,latino,male,6.025306,1
Leonardo da Vinci,white,male,7.53019969820308,10
Leonhard Euler,white,male,5.69108149212297,2
Leonie Swann,white,female,5.11394335230684,3
Leonor Varela,latino,female,5.730782,1
Leonora Carrington,white,female,5.97634997900327,4
Leontyne Price,black,female,5.41664050733828,5
Leopold von Sacher-Masoch,white,male,5.58994960132571,9
Leopoldo Lopez,latino,male,5.88930170250631,2
Leora Tanenbaum,white,female,4.38021124171161,2
Leot Felton,black,male,3.00432137378264,2
Lera Auerbach,white,female,4.77815125038364,5
Leroy Chiao,asian,male,4.744293,1
Leroy Hood,white,male,4.65321251377534,4
Les Brown,black,male,6.029383778,10
Les Dawson,white,male,5.19033169817029,2
Lesley Howarth,white,female,4.20411998265593,7
Lesley Lokko,black,female,5.230449,2
Leslie Caron,white,female,5.64933485871214,4
Leslie Connor,white,female,5.1846914308176,2
Leslie Fiedler,white,male,4.72015930340596,4
Leslie Jamison,white,female,4.99078269180314,10
Leslie Jones,black,female,6.11727129565576,4
Leslie Knope,white,female,6.10037054511756,2
Leslie Ludy,white,female,4.33041377334919,6
Leslie Mann,white,female,5.96801571399364,4
Leslie Meier,white,female,4.84447717574568,4
"Leslie Odom, Jr.",black,male,6.1959,1
Leslie Starr O'Hara,white,female,2.56820172406699,3
Leslie T. Chang,asian,female,4.584331,1
Lesslie Newbigin,white,male,5.05690485133647,2
Lessman,white,male,5.61489721603314,1
Lester B. Pearson,white,male,6.00432137378264,8
Lester Bangs,white,male,5.26481782300954,2
Lester Pearson,white,male,5.02118929906994,2
Letitia Baldrige,white,female,4.73719264270474,4
Letitia Elizabeth Landon,white,female,5.22788670461367,5
Letitia Landon,white,female,4.23552844690755,4
Letty Cottin Pogrebin,white,female,5.0899051114394,4
Lev S. Vygotsky,white,male,4.96801571399364,4
Lev Shestov,white,male,4.89597473235906,4
Levon Helm,white,male,5.64542226934909,4
Lew Wallace,white,male,5.52633927738984,3
Lewis B. Smedes,white,male,5.09342168516223,6
Lewis Carroll,white,male,6.8234742291703,10
Lewis Engel,white,male,4.17318626841227,2
Lewis Grizzard,white,male,4.74663419893758,6
Lewis H. Michaux,black,male,3.63749,1
Lewis Howes,white,male,5.87098881376058,9
Lewis Mumford,white,male,5.45939248775923,8
Lewis Nordan,white,male,4.40483371661994,3
Lewis Thomas,white,male,5.59659709562646,10
Lewis W Gregory,black,male,4.11394335230684,3
Lexxie Couper,white,female,4.46834733041216,2
Leymah Gbowee,black,female,5.37106786227174,2
Leza Lowitz,white,female,4.47129171105894,2
Li Bai,asian,male,5.92116605063774,3
Li Keqiang,asian,male,5.82216807936802,4
Li Na,asian,female,6.805501,1
Li Peng,asian,male,5.835691,1
Li Shang-yin,asian,male,4.42324587393681,3
Li Shufu,asian,male,5.20412,1
Li-Young Lee,asian,male,5.23044892137827,8
Lia Mills,white,female,4.32633586092875,4
Lia Riley,white,female,4.75204844781944,3
Liam Hemsworth,white,male,6.35983548233989,5
Liam Neeson,white,male,6.87852179550121,7
Liam Payne,white,male,6.79934054945358,2
Liam Perrin,white,male,3.6730209071289,3
Liane Moriarty,white,female,6.42324587393681,10
Liaquat Ahamed,asian,male,4.895975,1
Libba Bray,white,female,5.72427586960079,10
Libbie Hawker,white,female,4.49415459401844,5
Liberty Hyde Bailey,white,male,5.25285303097989,5
Libiyanto Dwi Cahya,asian,male,1.892095,1
Lida Sideris,white,female,3.764176132,5
Lidia Roldán,latino,female,4.436163,1
Lidia Yuknavitch,white,female,5.02118929906994,9
Lierre Keith,white,female,4.72509452108147,2
Liev Schreiber,white,male,6.11727129565576,3
Life Coach. Michael Mnyameni,black,male,0.602059991327962,2
Lijia Zhang,asian,female,4.378398,1
Lik Hock Yap,asian,male,2.365487985,4
Lik Hock Yap Ivan,asian,male,2.29885307640971,8
Lil Wayne,black,male,7.34439227368511,10
Lil' Kim,black,female,6.64542226934909,3
Lili St. Crow,white,female,4.2380461031288,5
Lilian Jackson Braun,white,female,5.74507479158206,7
Liliana Shelbrook,white,female,2.66370092538965,3
Lillian Carter,white,female,5.00860017176192,5
Lillian Eichler Watson,white,female,4.42651126136457,1
Lillian Faderman,white,female,4.918030337,3
Lillian Gordy Carter,white,female,3.87273882747267,2
Lillian Hellman,white,female,5.91169015875386,10
Lillian R. Melendez,latino,female,3.230449,1
Lillian Russell,white,female,5.14612803567824,2
Lillian Smith,white,female,5.67394199863409,6
Lillie Langtry,white,female,5.51054501020661,6
Lilly Singh,asian,female,5.81023251799508,9
Lily Aldridge,white,female,5.86213137931304,3
Lily Brooks-Dalton,white,female,5.00860017176192,3
Lily Collins,white,female,6.94051648493257,2
Lily Gardner,white,female,4.84073323461181,2
Lily Graham,white,female,4.68033551341456,4
Lily James,white,female,6.4814426285023,6
Lily King,white,female,5.59879050676312,9
Lily Koppel,white,female,4.55509444857832,3
Lily Tomlin,white,female,6.01703333929878,10
Lily-Rose Depp,white,female,6.81557774832427,2
Lim Thean Soo,asian,male,3.307496,1
Lin Dan,asian,male,5.92479599579791,4
Lin Manuel Miranda,latino,male,6.7481880270062,9
Lin Yutang,asian,male,5.7041505168398,9
Lina Wertmuller,white,female,5.84757265914211,2
Lincoln Chafee,white,male,4.82477646247555,4
Lincoln Diaz-Balart,latino,male,4.904174,1
Lincoln Steffens,white,male,5.26951294421792,7
Linda Becker,white,female,5.44090908206522,2
Linda Chavez,latino,female,5.045323,1
Linda Deir,white,female,5.00860017176192,10
Linda Ellerbee,white,female,5.24551266781415,4
Linda Evangelista,white,female,5.97589113640179,3
Linda F. Radke,white,female,3.77451696572855,2
Linda Fiorentino,white,female,5.43136376415899,3
Linda Fisher Thornton,white,female,3.68752896121463,6
Linda Gerber,white,female,4.698100546,3
Linda Gray,white,female,5.61172330800734,6
Linda Heavner Gerald,white,female,3.85308952985187,2
Linda Hunt,white,female,5.58883172559421,2
Linda L Eubanks,white,female,3.53147891704225,2
Linda Lael Miller,white,female,5.94596070357757,3
Linda Lantieri,white,female,4.67117284271508,3
Linda McCartney,white,female,6.05690485133647,4
Linda McMahon,white,female,5.98497712641549,2
Linda Medley,white,female,4.98272338766855,2
Linda Ronstadt,latino,female,6.55870857053317,4
Linda Simpson,white,female,5.5854607295085,2
Linda Sue Park,asian,female,5.84135947045486,4
Linda Westphal,white,female,4.23552844690755,6
Lindiwe Mabuza,black,female,4.474216,1
Lindsay Armstrong,white,female,5.27875360095283,7
Lindsay Chamberlin,white,female,3.33243845991561,5
Lindsay Duncan,white,female,5.38560627359831,2
Lindsay Eagar,white,female,4.41664050733828,2
Lindsay Eland,white,female,3.62634036737504,2
Lindsay Fox,white,female,4.77815125038364,3
Lindsay Lohan,white,female,6.91750550955255,6
Lindsay McKenna,white,female,4.63648789635337,5
Lindsay Price,asian,female,5.133539,1
Lindsey Drager,white,female,4.11394335230684,2
Lindsey Graham,white,male,6.3747483460101,4
Lindsey Kelk,white,female,5.65030752313194,10
Lindsey Rietzsch,white,female,3.51587384371168,10
Lindsey Stirling,white,female,6.82672252016899,3
Lindsey Vonn,white,female,6.52374646681156,9
Lindy West,white,female,4.82542611776782,8
Linford Christie,black,male,5.367356,1
Linton Kwesi Johnson,black,male,5.739572,1
Linus Pauling,white,male,5.93651374247889,8
Linus Torvalds,white,male,6.45788189673399,10
Linwood Barclay,white,male,5.485721426,2
Lionel Blue,white,male,4.767897616,3
Lionel Messi,white,male,7.82994669594164,6
Lionel Richie,black,male,6.762679,1
Lionel Sosa,latino,male,3.856124444,3
Lionel Suggs,black,male,3.92634244662566,10
Lionel Trilling,white,male,5.120573931,8
Lisa A. Mininni,white,female,2.49276038902684,4
Lisa Alther,white,female,4.72591163229505,5
Lisa Antonio,latino,female,4.281033,1
Lisa Berne,white,female,4.56702636615906,3
Lisa Bevere,white,female,5.91381385238372,5
Lisa Bloom,white,female,5.03742649794062,3
Lisa Braithwaite,black,female,4.436163,1
Lisa Bu,asian,female,4.740363,1
Lisa C. Miller,white,female,4.50105926221775,2
Lisa Cach,white,female,4.60097289568675,2
Lisa Cron,white,female,4.58319877396862,6
Lisa Fantino,white,female,3.66745295288995,4
Lisa Firestone,white,female,4.692846919,5
Lisa Gardner,white,female,5.72427586960079,5
Lisa Genova,white,female,5.23299611039215,5
Lisa Graff,white,female,5.10037054511756,2
Lisa J. Shultz,white,female,3.8234742291703,10
Lisa Jewell,white,female,6.01703333929878,3
Lisa Kleypas,white,female,5.67577834167408,10
Lisa Ko,asian,female,4.66370092538965,2
Lisa Kogan,white,female,4.39794000867204,2
Lisa Leslie,black,female,5.58319877396862,3
Lisa Ling,asian,female,5.30535136944662,4
Lisa Loeb,white,female,5.64640372622307,4
Lisa Lutz,white,female,4.96094619573383,5
Lisa M. Cronkhite,white,female,3.40312052117582,9
Lisa Mangum,white,female,4.641474111,4
Lisa Mantchev,white,female,4.83884909073726,9
Lisa Marie Presley,white,female,6.20951501454263,2
Lisa Moreno,latino,female,5.255273,1
Lisa Morton,white,female,5.08278537,2
Lisa Murkowski,white,female,5.70842090013471,4
Lisa Randall,white,female,5.26007138798508,2
Lisa Sanchez,latino,female,5.690196,1
Lisa Schroeder,white,female,5.32837960343874,10
Lisa Scottoline,white,female,5.41830129131975,9
Lisa Smartt,white,female,4.31597034545692,2
Lisa Tawn Bergren,white,female,5.12710479836481,8
Lisa Unger,white,female,5.29225607135648,6
Lisa Yaj,asian,female,3.217484,1
LisaRaye McCoy-Misick,black,female,3.911158,1
Lise Arin,white,female,2.94101424370557,3
Lish McBride,white,female,4.3324384599156,10
Lisi Harrison,white,female,5.42975228000241,9
Lissa Rankin,white,female,5.22271647114758,2
Lita Ford,white,female,5.92839585225671,3
Little Richard,black,male,6.47856649559384,3
Liu Cixin,asian,male,5.65030752313194,7
Liu Wen,asian,female,5.788875,1
Liu Xiaobo,asian,male,5.485721,1
Liu Yang,asian,female,6.16136800223498,4
Liv Tyler,white,female,6.34242268082221,7
Liv Ullmann,white,female,5.863917377,2
Liv-Christine Hoem,white,female,0.903089986991944,2
Livia Blackburne,asian,female,4.724276,1
Liya Kebede,black,female,5.77959649125782,8
Liz Becker,white,female,4.87563993700417,2
Liz Braswell,white,female,5.564666064,4
Liz Carlyle,white,female,4.64048143697042,2
Liz Carpenter,white,female,4.55266821611219,2
Liz Curtis Higgs,white,female,5.22530928172586,4
Liz Czukas,white,female,3.95424250943932,3
Liz DeJesus,latino,female,4.61066,1
Liz Fenton,white,female,4.72345567203519,2
Liz Kessler,white,female,5.08635983067475,3
Liz Liaw,asian,female,2.901458,1
Liz Phair,white,female,5.51719589794997,3
Liz Smith,white,female,5.70586371228392,6
Liz Thebart,white,female,2.542825427,10
Liza D. Osae-Kwapong,black,female,1.88081359228079,2
Liza Lugo,latino,female,4.25042,1
Liza M. Wiemer,white,female,3.51054501020661,9
Liza Minnelli,white,female,6.21218760440396,4
Liza Osae-Kwapong,black,female,2.311754,1
Liza Palmer,white,female,4.88252453795488,3
Lizzi Cruz,latino,female,3.120574,1
Lizzie Armitstead,white,female,4.71349054309394,5
Ljupka Cvetanova,white,female,4.04139268515823,10
Lloyd Alexander,white,male,5.44090908206522,10
Lloyd C. Douglas,white,male,5.3654879848909,3
Lloyd John Ogilvie,white,male,4.71850168886727,2
Lloyd Magangeni,black,male,3.42975228000241,7
Lobsang Tenzin,asian,male,5.029383778,5
Loch Kelly,white,male,4.47712125471966,4
Logan Pearsall Smith,white,male,4.959518376973,10
Lois Charles,black,female,4.61804809671209,3
Lois Farfel Stark,white,female,3.27875360095283,4
Lois Greiman,white,female,4.62117628177504,10
Lois Leveen,white,female,4.322219295,3
Lois Lowry,white,female,5.87909587950007,10
Lois McMaster Bujold,white,female,5.48429983934679,10
Lois P. Frankel,white,female,5.13672056715641,4
Lois Wyse,white,female,4.7041505168398,4
Lokesh Tiwari,asian,male,4.936011,1
Loknath,asian,male,6.568202,1
Lola Jaye,black,female,4.703291,1
Lolita Lebron,latino,female,4.720986,1
London Casey,white,female,3.58771096501891,2
Loni Anderson,white,female,5.53529412004277,4
Loni Love,black,female,5.79028516403324,3
Lope de Vega,white,male,7.04921802267018,3
Lopez Lomong,black,male,4.735599,1
Lora Leigh,white,female,5.13672056715641,9
Lorato Mosimakoko,black,female,2.29666519026153,2
Lord Acton,white,male,5.36735592102602,10
Lord Alfred Tennyson,white,male,5.36361197989214,8
Lord Bowen,white,male,4.11394335230684,1
Lord Byron,white,male,6.58994960132571,10
Lord Chatham,white,male,4.98766626492627,2
Lord Chesterfield,white,male,5.19589965240923,10
Lord Dewar,white,male,4.1846914308176,1
Lord Dunsany,white,male,5.828659897,8
Lord Halifax,white,male,5.12710479836481,3
Lord Kelvin,white,male,5.72098574415374,3
Lord Mahavira,asian,male,5.77815125038364,2
Lord Melbourne,white,male,5.04532297878666,4
Lord Mountbatten,white,male,5.63144376901317,2
Lord North,white,male,5.22010808804005,2
Lord Northcliffe,white,male,4.74115159885179,2
Lord Samuel,white,male,5.04921802267018,3
Lord Thomson of Fleet,white,male,4.21748394421391,2
Lorde,white,female,7.31806333496276,10
Loren Eiseley,white,male,5.29003461136252,8
Lorene Cary,black,female,4.352183,1
Lorene Scafaria,white,female,5.43616264704076,2
Lorene Stunson Hill,black,female,3.361728,1
Loretta Chase,white,female,5.03742649794062,7
Loretta Ellsworth,white,female,4.56820172406699,2
Loretta Livingstone,white,female,4.22010808804005,5
Loretta Lynch,black,female,5.74663419893758,3
Loretta Lynn,white,female,6.36921585741014,8
Loretta Scott,black,female,3.559907,2
Loretta Swit,white,female,5.39445168082622,2
Loretta Young,white,female,5.81954393554187,10
Lori Colombo-Dunham,white,female,2.63447727016073,2
Lori Copeland,white,female,4.68841982200271,2
Lori Goodwin,white,female,4.76566855475901,5
Lori Jenessa Nelson,white,female,3.11727129565576,10
Lori L. Otto,white,female,3.56937390961505,3
Lori Lansens,white,female,4.77597433112937,10
Lori Lesko,white,female,3.61804809671209,10
Lorii Myers,white,female,4.29885307640971,10
Loris Malaguzzi,white,male,5.62634036737504,2
Lorna Dee Cervantes,latino,female,4.687529,1
Loron-Jon Stokes,black,male,2.780317,1
Lorraine Anderson,black,female,5.05690485133647,2
Lorraine Hansberry,black,female,5.98721922990801,7
Lorraine Hansbury,black,female,5.98721922990801,4
Lorraine Heath,white,female,5.35602585719312,10
Lorraine Loria,white,female,4.24797326636181,4
Lorraine Zago Rosenthal,white,female,3.74663419893758,3
Lorrie Moore,white,female,5.29885307640971,10
Lotoya Peterson,black,female,2.167317,1
Lou Andreas-Salomé,white,female,5.87273882747267,2
Lou Brock,black,male,5.687529,1
Lou Ferrigno,white,male,5.94398887507377,3
Lou Gehrig,white,male,6.4456042032736,2
Lou Gramm,white,male,5.55870857053317,2
Lou Holtz,white,male,5.5705429398819,10
Lou Rawls,black,male,5.683947,1
Lou Reed,white,male,6.62117628177504,5
Louie Gohmert,white,male,4.98227123303957,2
Louie Schwartzberg,white,male,5.55509444857832,4
Louis Althusser,white,male,5.97818051693741,3
Louis Aragón,white,male,6.50379068305718,5
Louis Armstrong,black,male,6.99166900737995,10
Louis B. Rosenberg,white,male,3.86153441085904,6
Louis B. Saloman,white,male,1.73239375982297,2
Louis Brandeis,white,male,5.24551266781415,2
Louis C. K.,white,male,6.22271647114758,10
Louis D. Brandeis,white,male,5.75966784468963,10
Louis Dudek,white,male,4.04532297878666,4
Louis Farrakhan,black,male,5.58771096501891,9
Louis Kahn,white,male,5.72345567203519,6
Louis Kossuth,white,male,4.98136550907854,2
Louis Kronenberger,white,male,4.56702636615906,8
Louis L'Amour,white,male,5.80413943233535,10
Louis MacNeice,white,male,5.36361197989214,5
Louis Mountbatten,white,male,5.863917377,2
Louis Nizer,white,male,4.75739602879302,5
Louis Pasteur,white,male,6.63447727016073,8
Louis Sabin,white,male,4.84695532501982,2
Louis Sachar,white,male,5.68394713075151,4
Louis Theroux,white,male,6.58206336291171,5
Louis Tomlinson,white,male,6.78175537465247,6
"Louis V. Gerstner, Jr.",white,male,4.67851837904011,4
Louis XIV,white,male,6.93094903116752,6
Louis Zamperini,white,male,5.09691001300806,10
Louis Zukofsky,white,male,5.029383778,4
Louis de Bernières,white,male,5.72015930340596,10
Louis-Ferdinand Céline,white,male,6.12385164096709,10
Louisa Hall,white,female,4.53019969820308,3
Louisa May Alcott,white,female,6.52374646681156,9
Louise Bernikow,white,female,4.10037054511756,1
Louise Bourgeois,white,female,6.22010808804005,4
Louise Brooks,white,female,5.78390357927274,2
Louise Fitzhugh,white,female,5.07554696139253,2
Louise Fresco,white,female,4.31175386105575,2
Louise Glück,white,female,6.029383778,6
Louise L. Hay,white,female,5.69983772586725,10
Louise Mensch,white,female,4.37106786227174,2
Louise Nevelson,white,female,5.9566485792052,3
Louise Nurding,white,female,4.59769518592551,3
Louise O'Neill,white,female,5.68841982200271,5
Louise Penny,white,female,6.12385164096709,10
Louise Rennison,white,female,5.387389826,5
Louise Rozett,white,female,3.930439595,3
Louise Slaughter,white,female,4.63447727016073,6
Louise Suzanne Boyd,white,female,1.97772360528885,4
Loung Ung,asian,female,5.23044892137827,2
Lourdes Leon Ciccone,latino,female,3.664642,1
Lovely Goyal,asian,female,4.08278537,10
Lovemore Chirombo,black,male,2.20412,1
Low Kay Hwa,asian,male,3.857332,1
Lu Guanqiu,asian,male,3.764923,1
Lu Wei,asian,male,6.155336,1
Lu Xun,asian,male,5.747412,1
Lu Yu,asian,male,6.230449,1
Luanne Rice,white,female,5.13353890837022,5
Luc de Clapiers,white,male,5.16435285578444,9
Luca Cordero di Montezemolo,white,male,5.53781909507327,2
Luca Guadagnino,white,male,6.19312459835446,2
Lucan,white,male,6.78175537465247,4
Lucas Grabeel,white,male,5.67209785793572,3
Lucas Mangum,white,male,4.43136376415899,2
Lucas Remmerswaal,white,male,3.53019969820308,8
Lucas Soares Adriano,latino,male,3.123852,2
Lucas Sterk,white,male,3.17026171539496,2
Lucas Till,white,male,5.64933485871214,4
Lucia Jang,asian,female,4.017033,1
Luciano Pavarotti,white,male,6.48000694295715,7
Lucien LaCroix,white,male,4.28555730900777,2
Lucille Ball,white,female,6.58433122436753,8
Lucille Clifton,black,female,5.18184358794477,3
Lucille Roybal-Allard,latino,female,5.071882,1
Lucius Accius,white,male,4.45484486,2
Lucius Annaeus Seneca,white,male,6.13353890837022,10
Lucretia Mott,white,female,5.56348108539441,5
Lucretius,white,male,5.97173959088778,7
Lucy Christopher,white,female,4.542825427,8
Lucy Connors,white,female,4.00432137378264,3
Lucy Diamond,white,female,5.41664050733828,2
Lucy Foley,white,female,5.6954816764902,3
Lucy Grealy,white,female,4.76715586608218,2
Lucy Larcom,white,female,4.6063813651106,6
Lucy Liu,asian,female,6.51719589794997,2
Lucy Maud Montgomery,white,female,6.03342375548695,5
Lucy Parsons,black,female,5.041393,1
Lucy Powell,white,female,5.28103336724773,5
Lucy Stone,white,female,5.34830486304816,7
Lucy Wood,white,female,4.96801571399364,2
Ludacris,black,male,7.03742649794062,4
Ludiah Mong'are,black,female,3.232996,2
Ludwig Boltzmann,white,male,5.55144999797287,2
Ludwig Erhard,white,male,6.55388302664387,2
Ludwig Feuerbach,white,male,5.80345711564841,10
Ludwig Mies van der Rohe,white,male,6.46834733041216,9
Ludwig Tieck,white,male,5.77670118398841,2
Ludwig Wittgenstein,white,male,6.17026171539496,10
Ludwig van Beethoven,white,male,6.97954837470409,10
Luella Christie,white,female,3.02938377768521,2
Luffina Lourduraj,asian,female,3.82994669594164,10
Luigi Pirandello,white,male,7.60097289568675,10
Luigina Sgarro,white,female,3.86332286012046,10
Luimar Silva,latino,male,3.222716,1
Luis Alberto Urrea,latino,male,5.35602585719312,7
Luis Barragán,latino,male,6.35024801833416,8
Luis Buñuel,white,male,6.28103336724773,5
Luis Carlos Montalván,latino,male,4.389166,1
Luis Coronel,latino,male,5.916454,1
Luis Cubero,latino,male,4.964731,1
Luis Enrique Cavazos,latino,male,2.9912260756925,5
Luis Fonsi,latino,male,6.78532983501077,6
Luis Gutierrez,latino,male,6.74585519517373,2
Luis J. Rodríguez,latino,male,5.176091,1
Luis Marques,latino,male,6.52113808370404,10
Luis Valdez,latino,male,5.657056,1
Luis Walter Alvarez,latino,male,4.635484,1
Luis Zamarro Fraile,latino,male,0.778151,1
Luis von Ahn,latino,male,5.143015,1
Luisa Luisi,latino,female,4.631444,1
Luisa Valenzuela,latino,female,5.164353,1
Luise Rainer,white,female,5.50650503240487,2
Luispa,latino,male,4.848189,1
Lukasz Laniecki,white,male,2.2718416065365,10
Luke Blaise Pereira,white,male,1.83884909073726,3
Luke Bryan,white,male,6.61909333062674,7
Luke Evans,white,male,6.28555730900777,3
Luke Rhinehart,white,male,5.69983772586725,5
Luke Scull,white,male,4.75358305889291,3
Luke Taylor,white,male,6.76863810124761,10
Luke Timothy Johnson,white,male,5.03342375548695,2
Lundy Bancroft,white,male,5.50379068305718,7
Luo Guanzhong,asian,male,5.38381536598043,5
Lupe Hernandez,latino,female,5.634477,1
Lupita Nyong'o,black,female,6.66745295288995,6
Lurlene McDaniel,white,female,5.09342168516223,7
Luschka van Onselen,white,female,3.64048143697042,4
Luthando Daniels,black,male,3.49276038902684,5
Luther Blissett,black,male,5.448706,1
Luther Burbank,white,male,5.67760695272049,10
Luther Vandross,black,male,6.523746,1
Luuvie Ajayi,black,female,5.40824,1
Lyanda Lynn Haupt,white,female,4.69460519893357,2
Lydia Kang,asian,female,5.117271,1
Lydia Lunch,white,female,5.39445168082622,2
Lydia M. Child,white,female,4.29225607135648,6
Lydia Maria Francis Child,white,female,4.44090908206522,3
Lydia Rodriguez-Clement,latino,female,2.765669,1
Lyle Lovett,white,male,5.73239375982297,3
Lyle Wesley Dorsett,white,male,2.83632411570675,2
Lyman Beecher,white,male,5.206825876,3
Lynda Cheldelin Fell,white,female,4.09691001300806,10
Lynda Mullaly Hunt,white,female,5.24797326636181,2
Lyndon B. Johnson,white,male,6.53147891704226,10
Lyndon Johnson,white,male,6.322219295,3
Lyndsay Faye,white,female,5.12385164096709,7
Lynn Austin,white,female,5.37291200297011,4
Lynn Coady,white,female,4.71432975974523,6
Lynn Cullen,white,female,4.79169064902012,10
Lynn Davies,white,male,5.45484486,2
Lynn Flewelling,white,female,5.13353890837022,4
Lynn Good,white,female,4.93651374247889,3
Lynn Johnston,white,female,5.34044411484012,2
Lynn Kelling,white,female,3.91381385238372,2
Lynn Kurland,white,female,4.542825427,3
Lynn Margulis,white,female,5.41664050733828,3
Lynn Nottage,black,female,5.644439,2
Lynn Schusterman,white,female,4.73798732633343,3
Lynn Swan,black,male,5.283301,1
Lynn Vroman,white,female,4.053078443,2
Lynn Weingarten,white,female,4.55509444857832,3
Lynne Cockrum-Murphy,white,female,3.49136169383427,5
Lynne McTaggart,white,female,5.03742649794062,2
Lynne Olson,white,female,4.77742682238931,2
Lynne Rae Perkins,white,female,4.72509452108147,2
Lynne Sharon Schwartz,white,female,4.69635638873333,3
Lynne Truss,white,female,4.8318697742805,10
Lynsey Addario,white,female,5.68214507637383,4
Lynwood L. Giacomini,white,male,2.14612803567824,3
Lysa TerKeurst,white,female,5.71516735784846,10
Lysander Spooner,white,male,5.24797326636181,10
Lysley Tenorio,asian,male,4.344392,1
Lyssa Danehy deHart,white,female,2.96142109406645,3
Lytton Strachey,white,male,5.692846919,8
László Krasznahorkai,white,male,6.90848501887865,3
Léon Bloy,white,male,5.65417654187796,4
Línjì Yìxuán,asian,male,3.167317,1
M Carithers,white,female,0.903089986991944,2
M. Ageyev,white,male,4.33645973384853,2
M. Ali,black,male,6.91960102378411,2
M. Beth Bloom,white,female,3.15533603746506,3
M. C. Escher,white,male,6.39093510710338,3
M. Cesar,latino,male,5.294466,1
M. F. K. Fisher,white,female,5.10720996964787,10
M. Ganesh Sai,asian,male,2.980457892,2
M. H. Abrams,white,male,5.0899051114394,2
M. Jackson,black,male,6.444045,2
M. James Airey,white,male,2.44247976906445,5
M. Leighton,white,female,5.46239799789896,3
M. Mrqz,latino,male,3.703291,1
M. Night Shyamalan,asian,male,6.28555730900777,4
M. NourbeSe Philip,black,female,4.86213137931304,2
M. Scott Peck,white,male,5.40823996531185,10
M.C. Beaton,white,female,5.62013605497376,4
M.C. Humphreys,white,male,3.49692964807321,4
M.D. Elster,white,male,2.61489721603313,4
M.I.A.,asian,female,8.983626,1
M.J. Chrisman,white,male,2.85672889038288,3
M.J. Stoddard,white,male,3.41497334797082,3
M.K Gandhi,asian,male,5.565848,1
M.K. Bhutta,asian,male,3.66181268553726,10
M.L Stedman,white,female,6.00432137378264,10
M.M. Kaye,white,female,4.68394713075151,1
M.Mnzava,black,male,2.969882,1
M.O. Walsh,white,male,4.22788670461367,2
M.R.C. Kasasian,white,male,4.6063813651106,5
M.Sriteja,asian,male,2.00432137378264,2
M.T Anderson,white,male,5.24303804868629,4
MD. Muhtashimur Rahman,asian,male,3.004321,2
MS Swaminathan,asian,male,4.950365,1
Ma Boyong,asian,male,4.800029,1
Ma Huateng,asian,male,5.564666,1
Ma Jaya Sati Bhagavati,white,female,4.43933269383026,8
Ma Jian,asian,male,5.34044411484012,3
Ma Jun,asian,male,5.50242711998443,10
Ma Long,asian,male,5.948413,1
Maarten Schäfer,white,male,3.56110138364906,3
Maaza Mengiste,black,female,5.50514997831991,4
Mac MacKenzie,white,female,4.76117581315573,4
MacDonald Harris,white,male,4.39967372148104,2
Macaulay,white,male,7.2380461031288,8
Machado de Assis,latino,male,6.83821922190763,9
Machiavelli,white,male,7.06445798922692,3
Machine Gun Kelly,white,male,6.59879050676312,2
Mackenzie Phillips,white,female,5.26245109,2
Macklemore,white,male,6.79098847508882,5
Macrina Wiederkehr,white,female,4.52504480703685,4
Madalyn Murray O'Hair,white,female,4.93500315145365,2
Madam Secretary,white,female,6.06445798922692,8
Madame C. J. Walker,black,female,4.857935,1
Madame Chiang Kai-Shek,asian,female,5.15228834438306,3
Madame De Maintenon,white,female,5.692846919,1
Madame Dorothee Deluzy,white,female,2.6170003411209,1
Madame Marquise du Deffand,white,female,1.86923171973098,1
Madame Necker,white,female,4.53529412004277,2
Madame Swetchine,white,female,4.37106786227174,2
Madame de Rothschild,white,female,4.79239168949825,1
Madame de Stael,white,female,5.43616264704076,7
Madan Mohan Mahapatra,asian,male,3.25042,1
Madeleine Albright,white,female,5.83505610172012,8
Madeleine Black,white,female,4.536558443,2
Madeleine Brent,white,male,4.4456042032736,5
Madeleine K. Albright,white,female,4.66086547800387,4
Madeleine L'Engle,white,female,5.68574173860226,10
Madeleine M. Kunin,white,female,4.26481782300954,5
Madeleine Roux,white,female,5.56937390961505,6
Madeleine Thien,asian,female,5.2148438480477,6
Madeline Martin,white,female,5.19312459835446,6
Madeline Miller,white,female,6.01703333929878,10
Madhavi Menon,asian,female,4.440909,1
Madhu Kiran,asian,male,5.045323,1
Madhu Vajpayee,asian,male,3.578639,1
Madhuri Dixit,asian,female,6.876795,1
Madonna,white,female,8.13672056715641,10
Madonna Ciccone,white,female,5.34830486304816,5
Mads Mikkelsen,white,male,6.57403126772772,6
Mae Jemison,black,female,5.46538285144842,3
Mae West,white,female,6.29446622616159,10
Maejima Hisoka,asian,male,3.789581,1
Maeve Binchy,white,female,6.053078443,10
Maeve Greyson,white,female,4.61384182187607,3
Magaly Guerrero,latino,female,4.795185,1
Magda M. Olchawska,white,female,3.09691001300806,7
Magdalena Neuner,white,female,5.38916608436453,2
Maggie Brendan,white,female,4.32014628611105,2
Maggie Gallagher,white,female,5.11394335230684,5
Maggie Georgiana Young,white,female,2.59988307207369,10
Maggie Kuhn,white,female,4.42324587393681,5
Maggie Macnab,white,female,4.23299611039215,9
Maggie Nelson,white,female,5.52891670027766,10
Maggie O'Farrell,white,female,6.04532297878666,2
Maggie Q,asian,female,6.08636,1
Maggie Stiefvater,white,female,5.7419390777292,10
Magic Johnson,black,male,6.91960102378411,10
Magneto,white,male,7.50105926221775,2
Magnus Nwagu Amudi,black,male,3.13987908640124,7
Mahalia Jackson,black,female,5.87273882747267,9
Maharajji,asian,male,5.544068,1
Maharishi Mahesh Yogi,asian,male,6.05690485133647,6
Mahatma Gandhi,asian,male,7.55750720190566,10
Mahavira,asian,male,6.21218760440396,5
Mahender Katkuri,asian,male,1.748188,1
Mahendra Jakhar,asian,male,4.849419,1
Mahendra Singh Dhoni,asian,male,5.963316,2
Mahershala Ali,black,male,6.70927,2
Mahesh Babu,asian,male,6.75434833571102,7
Mahesh Poudyal,asian,male,4.13672056715641,3
Mahesh Ubhayakar,asian,male,2.411619706,2
Mahesh shekhar,asian,male,3.38916608436453,3
Mahogany SilverRain,black,female,3.86153441085904,3
Maija Haavisto,white,female,4.07188200730613,4
Maika Monroe,white,female,5.87390159786446,2
Maile Meloy,white,female,5.56937390961505,2
Maili Wong,asian,female,3.428135,1
Maira Kalman,white,female,5.69635638873333,6
Maisey Yates,white,female,5.84633711212981,4
Maisie A Smikle,black,female,2.67024585307412,10
Maisie Williams,white,female,6.30749603791321,8
Maite,latino,female,7.37291200297011,8
Maitreya Rudrabhayananda,asian,male,3.9415114326344,4
Majora Carter,black,female,4.921686,1
Makoto Shinkai,asian,male,6.28555730900777,2
Mal Peet,white,male,4.56348108539441,5
Malachi Thompson III,black,male,2.853698,1
Malachy McCourt,white,male,5.13987908640124,2
Malaika Arora Khan,asian,female,5.850033,1
Malala Yousafzai,asian,female,6.43136376415899,10
Malcolm Boyd,white,male,4.52891670027766,4
Malcolm Bradbury,white,male,4.9532763366673,10
Malcolm Cowley,white,male,4.9604707775343,5
Malcolm Forbes,white,male,5.18752072083646,10
Malcolm Lowry,white,male,5.3747483460101,5
Malcolm Muggeridge,white,male,5.01283722470517,10
Malcolm Turnbull,white,male,5.85430604180108,3
Malcolm X,black,male,6.83122969386706,10
Malcolm de Chazal,white,male,5.00860017176192,7
Malcom X,black,male,6.824126,1
Malebo Sephodi,black,female,4.06069784035361,10
Malik Waqar Ul Hassan,asian,male,3.498311,1
Malin Akerman,white,female,6.04921802267018,2
Malinda Lo,asian,female,5.02118929906994,3
Mallika Nawal,asian,female,3.47129171105894,5
Mallika Tripathi,asian,female,4.46089784275655,1
Mallory Jansen,white,female,5.30535136944662,3
Malorie Blackman,black,female,5.81822589361396,4
Maltbie D. Babcock,white,male,4.51454775266029,2
Malti Bhojwani,asian,female,4.2380461031288,10
Mamie Smith,black,female,4.952308,1
Mammy Oaklee,black,female,2.68842,1
Mamoru Oshii,asian,male,6.07554696139253,2
Man Parvesh Singh Randhawa,asian,male,2.821514,1
Man Ray,white,male,6.572871602,3
Manali,asian,female,7.65609820201283,2
Manan Sheel,asian,male,4.563481,1
Manas A Datta,asian,male,2.283301,2
Manav Sachdeva Maasoom,asian,male,2.910091,1
Mandar Gogate,asian,male,4.025306,1
Mandeep Singh Randhawa,asian,male,4.829304,1
Mandy Hale,white,female,5.18752072083646,10
Mandy Hubbard,white,female,4.18184358794477,3
Mandy J. Hoffman,white,female,3.17026171539496,3
Mandy Moore,white,female,6.62634036737504,7
Mandy Patinkin,white,male,6.07918124604763,3
Manel Loureiro,white,male,5.19312459835446,7
Manhardeep Singh Ahluwalia,asian,male,3.685742,1
Mani S. Sivasubramanian,asian,male,2.85793526471943,5
Manikanta Belde,asian,male,3.954243,1
Manil Suri,asian,male,5.029383778,6
Maniparna Sengupta Majumder,asian,female,3.897077,1
Manish,asian,male,7.78533,1
Manish Pathania,asian,male,3.716838,1
Manish Upadhyay,asian,male,5.21748394421391,2
Manisha Bansal,asian,female,4.89486965674525,3
Manjul Bajaj,asian,male,3.97909290063833,2
Manmeet Singh Narang,asian,male,3.371068,1
Manmohan Singh,asian,male,6.49554433754645,4
Manny Pacheco,latino,male,4.638489,1
Manny Pacquiao,asian,male,6.7041505168398,7
Manoj Arora,asian,male,5.33645973384853,10
Manoj Hande,asian,male,3.49415459401844,3
Manoj Kudemelly,asian,male,0.954243,3
Manoj Vaz,asian,male,3.40312052117582,10
Manolo Blahnik,latino,male,6.94497590841205,5
Manpreet Singh Narang,asian,male,3.721811,1
Manprit Kaur,asian,female,4.52891670027766,7
Manreet Sodhi Someshwar,asian,female,4.181844,1
Manroop suthar,asian,male,2.093422,1
Mansi Soni,asian,female,4.50515,1
Mansi Tejpal,asian,female,3.81023251799508,4
Manthan Jariwala,asian,male,2.956168,1
Manu Pratap,asian,male,4.599883,1
Manuel Corazzari,white,male,3.61172330800734,10
Manuel Puig,latino,male,5.55266821611219,7
Manuel Rivas,white,male,5.75891189239797,4
Manuel Vázquez Montalbán,latino,male,5.96094619573383,2
Manuela George-Izunwa,black,female,3.07554696139253,7
Mao Tse-Tung,asian,male,6.44247976906445,3
Mao Zedong,asian,male,6.60314437262018,10
Mapogo Chuene,black,male,2.89431606268444,3
Maquita Donyel Irvin,black,female,3.14301480025409,4
Mara Wilson,white,female,5.49276038902684,3
Maralee McKee,white,female,3.59439255037543,3
Marc Allen,white,male,5.23552844690755,2
Marc Andreessen,white,male,5.62838893005031,10
Marc Anthony,latino,male,6.97358962342726,4
Marc Ashton,white,male,4.68663626926229,2
Marc Benioff,white,male,5.70243053644553,3
Marc Chagall,white,male,6.75358305889291,9
Marc Garneau,white,male,5.14612803567824,4
Marc Goodman,white,male,5.18752072083646,3
Marc Maron,white,male,5.94987770403687,3
Marc Newson,white,male,5.8318697742805,8
Marc Norman,white,male,5.06818586174616,2
Marc Rich,white,male,4.97726621242729,2
Marc Webb,white,male,5.6159500516564,3
Marcel Duchamp,white,male,6.37657695705651,10
Marcel Proust,white,male,6.56702636615906,10
Marcel Schwob,white,male,5.50650503240487,3
Marceline Loridan-Ivens,white,female,4.97081161087252,2
Marcella Pixley,white,female,4.13033376849501,3
Marcella Purnama,asian,female,3.454845,2
Marcello Giordani,white,male,5.16731733474818,3
Marcelo Gleiser,latino,male,5.33445375115093,3
Marcia Clark,white,female,5.28330122870355,2
Marcia Fudge,black,female,4.78390357927274,4
Marcia Gay Harden,white,female,5.67117284271508,6
Marcia Hutchinson,black,female,4.453318,1
Marcia Lynn McClure,white,female,3.99563519459755,4
Marcia Wieder,white,female,4.62428209583567,5
Marco Calderon,latino,male,5.255273,1
Marco Pierre White,white,male,5.6954816764902,2
Marco Rubio,latino,male,7.26245109,10
Marcus Allen,black,male,5.938019,1
Marcus Annaeus Seneca,white,male,4,10
Marcus Berkmann,white,male,4.71011736511182,4
Marcus Brigstocke,white,male,4.75281643118827,3
Marcus Buckingham,white,male,5.12710479836481,5
Marcus Fabius Quintilianus,white,male,4.95133751879592,4
Marcus Garvey,black,male,6.35218251811136,10
Marcus Harrison Green,black,male,4.15228834438306,2
Marcus J. Borg,white,male,4.69372694892365,4
Marcus L. Lukusa,black,male,3.155336,1
Marcus Porcius Cato,white,male,5.10720996964787,4
Marcus Samuelsson,black,male,5.47421626407626,10
Marcus du Sautoy,white,male,5.77887447200274,5
Marcy Dermansky,white,female,4.6159500516564,2
Maren Morris,white,female,6.48713837547719,4
Margaret Atwood,white,female,6.71432975974523,10
Margaret Bourke-White,white,female,5.97634997900327,5
Margaret Carty,white,female,4.58433122436753,1
Margaret Cavendish,white,female,5.17318626841227,5
Margaret Chan,asian,female,5.385606,1
Margaret Chase Smith,white,female,5.03742649794062,3
Margaret Cho,asian,female,5.564666064,10
Margaret Coel,white,female,4.9604707775343,2
Margaret Collier Graham,white,female,3.92992956008459,3
Margaret Culkin Banning,white,female,4.09342168516223,2
Margaret Deland,white,female,5.04139268515823,6
Margaret Drabble,white,female,5.19589965240923,8
Margaret Edson,white,female,4.5705429398819,4
Margaret Elizabeth Sangster,white,female,4.2380461031288,5
Margaret Fuller,white,female,5.44404479591808,10
Margaret Gatty,white,female,4.58994960132571,2
Margaret George,white,female,5.21748394421391,9
Margaret Gibb,white,female,4.22530928172586,1
Margaret Halsey,white,female,4.46089784275655,3
Margaret Heffernan,white,female,4.80002935924413,10
Margaret J. Wheatley,white,female,4.97220283837906,10
Margaret Landon,white,female,5.02118929906994,9
Margaret Lee Runbeck,white,female,4.72509452108147,6
Margaret MacMillan,white,female,5.149219113,2
Margaret Mahy,white,female,5.76042248342321,3
Margaret Mallory,white,female,4.43775056282039,6
Margaret McMullan,white,female,4.61384182187607,2
Margaret Mead,white,female,6.12710479836481,10
Margaret Oliphant,white,female,5.10720996964787,3
Margaret Peters,black,female,5.271842,1
Margaret Peterson Haddix,white,female,5.79934054945358,10
Margaret Sherwood,white,female,4.57749179983723,1
Margaret Smith,white,female,6.025305865,2
Margaret Spellings,white,female,4.9329808219232,2
Margaret Stohl,white,female,5.62838893005031,7
Margaret Thatcher,white,female,6.66275783168157,10
Margaret Truman,white,female,5.45178643552429,1
Margaret Walker,black,female,5.47856649559384,4
Margaret Weis,white,female,5.604226053,4
Margaret Widdemer,white,female,4.59549622182557,3
Margarita Engle,latino,female,5.48287358360875,10
Margaux Bergen,white,female,3.365487985,2
Marge Piercy,white,female,5.57749179983723,10
Margery Allingham,white,female,5.74429298312268,7
Margery Williams Bianco,white,female,4.86746748785905,3
Margherita Hack,white,female,5.37106786227174,3
Margi Preus,white,female,4.83250891270624,4
Margo Jefferson,black,female,4.591064607,2
Margo Kelly,white,female,4.50379068305718,3
Margo T. Rose,white,female,3.85186960072977,4
Margot Asquith,white,female,4.90471554527868,6
Margot Kidder,white,female,5.59988307207369,4
Margot Lee Shetterly,black,female,5.93247376467715,7
Margot McCuaig,white,female,3.66086547800387,3
Margot Robbie,white,female,7.18752072083646,7
Marguerite Bennett,white,female,5.47275644931721,2
Marguerite Duras,white,female,6.16731733474818,10
Marguerite Gardiner,white,female,4.32014628611105,4
Marguerite Kaye,white,female,5.04921802267018,9
Marguerite Labbe,white,female,4.26951294421792,2
Marguerite Young,white,female,4.47856649559384,3
Marguerite Yourcenar,white,female,6.41664050733828,10
Marguerite de Valois,white,female,6.00432137378264,4
Mari Evans,black,female,5.30103,1
Mari Mancusi,white,female,5.31597034545692,10
Maria Amor Torres,asian,female,1.68124123737559,2
Maria Augusta von Trapp,white,female,4.69983772586725,3
Maria Bamford,white,female,5.4345689040342,2
Maria Bartiromo,white,female,5.58206336291171,3
Maria Callas,white,female,6.52762990087134,5
Maria Cantwell,white,female,5.38201704257487,2
Maria Chika Amadi,black,female,2.507856,1
Maria Cristina Mena,latino,female,4.173186,1
Maria Dahvana Headley,white,female,5.08635983067475,4
Maria Dorfner,white,female,3.55750720190566,4
Maria Edgeworth,white,female,5.29225607135648,6
Maria Elena,latino,female,7.61172330800734,10
Maria Faustina Kowalska,white,female,5.96331551138611,6
Maria Flynn,white,female,5.03742649794062,5
Maria Goeppert Mayer,white,female,5.25527250510331,3
Maria Grazia Swan,white,female,3.95472479097906,5
Maria Gregory,white,female,5.11058971029925,2
Maria Hernandez,latino,female,6.440909,1
Maria Irene Fornes,latino,female,4.837588,1
Maria Lima,latino,female,6.606381,1
Maria Malonzo,asian,female,3.361728,1
Maria McCann,white,female,4.54530711646582,4
Maria Mitchell,white,female,5.25042000230889,6
Maria Montessori,white,female,6.53019969820308,6
Maria Nieves,latino,female,6.15836249209525,5
Maria Renteria,latino,female,4.630428,2
Maria Semple,white,female,5.120573931,10
Maria Sharapova,white,female,6.42160392686983,6
Maria Shriver,white,female,6.10720996964787,5
Maria V. Snyder,white,female,5.06069784035361,10
Maria Venegas,latino,female,5.40654,1
Maria Weston Chapman,white,female,4.96894968098134,3
Mariah Burton Nelson,white,female,3.98497712641549,3
Mariah Carey,black,female,8,8
Mariah Gonzales,latino,female,4.760422,1
Mariama Bâ,black,female,5.32014628611105,3
Marian Anderson,black,female,5.59879050676312,9
Marian Deegan,white,female,3.64738297,5
Marian Keyes,white,female,5.71432975974523,10
Marian Wright Edeleman,black,female,5.519828,1
Marian Wright Edelman,black,female,5.51587384371168,9
Marianne Curley,white,female,4.78318869107526,5
Marianne Faithfull,white,female,6.09342168516223,8
Marianne Moore,white,female,5.39794000867204,10
Marianne Wiggins,white,female,4.863917377,4
Marianne Williamson,white,female,5.97034687623009,10
Mariano Azuela,latino,male,5.800717,1
Mariano Ngan,asian,male,2.429752,1
Mariano Rajoy,white,male,6.25767857486918,2
Mariano Rivera,latino,male,6.10380372095596,4
Maribel C. Pagan,latino,female,2.73878055848437,3
Marie Abanga,black,female,3.39794,1
Marie Antoinette,white,female,7.06818586174616,6
Marie Bashkirtseff,white,female,5.32014628611105,4
Marie Brennan,white,female,5.28555730900777,6
Marie Claudine MUKAMABANO,black,female,4.004321,1
Marie Corelli,white,female,5.04139268515823,4
Marie Curie,white,female,7.120573931,8
Marie Dressier,white,female,4.96425963019685,2
Marie Howe,white,female,5.13353890837022,3
Marie Kondō,asian,female,6.44404479591808,10
Marie Landry,white,female,5.32014628611105,2
Marie Leneru,white,female,3.78103693862113,2
Marie Lu,asian,female,5.77524625974024,10
Marie Osmond,white,female,6.02118929906994,7
Marie Rutkoski,white,female,5.56229286445647,10
Marie Sabillo,latino,female,3.22530928172586,2
Marie Symeou,white,female,3.72345567203519,5
Marie Treanor,white,female,4.41497334797082,2
Marie de France,white,female,6.50379068305718,5
Marie von Ebner-Eschenbach,white,female,5.75587485567249,10
Marie-Helene Bertino,white,female,5.24551266781415,2
Marie-Louise von Franz,white,female,6.149219113,2
Mariel,latino,female,7.322219,1
Mariel Hemingway,white,female,5.39093510710338,5
Mariella Frostrup,white,female,4.94694327069783,9
Marielle Arias Cleofe,latino,female,0.69897,1
Marika McCoola,white,female,4.18752072083646,2
Marikit dR. Camba,asian,female,2.222716,1
Marilu Henner,white,female,5.80685802951882,7
Marilyn A. Hepburn,white,female,2.64345267648619,2
Marilyn Barnicke Belleghem,white,female,2.83821922190763,2
Marilyn Brant,white,female,4.42975228000241,2
Marilyn Devonish,black,female,4.190332,1
Marilyn Ferguson,white,female,5.029383778,5
Marilyn French,white,female,5.16136800223498,8
Marilyn Hacker,white,female,4.58994960132571,2
Marilyn Hilton,white,female,4.54530711646582,5
Marilyn Johnson,white,female,6.41995574848976,2
Marilyn L Rice,white,female,3.88986172125819,7
Marilyn Machlowitz,white,female,3.30102999566398,3
Marilyn Manson,white,male,7.06818586174616,10
Marilyn Monroe,white,female,7.52113808370404,10
Marilyn Pappano,white,female,4.81954393554187,2
Marilyn Suttle,white,female,4.39619934709574,10
Marilyn Vos Savant,white,female,5.53402610605614,10
Marina Abramović,white,female,6.19033169817029,10
Marina Budhos,asian,female,4.68842,1
Marina Keegan,white,female,4.240549248,7
Marina Leigh Hatfield,white,female,0.845098040014257,4
Marina Tsvetaeva,white,female,5.58433122436753,8
Marina Warner,white,female,5.10720996964787,2
Marine Le Pen,white,female,6.81822589361396,5
Marino Baccarini,white,male,2.86451108105839,6
Mario Andretti,white,male,6.14612803567824,9
Mario Balotelli,black,male,6.332438,1
Mario Batali,white,male,5.475671188,3
Mario Benedetti,latino,male,6.42160392686983,5
Mario Botta,white,male,6.16731733474818,6
Mario Cuomo,white,male,5.3324384599156,8
Mario J. Lucero,latino,male,3.44870632,2
Mario J. Rocchetta,white,male,2.485721426,2
Mario L Castellanos,latino,male,3.079181,2
Mario Lopez,latino,male,6.49276038902684,3
Mario Puzo,white,male,5.98766626492627,10
Mario Teguh,asian,male,6.214844,1
Marion Barry,black,male,5.741939,1
Marion Cotillard,white,female,6.64246452024212,4
Marion Jones,black,female,5.564666064,2
Marion Woodman,white,female,4.89652621748955,3
Marion Zimmer Bradley,white,female,5.55266821611219,9
Marisa Miller,white,female,5.46834733041216,2
Marisha Pessl,white,female,5.40993312333129,10
Mariska Hargitay,white,female,6.24551266781415,3
Marisol Nichols,latino,female,5.260071,1
Marissa Clarke,white,female,4.475671188,8
Marissa Mayer,white,female,5.48429983934679,9
Marissa Meyer,white,female,5.86569606,10
Marita Golden,black,female,4.238046,2
Maritza Compos,latino,female,2.0086,1
Marjorie Garber,white,female,5.12385164096709,4
Marjorie Holmes,white,female,4.53147891704226,3
Marjorie Kinnan Rawlings,white,female,5.60745502321467,4
Marjorie M. Liu,asian,female,4.64048143697042,2
Marjorie Pay Hinckley,white,female,4.52633927738984,7
Marjorie Spiegel,white,female,3.60205999132796,2
Marjory Stoneman Douglas,white,female,5.76715586608218,3
Mark A. Cooper,white,male,5.18184358794477,5
Mark A. Noll,white,male,4.77815125038364,2
Mark A. Rayner,white,male,4.2148438480477,3
Mark Alberto Yoder Nunez,latino,male,5.432969,1
Mark Batterson,white,male,5.28103336724773,10
Mark Billingham,white,male,5.44870632,2
Mark Bittman,white,male,5.4983105537896,2
Mark Bowden,white,male,5.35793484700045,4
Mark Boyer,white,male,4.87621784059164,4
Mark Bradford,black,male,5.34242268082221,4
Mark Brown,black,male,6.340444,1
Mark Buchanan,white,male,5.16136800223498,10
Mark Burnett,white,male,5.56937390961505,3
Mark Consuelos,latino,male,5.839478,1
Mark Cortes,latino,male,4.68214507637383,3
Mark Cuban,white,male,6.51587384371168,10
Mark Denman,white,male,5.03342375548695,9
Mark Donnelly,white,male,4.94398887507377,9
Mark Doty,white,male,4.9566485792052,7
Mark Driscoll,white,male,5.57518784492766,7
Mark E. Smith,white,male,5.46834733041216,3
Mark Epstein,white,male,5.40993312333129,4
Mark F. LaMoure,white,male,3.42324587393681,10
Mark Frauenfelder,white,male,5.22010808804005,2
Mark Frost,white,male,5.70500795933334,10
Mark Galli,white,male,4.38021124171161,10
Mark Gatiss,white,male,5.70586371228392,3
Mark Gorman,white,male,4.79448804665917,4
Mark Graban,white,male,4.86451108105839,2
Mark Gungor,white,male,4.53529412004277,4
Mark Haddon,white,male,5.93399316383124,10
Mark Hamill,white,male,6.56702636615906,3
Mark Harmon,white,male,6.16435285578444,2
Mark Helprin,white,male,5.50242711998443,10
Mark Henwick,white,male,4.28780172993023,4
Mark Hewer,white,male,4.66370092538965,10
Mark Hodder,white,male,4.53019969820308,3
Mark Hyman,white,male,6.15228834438306,10
Mark Indelicato,latino,male,4.735599,1
Mark Ireland,white,male,4.96284268120124,4
Mark Kennedy,white,male,5.641474111,3
Mark Knopfler,white,male,6.387389826,5
Mark Kurlansky,white,male,5.56348108539441,7
Mark LaMoure,white,male,2.73158876518674,10
Mark Lawrence,white,male,5.98000337158375,10
Mark Leidner,white,male,3.820201459,2
Mark Leiren-Young,white,male,4.66370092538965,2
Mark Lynas,white,male,4.82801506422398,2
Mark M. DeRobertis,white,male,3.04921802267018,2
Mark Manson,white,male,6.17026171539496,6
Mark Mathabane,black,male,4.480007,1
Mark Matousek,white,male,4.33445375115093,3
Mark McKinnon,white,male,4.94890176097021,10
Mark Mills,white,male,5.35793484700045,2
Mark Mirabello,white,male,3.94250410616808,2
Mark Noce,white,male,3.67024585307412,2
Mark O'Connell,white,male,5.92116605063774,4
Mark Owen,white,male,5.66464197555613,2
Mark Pryor,white,male,4.97266559226611,3
Mark Rippetoe,white,male,5.08635983067475,2
Mark Rothko,white,male,6.41830129131975,3
Mark Rubinstein,white,male,4.51719589794997,2
Mark Ruffalo,white,male,6.6159500516564,8
Mark Rutherford,white,male,4.938019097,2
Mark Sanborn,white,male,4.80208925788173,7
Mark Sherman Smeester,white,male,2.02938377768521,10
Mark Simpson,white,male,5.58994960132571,2
Mark Sisson,white,male,5.00860017176192,8
Mark Skousen,white,male,4.62940959910272,4
Mark Slouka,white,male,4.61278385671974,6
Mark Spitz,white,male,5.42975228000241,5
Mark Strand,white,male,5.16136800223498,9
Mark Van Doren,white,male,5.30102999566398,5
Mark Vonnegut,white,male,4.1846914308176,3
Mark Wahlberg,white,male,6.84447717574568,9
Mark Waid,white,male,6.06818586174616,3
Mark Warner,white,male,6.03342375548695,2
Mark Waters,white,male,5.44870632,4
Mark William Goldman,white,male,2.52633927738984,2
Mark Winik,white,male,3.19865708695442,2
Mark Z. Danielewski,white,male,5.92788341033071,10
Mark Zuckerberg,white,male,7.17318626841227,10
Markee Anderson,black,male,4.701568,2
Marko Kloos,white,male,5.10380372095596,2
Markus W. Lunner,white,male,2.73878055848437,5
Markus Zusak,white,male,6.37291200297011,10
Marla Buchanan,white,female,4.025305865,3
Marla Gibbs,black,female,5.09691,1
Marlee Matlin,white,female,6.15228834438306,10
Marlen Esparza,latino,female,4.38739,1
Marlena de Blasi,white,female,4.98587535730839,2
Marlene Dietrich,white,female,6.54157924394658,9
Marlene Hansen,white,female,4.86033800657099,2
Marlene Steinberg,white,female,4.63346845557959,2
Marlene Thornton,black,female,4.041393,1
Marlene Van Niekerk,white,female,5.01703333929878,6
Marlon Brando,white,male,6.91645394854993,7
Marlon James,black,male,5.58994960132571,10
Marlon Wayans,black,male,6.44870632,4
Marmaduke William Pickthall,white,male,5.120573931,3
Marnie Grundman,white,female,4.33845649360461,3
Marquis De Lafayette,white,male,5.67942789661212,9
Marquis de Condorcet,white,male,5.3541084391474,2
Marquis de Sade,white,male,6.21748394421391,10
Marquita Burke-DeJesus,black,female,2.32428245529769,10
Marsden Wagner,white,male,4.32014628611105,2
Marsha Blackburn,white,female,5.71516735784846,9
Marsha Hinds,black,female,3.9912260756925,3
Marsha Norman,white,female,4.87563993700417,7
Marsha Sinetar,white,female,4.641474111,4
Marsha Thomason,black,female,5.540329,1
Marshal Ferdinand Foch,white,male,4.87794695162919,2
Marshall B. Rosenberg,white,male,6.08635983067475,2
Marshall McLuhan,white,male,6.01703333929878,10
Marshall Ramsay,white,male,3.29225607135648,4
Marshall Thornton,white,male,4.1846914308176,3
Marshawn Lynch,black,male,6.178977,3
Marsilio Ficino,white,male,5.83632411570675,3
Marston Bates,white,male,4.408239965,1
Marta Acosta,latino,female,5.423246,1
Marta Mrotek,white,female,3.52633927738984,7
Martha Beck,white,female,5.35218251811136,10
Martha Bolton,white,female,4.75358305889291,2
Martha Cecilia,latino,female,6.16136800223498,3
Martha Frie,white,female,1.80617997398389,1
Martha Gellhorn,white,female,5.67669360962487,8
Martha Graham,white,female,6.00860017176192,10
Martha Grimes,white,female,5.120573931,3
Martha Lemasters,white,female,3.21218760440396,4
Martha McSally,white,female,4.938019097,2
Martha Moody,white,female,4.59988307207369,2
Martha N. Beck,white,female,3.9604707775343,6
Martha Plimpton,white,female,5.53402610605614,3
Martha Reeves,black,female,5.5854607295085,4
Martha Scott,white,female,5.34830486304816,2
Martha Stewart,white,female,7.2405492482826,7
Martha Sweeney,white,female,4.4814426285023,9
Martha Washington,white,female,5.96754797621886,5
Martha Wells,white,female,5.71180722904119,5
Marthe Jocelyn,white,female,4.8488047010518,2
Martijn Benders,white,male,3.96378782734556,4
Martin Amis,white,male,5.70757017609794,10
Martin Buber,white,male,5.985426474083,9
Martin Farquhar Tupper,white,male,4.72015930340596,5
Martin Filler,white,male,4.11727129565576,9
Martin Freeman,white,male,6.30319605742049,10
Martin Garrix,white,male,6.8998205024271,3
Martin Gayford,white,male,5.37106786227174,2
Martin Guevara Urbina,latino,male,3.63042787502502,1
Martin H. Fischer,white,male,4.65513843481138,9
Martin Henderson,white,male,5.63144376901317,3
Martin L. Gross,white,male,4.19033169817029,3
Martin Landau,white,male,5.64443858946784,3
Martin Lawrence,black,male,6.394452,1
Martin Luther King Sr.,black,male,5.326336,2
"Martin Luther King, Jr",black,male,7.41995574848976,10
Martin M. Stupak,white,male,2.10037054511756,6
Martin Marty,white,male,5.37291200297011,2
Martin McDonagh,white,male,5.68930885912362,2
Martin McGuinness,white,male,5.24303804868629,9
Martin Millar,white,male,4.55266821611219,2
Martin Mull,white,male,5.29885307640971,3
Martin O'Malley,white,male,5.42651126136457,8
Martin Parr,white,male,6.54777470538782,7
Martin Powell,white,male,5.52891670027766,3
Martin Puryear,black,male,5.24797326636181,2
Martin Scorsese,white,male,6.94250410616808,9
Martin Seligman,white,male,5.59439255037543,7
Martin Sheen,white,male,6.26245109,4
Martin Short,white,male,6.39445168082622,2
Martin Suarez,latino,male,5.72916479,2
Martin Van Buren,white,male,5.77524625974024,4
Martin Vanbee,white,male,3.56110138364906,2
Martin Winterkorn,white,male,5.51054501020661,2
Martin Yan,asian,male,5.11394335230684,3
Martina Arroyo,black,female,5.093422,1
Martina Boone,white,female,4.43775056282039,10
Martina Hingis,white,female,5.76192783842053,2
Martina McBride,white,female,6.02118929906994,3
Martina Navratilova,white,female,6.00860017176192,8
Marty Bisson milo,white,male,2.8394780473742,4
Marty Rubin,white,male,4.97589113640179,10
Martyn V. Halm,white,male,4.6222140229663,4
Martín Espada,latino,male,5.25042,1
Marv Levy,white,male,4.98362628712453,3
Marva Collins,black,female,4.796574333,2
Marvin Gaye,black,male,6.9329808219232,10
Marvin Hagler,black,male,5.595496,1
Marvin Hamlisch,white,male,5.46089784275655,4
Marvin Harris,white,male,5.33845649360461,2
Marvin J. Ashton,white,male,4.50242711998443,2
Marvin Minsky,white,male,5.3747483460101,4
Marvin Olasky,white,male,4.94051648493257,2
Marvin Sapp,black,male,5.79028516403324,2
Mary A. Pérez,latino,female,4.7481880270062,2
Mary Adams,white,female,6.20139712432045,2
Mary Alice Monroe,white,female,5.66745295288995,3
Mary Ann Venancio,latino,female,3.02118929906994,2
Mary Anne Radmacher,white,female,5.51054501020661,9
Mary Antin,white,female,4.7979596437372,2
Mary Ashun,black,female,3.89098,1
Mary Astell,white,female,5.37106786227174,6
Mary B. Morrison,black,female,4.23044892137827,3
Mary Baker Eddy,white,female,6.02118929906994,9
Mary Balogh,white,female,5.59549622182557,10
Mary Banos,latino,female,4.659916,1
Mary Bateson,white,female,4.28103336724773,3
Mary Berry,white,female,6.5327543789925,5
Mary Bly,white,female,4.149219113,3
Mary Buchan,white,female,4.4983105537896,7
Mary Calmes,white,female,5.14612803567824,2
Mary Caroline Richards,white,female,4.178976947,2
Mary Catherine Bateson,white,female,4.8494194137969,7
Mary Chase,white,female,5.05690485133647,2
Mary Church Terrell,black,female,5.40654018043396,2
Mary Daly,white,female,5.53147891704226,6
Mary DeTurris Poust,white,female,4.2718416065365,4
Mary Douglas,white,female,5.63245729218472,5
Mary Downing Hahn,white,female,5.38021124171161,2
Mary E. DeMuth,white,female,4.44404479591808,10
Mary Elizabeth Braddon,white,female,5.66370092538965,6
Mary Elizabeth Summer,white,female,4.00860017176192,4
Mary Ellen Chase,white,female,4.81358098856819,3
Mary Ellen Hannibal,white,female,4.31386722036915,2
Mary Ellen Mark,white,female,5.79098847508882,5
Mary Engelbreit,white,female,5.86272752831797,3
Mary Field Belenky,white,female,4.10380372095596,2
Mary Gaitskill,white,female,5.40483371661994,3
Mary Gardiner Brainard,white,female,3.41329976408125,1
Mary Gordon,white,female,5.55630250076729,2
Mary Harris Jones,white,female,4.86864443839483,5
Mary Higgins Clark,white,female,6.63748973,2
Mary Hoffman,white,female,5.34830486304816,2
Mary Howitt,white,female,4.76192783842053,2
Mary Hughes,white,female,5.59549622182557,2
Mary J. Blige,black,female,6.930439595,10
Mary J. McCoy-Dressel,black,female,3.459392,1
Mary J. Williams,black,female,5.27875360095283,10
Mary Jane Hathaway,white,female,4.120573931,3
Mary Jo Putney,white,female,5.72835378202123,3
Mary Karr,white,female,5.178976947,10
Mary Kate,white,female,6.70329137811866,10
Mary Kay Andrews,white,female,5.3747483460101,2
Mary Kay Ash,white,female,6.15533603746506,10
Mary Lambert,white,female,5.8733206018154,2
Mary Lascelles,white,female,4.274157849,3
Mary Lindsey,white,female,5.42324587393681,2
Mary Lydon Simonsen,white,female,3.92427928606188,7
Mary MacLane,white,female,4.82801506422398,8
Mary Martin,white,female,6.14301480025409,2
Mary McCarthy,white,female,5.70243053644553,10
Mary McLeod Bethune,black,female,5.6570558528571,10
Mary Mihalic,white,female,2.92685670894969,9
Mary Miller,white,female,6.11058971029925,2
Mary Morrissey,white,female,4.96378782734556,2
Mary Norris,white,female,5.26481782300954,7
Mary Oliver,white,female,6.34439227368511,10
Mary Papas,white,female,4.322219295,9
Mary Parker Follett,white,female,5.3096301674259,10
Mary Pauline Lowry,white,female,3.92582757462474,2
Mary Pettibone Poole,white,female,3.73319726510657,3
Mary Pickford,white,female,6.01703333929878,8
Mary Pierce,white,female,5.41830129131975,2
Mary Pipher,white,female,5.21748394421391,5
Mary Pope Osborne,white,female,6.9329808219232,3
Mary Quant,white,female,6.56348108539441,10
Mary Renault,white,female,5.12710479836481,10
Mary Ritter Beard,white,female,4.51587384371168,3
Mary Roach,white,female,5.51054501020661,10
Mary Roberts Rinehart,white,female,5.73639650227664,4
Mary Robinette Kowal,white,female,5.70842090013471,2
Mary Ruefle,white,female,5.07188200730613,3
Mary Sage Nguyen,asian,female,3.25042000230889,10
Mary Schmich,white,female,4.89762709129044,8
Mary Shelley,white,female,6.796574333,5
Mary Shelly,white,female,6.80002935924413,2
Mary Steenburgen,white,female,5.92941892571429,2
Mary Ting,asian,female,4.879096,1
Mary Todd Lincoln,white,female,5.58092497567562,3
Mary Tyler Moore,white,female,6.24303804868629,4
Mary V. Pate,white,female,3.03742649794062,2
Mary Webb,white,female,5.4345689040342,7
Mary Wilson Little,black,female,3.83695673705955,2
Mary Wollstonecraft,white,female,6.20139712432045,10
Mary Wollstonecraft Shelley,white,female,6.029383778,10
Mary Wortley Montagu,white,female,5.56584781867352,5
Mary-Ellen Peters,white,female,4.26717172840301,10
Mary-Kate Olsen,white,female,5.96754797621886,3
MaryAnn Diorio,white,female,3.72345567203519,6
MaryJanice Davidson,white,female,5.28330122870355,7
Marya Hornbacher,white,female,4.99166900737995,7
Marya Mannes,white,female,4.485721426,10
Marybeth Niederkorn,white,female,3.778874472,3
Maryrose Wood,white,female,4.564666064,5
Maryse Condé,black,female,6.045323,1
Masaharu Taniguchi,asian,male,5.262451,1
Masamune Shirow,asian,male,5.928908,1
Masanobu Fukuoka,asian,male,5.52633927738984,2
Masao Abe,asian,male,4.539076,1
Masaru Emoto,asian,male,5.986324,1
Masaru Ibuka,asian,male,5.07918124604763,2
Masashi Kishimoto,asian,male,6.7419390777292,10
Masashi Kishimoto Naruto Shippuden,asian,male,4.759668,1
Masatoshi Koshiba,asian,male,4.477121,1
Masayoshi Son,asian,male,5.60530504614111,2
Masi Oka,asian,male,5.726727,1
Mason Cooley,white,male,5.17318626841227,9
Massimo Marino,white,male,4.66558099101795,5
Master P,black,male,6.365488,1
Master Sengstan,asian,male,2.243038,1
Masuji Ibuse,asian,male,4.62736585659273,2
Mat Johnson,black,male,4.78318869107526,4
Mat Luthfi,asian,male,4.423246,1
Mata Amritanandamayi,asian,female,5.920123,1
Mateo Sol,latino,male,5.274157849,2
Mathematician Vitthal Jadhav,asian,male,2.658965,1
Mathias Malzieu,white,male,5.68663626926229,4
Mathieu Amalric,white,male,6.19033169817029,2
Matisyahu,white,male,5.99343623049761,4
Matshona Dhiliwayo,black,male,4.95085145888855,8
Matshona Dhliwayo,black,male,5.42975228000241,10
Matshona T. Dhliwayo,black,male,4.431364,1
Matsime Simon Mohapi,black,male,2.823474,1
Matsuo Basho,asian,male,5.73957234445009,3
Matsuri Hino,asian,female,5.67851837904011,10
Matsushita Yuya,asian,male,4.720159,1
Matt Abrams,white,male,4.28330122870355,4
Matt Blunt,white,male,4.51454775266029,2
Matt Bomer,white,male,6.04139268515823,5
Matt Cameron,white,male,5.54654266347813,2
Matt Chandler,white,male,5.37839790094814,10
Matt Damon,white,male,7.10720996964787,2
Matt Dillon,white,male,6.23299611039215,2
Matt Drudge,white,male,4.62013605497376,4
Matt Dunn,white,male,5.17026171539496,5
Matt Fraction,white,male,5.66275783168157,6
Matt Groening,white,male,6.33645973384853,9
Matt Haig,white,male,6.30319605742049,10
Matt Hilton,white,male,4.758154622,2
Matt Kemp,black,male,5.511883,1
Matt Kindt,white,male,5.87098881376058,4
Matt Micros,white,male,3.28780172993023,2
Matt Mullenweg,white,male,5.60205999132796,6
Matt Perman,white,male,4.23044892137827,8
Matt Ridley,white,male,5.44247976906445,6
Matt Rudd,white,male,4.35983548233989,2
Matt Ruff,white,male,4.88817949391832,2
Matt Smith,white,male,6.65896484266444,3
Matt Squire,white,male,4.66181268553726,2
Matt Wallace,white,male,5.579783597,6
Matt de la Pena,latino,male,5.27875360095283,2
Matthew,white,male,8.71096311899528,10
Matthew A Rodriguez,latino,male,4.70842090013471,2
Matthew A. Petti,white,male,3.10720996964787,2
Matthew Arnold,white,male,5.93550726582471,10
Matthew Catania,white,male,4.07554696139253,2
Matthew D Lieberman,white,male,4.564666064,2
Matthew D. Heines,white,male,3.67942789661212,2
Matthew De Abaitua,white,male,4.07188200730613,6
Matthew Dicks,white,male,4.88081359228079,2
Matthew Donnelly,white,male,5.053078443,10
Matthew Fox,white,male,6.04532297878666,4
Matthew Goodman,white,male,4.91907809237607,2
Matthew Heines,white,male,3.77305469336426,10
Matthew Henry,white,male,6.61278385671974,10
Matthew Inman,white,male,5.08635983067475,3
Matthew J. Hefti,white,male,3.36172783601759,4
Matthew J. Kirby,white,male,5.62531245096167,4
Matthew Knisely,white,male,3.30102999566398,9
Matthew Lee Anderson,white,male,5.22788670461367,4
Matthew Lesko,white,male,4.57170883180869,3
Matthew Lewis,white,male,6.01283722470517,9
Matthew Lillard,white,male,6.522444234,2
Matthew Macfadyen,white,male,5.95036485437612,2
Matthew McConaughey,white,male,6.93094903116752,10
Matthew Norman,white,male,5.18752072083646,3
Matthew Pearl,white,male,4.97220283837906,9
Matthew Polly,white,male,4.71432975974523,2
Matthew Prior,white,male,5.06069784035361,9
Matthew Quick,white,male,5.120573931,10
Matthew Reilly,white,male,5.45788189673399,5
Matthew S. Williams,white,male,4.63548374681491,5
Matthew Salesses,asian,male,4.574031,1
Matthew Scully,white,male,4.4983105537896,4
Matthew T. Cross,white,male,3.46538285144842,2
Matthew Tysz,white,male,4.65127801399814,2
Matthew Woodring Stover,white,male,4.89209460269048,10
Matthieu Ricard,white,male,5.66464197555613,4
Mattie J.T. Stepanek,white,male,4.73719264270474,3
Mattie Stepanek,white,male,5.20139712432045,6
Maud Hart Lovelace,white,female,4.66558099101795,10
Maud Sulter,black,female,4.456366,1
Maude Adams,white,female,4.94250410616808,2
Maulana Wahiduddin Khan,asian,male,5.440909,1
Maulik Doshi,asian,male,4.262451,1
Maureen Brady,white,female,5.13987908640124,10
Maureen Child,white,female,5.52633927738984,2
Maureen Chiquet,white,female,4.28103336724773,5
Maureen Corrigan,white,female,5.04921802267018,10
Maureen Dowd,white,female,6.28555730900777,5
Maureen F. McHugh,white,female,4.75966784468963,4
Maureen Jennings,white,female,4.767897616,2
Maureen Johnson,white,female,5.591064607,10
Maureen Lipman,white,female,5.54654266347813,2
Maureen O'Hara,white,female,5.969881644,6
Maurice Blanchot,white,male,5.91115760873998,3
Maurice Blondel,white,male,5.22010808804005,2
Maurice Chevalier,white,male,5.82930377283103,10
Maurice Druon,white,male,5.92064500140679,2
Maurice Duffy,white,male,4.029383778,3
Maurice Gibb,white,male,5.53147891704226,3
Maurice Greene,black,male,5.623249,1
Maurice Maeterlinck,white,male,6.10380372095596,10
Maurice Merleau-Ponty,white,male,6.03342375548695,7
Maurice Ravel,white,male,6.522444234,5
Maurice Sendak,white,male,6.07554696139253,10
Maurice Strong,white,male,4.81690383937566,3
Maurice Young,black,male,4.702431,1
Mauricio Chaves Mesén,latino,male,4.0086,1
Mauricio Macri,white,male,6.485721426,2
Mauricio Sierra,latino,male,4.689309,1
Maurys Gaucho,latino,male,3.22271647114758,4
Mavis Gallant,white,female,4.87794695162919,3
Mavis Staples,black,female,6.012837,1
Max Barry,white,male,4.90955602924118,6
Max Baucus,white,male,5.03742649794062,3
Max Beerbohm,white,male,5.15228834438306,9
Max Born,white,male,6.10720996964787,3
Max Brooks,white,male,5.70156798505593,10
Max Eastman,white,male,4.78887511577542,7
Max Ernst,white,male,6.29446622616159,3
Max Frisch,white,male,5.73878055848437,10
Max Gladstone,white,male,5.20411998265593,4
Max Hawthorne,white,male,4.52374646681156,6
Max Heindel,white,male,4.99255351783214,3
Max Irons,white,male,5.51851393987789,2
Max Lerner,white,male,4.63648789635337,8
Max Lucado,white,male,6.26951294421792,10
Max McKeown,white,male,4.74507479158206,10
Max Muller,white,male,6.01283722470517,5
Max Planck,white,male,7.13672056715641,6
Max Porter,white,male,5.7419390777292,2
Max Roach,black,male,5.962369,1
Max Tegmark,white,male,5.83505610172012,3
Max Walker,white,male,5.50650503240487,2
Max Waters,black,male,4.209515,1
Max Weber,white,male,6.6570558528571,10
Max de Pree,white,male,4.84633711212981,6
Max von Sydow,white,male,6.13033376849501,3
Maxim Gorky,white,male,6.23299611039215,9
Maximilien Robespierre,white,male,5.88986172125819,4
Maximus Freeman,white,male,3.04139268515822,5
Maxine Clair,black,female,4.190332,1
Maxine Hong Kingston,asian,female,5.604226053,7
Maxwell Grantly,white,male,3.01283722470517,2
Maxwell Maltz,white,male,5.942999593,10
Maxwell Perkins,white,male,4.81424759573192,4
Maxwell Rivera,latino,male,4.474216,1
May Sarton,white,female,5.08635983067475,10
May-Britt Moser,white,female,5.00860017176192,2
Maya Angelou,black,female,6.87040390527903,10
Maya Angleou,black,female,5.674861,1
Maya Banks,white,female,5.6232492903979,10
Maya Lin,asian,female,5.32014628611105,10
Mayank S. Sengar,asian,male,2.27875360095283,5
Mayank Sengar,asian,male,3.663701,1
Mayank Sharma,asian,male,6.26481782300954,10
Mayank Trivedi,asian,male,4.845098,1
Mayim Bialik,white,female,6.32633586092875,5
Maylanie Citra Liem,asian,female,1.973128,1
Maynard James Keenan,white,male,5.60530504614111,5
Mayra Mejia,latino,female,5.24551266781415,7
Mayra Porrata,latino,female,3.318063,1
Mayu Shinjo,asian,female,4.97359,1
Mayur Ramgir,asian,male,4.564666064,10
Mazisi Kunene,black,male,4.827369,1
Mbella Sonne Dipoko,black,male,3.706718,1
Md. Mujib Ullah,asian,male,3.230449,4
Md. Nazrul Islam,asian,male,6.209515,1
Md. Ziaul Haque,asian,male,5.25042000230889,4
Md.Ashraful Nobi,asian,male,2.764176,1
Mduduzi Risimati Mbiza,black,male,1,2
Meagan Good,black,female,6.033424,1
Meagan Spooner,white,female,5.26717172840301,5
Meat Loaf,white,male,6.63948648926859,2
Medgar Evers,black,male,5.850033,1
Meek Mill,black,male,6.72345567203519,4
Meena Kandasamy,asian,female,5.217484,1
Meenakshi Sundaram V.R,asian,male,2.58319877396862,2
Meera Uberoi,asian,female,4.021189,1
Meeta Ahluwalia,asian,female,4.24303804868629,10
Meg Collett,white,female,3.90471554527868,3
Meg Donohue,white,female,4.78103693862113,6
Meg Haston,white,female,4.58206336291171,2
Meg Hennessy,white,female,3.81690383937566,4
Meg Howrey,white,female,4.65127801399814,4
Meg Medina,latino,female,5.36735592102602,3
Meg Meeker,white,female,5.31806333496276,2
Meg Rosoff,white,female,5.41664050733828,10
Meg White,white,female,5.50242711998443,2
Meg Whitman,white,female,5.72098574415374,2
Meg Wolitzer,white,female,5.58658730467176,10
Meg Xuemei X,asian,female,4.634477,1
Megan Abbott,white,female,5.26481782300954,9
Megan Boyle,white,female,4.58883172559421,9
Megan Chance,white,female,4.35218251811136,10
Megan Devine,white,female,5.01283722470517,5
Megan Erickson,white,female,5.19312459835446,2
Megan Fox,white,female,7.120573931,9
Megan Keith,white,female,4.62531245096167,3
Megan Mayhew Bergman,white,female,4.52762990087134,3
Megan McCafferty,white,female,4.96094619573383,10
Megan McKenna,white,female,5.76117581315573,6
Megan Miranda,white,female,5.33041377334919,7
Megan Mitcham,white,female,4.03342375548695,4
Megan Shepherd,white,female,5.38201704257487,7
Megan Smith,white,female,5.95230800966212,3
Megha Khare,asian,female,3.97081161087252,8
Meghan Daum,white,female,4.91115760873998,6
Meghan O'Rourke,white,female,5.11058971029925,3
Meghna Pant,asian,female,4.542825427,3
Meghna Parihar,asian,female,2.773055,2
Megyn Kelly,white,female,6.94497590841205,4
Mehek Bassi,asian,female,3.56348108539441,10
Meher Baba,asian,male,5.58883172559421,3
Mehnaz Ansari,asian,female,3.87273882747267,2
Meister Eckhart,white,male,5.758154622,9
Mel Brooks,white,male,6.58433122436753,10
Mel Carnahan,white,male,4.68484536164441,2
Mel Chin,asian,male,4.682145,1
Mel Gibson,white,male,6.9903388547876,5
Mel Martinez,latino,male,5.285557,1
Mel Odom,white,male,5.17026171539496,2
Mel Robbins,white,female,7.025305865,7
Melania Trump,white,female,7.20951501454263,2
Melanie Benjamin,white,female,4.969881644,5
Melanie Brown,black,female,5.732394,1
Melanie Crowder,white,female,4.71011736511182,5
Melanie Cusick-Jones,white,female,3.053078443,4
Melanie Dickerson,white,female,4.65513843481138,10
Melanie Fiona,black,female,5.243038,1
Melanie Greenberg,white,female,4.7419390777292,8
Melanie Moreland,white,female,4.9670797341445,4
Melanie Raabe,white,female,5.22788670461367,3
Melanie Rawn,white,female,4.64542226934909,2
Meles Zenawi,black,male,5.73719264270474,2
Melina Marchetta,white,female,5.27646180417324,10
Melinda Gates,white,female,6.59879050676312,2
Melinda Gebbie,white,female,4.97680833733807,3
Melinda Heald,white,female,2.68304703823885,3
Melinda K. Trotter,white,female,2.47275644931721,3
Melissa Abigail,latino,female,4.797268,1
Melissa Aragon,latino,female,4.46538285144842,5
Melissa B. Kruger,white,female,5.1846914308176,3
Melissa Bank,white,female,4.53907609879278,10
Melissa Bradley,black,female,5.037426,3
Melissa Broder,white,female,5.02118929906994,2
Melissa Cady,white,female,4.36361197989214,4
Melissa Etheridge,white,female,6.04532297878666,10
Melissa Foster,white,female,5.579783597,2
Melissa Jo Peltier,white,female,4.90579588036787,2
Melissa Lee-Houghton,white,female,3.90145832139611,4
Melissa Marr,white,female,5.31806333496276,10
Melissa McCarthy,white,female,6.536558443,6
Melissa McClone,white,female,5.12385164096709,6
Melissa McPhail,white,female,4.50105926221775,2
Melissa Mojo Hunter,white,female,3.74036268949424,2
Melissa Tagg,white,female,4.76267856372744,3
Melissa V. Harris-Perry,black,female,3.903633,1
Melody Beattie,white,female,5.51054501020661,7
Melody Carlson,white,female,5.11727129565576,7
Melody Carstairs,white,female,3.73319726510657,8
Melvin Burgess,white,male,5.54530711646582,3
Melvin Helitzer,white,male,3.63346845557959,4
Melvin Peebles,black,male,3.914872,1
Melvyn Bragg,white,male,5.19865708695442,4
Menachem Begin,white,male,5.6730209071289,2
Menander,white,male,5.69196510276736,7
Mencius,asian,male,5.83569057149243,10
Menna van Praag,white,female,4.71933128698373,5
Mensah Oteh,black,male,2.96754797621886,9
Mensah Samuel,black,male,4.83123,1
Mercedes McCambridge,white,female,4.94694327069783,2
Mercy Cortez,latino,female,4.35602585719312,4
Mercy Otis Warren,white,female,5.2380461031288,4
Meredith Ann Pierce,white,female,4.55144999797287,3
Meredith Duran,white,female,4.60097289568675,10
Meredith Marple,white,female,3.9731278535997,2
Meredith Schorr,white,female,4.5854607295085,2
Meredith T. Taylor,white,female,3.28780172993023,2
Meredith Wild,white,female,4.88761730033574,6
Meridel Le Sueur,white,female,4.58092497567562,5
Merilyn Simonds,white,female,4.54032947479087,2
Meriwether Lewis,white,male,5.50514997831991,2
Merle Haggard,white,male,6.36735592102602,4
Merle Hodge,black,female,4.888741,1
Merle Shain,white,female,4.19312459835446,2
Merrie Haskell,white,female,4.14301480025409,6
Merrill Markoe,white,female,5.3541084391474,4
Merry Clayton,black,female,5.158362,1
Merton Miller,white,male,4.698100546,6
Meryl Streep,white,female,7.06818586174616,10
Meseret Geneti,black,female,2.725912,1
Mette Ivie Harrison,white,female,4.48855071650044,2
Mhairi McFarlane,white,female,5.69983772586725,8
Mia Couto,white,male,5.69019608002851,2
Mia Hamm,white,female,5.55630250076729,9
Mia Love,black,female,5.814913,1
Mia Sheridan,white,female,5.579783597,10
Mian Adeel Mushtaq,asian,male,4.620136,1
Mian Mian,asian,female,5.781037,1
Micalea Smeltzer,white,female,5.51188336097887,2
Mich Albom,white,male,5.95424250943933,2
Michael A. Arnzen,white,male,4.19865708695442,2
Michael A. Contés II,white,male,2.87794695162919,6
Michael A. Singer,white,male,5.53907609879278,4
Michael A. Stackpole,white,male,5.13353890837022,4
Michael A. Wood Jr.,black,male,3.966611,1
Michael Adzema,white,male,4.62013605497376,2
Michael Allan Scott,white,male,3.94939000664491,3
Michael Barbarulo,white,male,3.08635983067475,3
Michael Bassey Johnson,black,male,4.87794695162919,10
Michael Bay,white,male,6.49276038902684,4
Michael Bennet,white,male,5.42651126136457,2
Michael Bergin,white,male,4.87215627274829,2
Michael Bernard Beckwith,black,male,5.262451,1
Michael Biondi,white,male,4.35218251811136,10
Michael Bolton,white,male,6.47421626407626,2
Michael Braccia,white,male,4.81424759573192,2
Michael Brett Turner,white,male,2.10037054511756,2
Michael Brooks,black,male,5.800717,1
Michael Burgess,white,male,5.47421626407626,6
Michael Burke,white,male,5.87852179550121,1
Michael Caine,white,male,6.61489721603314,10
Michael Callahan,white,male,5.39269695325967,3
Michael Card,white,male,5.28555730900777,3
Michael Cera,white,male,6.55630250076729,2
Michael Chang,asian,male,5.75358305889291,2
Michael Clarke Duncan,black,male,5.704151,1
Michael Clifford,white,male,5.77959649125782,3
Michael Connelly,white,male,6.25527250510331,9
Michael Crichton,white,male,6.46982201597816,10
Michael Cunningham,white,male,5.88366143515362,10
Michael Curtiz,white,male,6.13672056715641,2
Michael D. Higgins,white,male,5.82412583391655,3
Michael D. O'Brien,white,male,5.23299611039215,2
Michael Davidow,white,male,4.11394335230684,2
Michael Dell,white,male,5.9434945159061,3
Michael DiMarco,white,male,4.15228834438306,3
Michael Dirda,white,male,5.29666519026153,5
Michael Dodson Jr.,black,male,3.569374,1
Michael Douglas,white,male,6.73719264270474,10
Michael Duncan,black,male,5.4843,1
Michael Dwinnell,white,male,3.46834733041216,2
Michael E Emmering,white,male,2.32014628611105,2
Michael E. Gerber,white,male,5.178976947,3
Michael E. Porter,white,male,6.21218760440396,5
Michael Ealy,black,male,5.770115,1
Michael Eisner,white,male,5.4456042032736,3
Michael Ende,white,male,6.24797326636181,10
Michael Eric Dyson,black,male,5.72181061521255,3
Michael Faraday,white,male,6.14301480025409,4
Michael Faudet,white,male,5.13033376849501,10
Michael Finkel,white,male,5.12710479836481,10
Michael Flynn,white,male,6.03342375548695,3
Michael Foley,white,male,5.906335042,4
Michael Garrison,white,male,5.07554696139253,2
Michael Gilbert,white,male,5.47856649559384,6
Michael Gove,white,male,5.86923171973098,2
Michael Graves,white,male,5.95133751879592,10
Michael Greger,white,male,5.52762990087134,10
Michael Gruber,white,male,5.26717172840301,4
Michael Gurian,white,male,5.0899051114394,2
Michael Harris,black,male,6.29666519026153,8
Michael Hastings,white,male,5.04532297878666,2
Michael Hayden,white,male,5.34044411484012,10
Michael Herr,white,male,5.06818586174616,3
Michael Hogan,white,male,5.6232492903979,8
Michael Holbrook,white,male,5.29003461136252,6
Michael Hutchence,white,male,5.60097289568675,2
Michael Hyatt,black,female,5.60314437262018,10
Michael Ignatieff,white,male,5.34635297445064,10
Michael Ikechukwu john,black,male,2.10037054511756,3
Michael J Herbert,white,male,4.55870857053317,3
Michael J. Cohen,white,male,5.274157849,2
Michael J. Fox,white,male,6.836956737,10
Michael J. Kannengieser,white,male,2.77742682238931,7
Michael J. White,black,male,5.245513,1
Michael Jackson,black,male,8.00432137378264,10
Michael Jai White,black,male,6.09691,1
Michael Jordan,black,male,7.71767050300226,10
Michael Joseph Brown,black,male,4.59549622182557,3
Michael K. Williams,black,male,5.382017,1
Michael Kiwanuka,black,male,5.752816,1
Michael L. Martin Jr.,black,male,4.033424,5
Michael L. Williams Jr.,black,male,4.494155,1
Michael Lam,asian,male,5.675778,1
Michael Lewis,white,male,6.36735592102602,10
Michael M. Honda,asian,male,4.187521,1
Michael Marshall,black,male,5.693727,1
Michael Mejia,latino,male,4.96708,1
Michael Mnyameni,black,male,2.09691001300806,2
Michael Nutter,black,male,4.794488,1
Michael P. Anderson,black,male,4.944976,2
Michael Pena,latino,male,6.09691001300806,10
Michael Quansah,black,male,3.77815125038364,2
Michael Reeves,asian,male,5.619093,1
Michael Rogers,white,male,5.76863810124761,3
Michael Ryan,white,male,6.240549248,2
Michael S. Harper,black,male,4.697229,1
Michael Spinks,black,male,5.212188,1
Michael Strahan,black,male,6.16731733474818,3
Michael Summers,white,male,5.16731733474818,6
Micheal jordan,black,male,7.744293,1
Michele L. Rivera,latino,female,3.88986172125819,6
Micheline Jean Loui,black,female,0.954243,1
Micheline Jean Louis,black,female,4.02118929906994,10
Michelle Alexander,black,female,5.633468,1
Michelle Cliff,black,female,4.58206336291171,2
Michelle Cooper,black,female,5.53019969820308,2
Michelle Cruz-Rosado,latino,female,3.29885307640971,10
Michelle Malkin,asian,female,5.09691001300806,6
Michelle Marcos,latino,female,4.691081,1
Michelle McKinney Hammond,black,female,4.8494194137969,4
Michelle N. Onuorah,black,female,3.36361197989214,3
Michelle Obama,black,female,7.06069784035361,10
Michelle Phan,asian,female,5.35024801833416,5
Michelle Rodriguez,latino,female,6.559907,1
Michelle Sagara,asian,female,4.61172330800734,4
Michelle Shen,asian,female,4.30963,1
Michelle T. Bernard,black,female,3.550228,1
Michelle Wie,asian,female,5.36735592102602,2
Michelle Yeoh,asian,female,6.49136169383427,4
Michiko Katsu,asian,female,2.969882,1
Michio Kaku,asian,male,6.51719589794997,10
Midori Ito,asian,female,4.907949,1
Miguel Cotto,latino,male,5.693727,1
Miguel Nicolelis,latino,male,5.489958,1
Miguel Piñero,latino,male,5.025306,1
Miguel Reynolds Brandao,latino,male,2.64738297,10
Miguel Ruiz,latino,male,6.48995847942483,10
Miguel Syjuco,asian,male,4.64048143697042,10
Miguel de Icaza,latino,male,5.214844,1
Miguel Ángel Sáez Gutiérrez «Marino»,latino,male,0.954242509439325,3
Mika Yamamori,asian,female,5.26245109,10
Mike Epps,black,male,6.06445798922692,3
Mike Evans,black,male,6.4133,1
Mike Gayle,black,male,4.91275330367132,3
Mike Honda,asian,male,4.66181268553726,2
Mike Lew,asian,male,4.705008,1
Mike Shinoda,asian,male,6.10380372095596,5
Mike Singletary,black,male,5.58433122436753,1
Mike Tyson,black,male,7.40140054078154,10
Mikoto Kuga,asian,female,3.732394,1
Milagros Arce,latino,female,4.686636,1
Milarepa,asian,male,6.068186,2
Mildred D. Taylor,black,female,5.371068,1
Miles Davis,black,male,7.05690485133647,10
Milind K,asian,male,4.522444,3
Min Kim,asian,female,6.27875360095283,8
Minae Mizumura,asian,female,4.687529,7
Minako Ohba,asian,female,3.515874,1
Minari Endou,asian,female,3.958564,1
Mindy Kaling,asian,female,6.19033169817029,9
Mindy Ruiz,latino,female,3.868644,2
Mineko Iwasaki,asian,female,5.117271,1
Minesh Shakya,asian,male,2.8767949762007,2
Ming-Dao Deng,asian,male,4.54654266347813,5
Mingmei Yip,asian,female,5.029384,1
Minoru Furuya,asian,male,4.4843,1
Minoru Yamasaki,asian,male,5.3096301674259,2
Mira Jacob,asian,female,4.704151,1
Mira Nair,asian,female,5.86864443839483,3
Mirage,black,female,8.0086,1
Miri Yū,asian,female,3.736397,1
Miriam Defensor Santiago,asian,female,5.786751,4
Miriam Makeba,black,female,6.28780172993023,3
Mirza Sharafat Hussain Beigh,asian,male,2.98811284026835,4
Mirza Tahir Ahmad,asian,male,5.113943,1
Mishra Ankit,asian,male,4.98000337158375,3
Missy Elliott,black,female,6.66370092538965,4
Misty Copeland,black,female,5.91115760873998,6
Misty Daniel,black,female,4.451786,1
Mita Jain,asian,female,3.772322,2
Mithilesh Tiwari,asian,male,4.934498,1
Mitsu Suzuki,asian,female,4.683947,1
Miya Yamanouchi,asian,female,3.90471554527868,10
Miyakahi Hayao,asian,male,6.127105,1
Miyamoto Musashi,asian,male,6.49554433754645,10
Miyavi,asian,male,6.252853,1
Miyuki Miyabe,asian,female,5.338456,2
Mizan Chaudhury,asian,male,3.99299509843134,2
Mizu Sahara,asian,female,4.649335,1
Mizuho Kusanagi,asian,female,5.701568,1
Mizuki Nomura,asian,female,4.47712125471966,6
Mlungisi Simelane,black,male,3.90525604874845,10
Mmanti Umoh,black,female,4.06445798922692,4
Mo Farah,black,male,6.025305865,7
Mo Ibrahim,black,male,5.692846919,10
Mo Yan,asian,male,6.65030752313194,6
Moazzam Shaikh,asian,male,4.24303804868629,4
Mochamad Fathurizqon Mutiudin,asian,male,2.123852,1
Moffat Machingura,black,male,3.64542226934909,10
Mofoluwaso Ilevbare,black,female,3.878522,1
Mohamed Latiff Mohamed,asian,male,3.82607480270083,2
Mohammad Azharuddin,asian,male,5.30535136944662,2
Mohammad Hatta,asian,male,6.068186,1
Mohammad Rafiq Teli,asian,male,2.67577834167408,3
Mohammed Amjed Khan Abro,asian,male,1.84509804001426,2
Mohan Malkani,asian,male,3.518514,1
Mohandas Gandhi,asian,male,5.952792,1
Mohd Nayyer Rahman,asian,male,2.404834,1
Mohd Riyaz Ali,asian,male,3.19589965240923,2
Mohiro Kitoh,asian,male,4.702431,1
Mohit Bansal,asian,male,5.894316,1
Mohit Chauhan,asian,male,6.58433122436753,6
Mohit Dhaka,asian,male,4.079181,1
Mohit K. Misra,asian,male,3.380211,3
Mohit Manke,asian,male,3.42488163663107,4
Mohit Parikh,asian,male,3.55750720190566,3
Mohit Sharma,asian,male,6.70757,1
Mohith Agadi,asian,male,4.67760695272049,10
Mohnish Pabrai,asian,male,5.757396,1
Mohsin Hamid,asian,male,5.46239799789896,9
Moisés Naím,latino,male,5.227887,2
Mokhtar Dahari,asian,male,5.912222,1
Mokokoma Mokhonoana,black,male,4.81624129999178,10
Mona Singh,asian,female,5.775974,1
Mongkut,asian,male,6.017033,1
Monica Alexander,black,female,5.220108,1
Monica Chrisandtras Hines,black,female,2.74741180788642,2
Monica Denise Brown,black,female,3.767898,1
Monice Mitchell Simms,black,female,3.549003,1
Monique Truong,asian,female,4.562293,1
Monish Bhalla,asian,male,3.839478047,2
Monojit Dutta,asian,male,4.669317,1
Montague Brown,black,male,4.624282,1
Mooji,black,male,5.91169,1
Moon-kie Jung,asian,male,3.991226,1
Moonish Sood,asian,male,3.60852603357719,6
Mopelola Adeniyi,black,female,3.35024801833416,3
Mora Early,latino,female,3.80821097292422,6
Morgan Freeman,black,male,6.96614173273903,10
Morgan Parker,black,female,5.08278537,2
Morihei Ueshiba,asian,male,5.9484129657786,10
Morinosuke Kawaguchi,asian,male,3.61489721603314,5
Morolayo Anne Owoputi,black,female,5.287802,1
Morris Chestnut,black,male,5.77305469336426,3
Mos Def,black,male,6.33041377334919,9
Moses Tiko Lungu,black,male,1.7160033436348,2
Mr Ping,asian,male,5.726727,1
Mr. T,black,male,6.980912,1
Mradul Srivastava,asian,male,3.344392,1
Mu Xin,asian,female,5.459392,1
Muditha Champika,asian,male,2.87966920563205,4
Muhammad Ali,black,male,7.77670118398841,10
Muhammad Ali Jinnah,asian,male,6.29446622616159,10
Muhammad Ali Malin,black,male,0.90309,1
Muhammad Faizan Khan.,asian,male,4.90363251608424,2
Muhammad Imran Hasan,asian,male,4.07918124604763,10
Muhammad Iqbal,asian,male,7.01283722470517,10
Muhammad Tahir-ul-Qadri,asian,male,5.8481891169914,3
Muhammad Tariq Majeed,asian,male,4.811575,1
Muhammad Yunus,asian,male,6.34044411484012,10
Muhammad bin Muhammad,asian,male,6.324282,1
Muhammed Muazu Mukaddas,black,male,1.79239168949825,6
Muhhamad Ali,black,male,7.770115,1
Mukesh Kwatra,asian,male,3.544068,2
Mullk Raj Anand,asian,male,5.49276,1
Muni Natarajan,asian,male,3.02530586526477,6
Munia Khan,asian,female,5.00432137378264,10
Munindra Misra,asian,male,4.38560627359831,10
Munshi Premchand,asian,male,6.02118929906994,5
Murakami Haruki,asian,male,6.257679,1
Murari Sharma,asian,male,5.1959,1
Murasaki Shikibu,asian,female,6.17609125905568,6
Murong Xuecun,asian,male,4.65896484266444,2
Musin Almat Zhumabekovich,asian,male,3.149219113,3
Musiq Soulchild,black,male,6.217484,1
Mutia Prawitasari,asian,female,3.212188,1
Mwai Kibaki,black,male,6.08636,1
Mychal Denzel Smith,black,male,4.69722934275972,2
Myles Munroe,black,male,6.178977,10
Mystikal,black,male,6.243038,1
N. K. Jemisin,black,female,6.13987908640124,10
N. R. Narayana Murthy,asian,male,6.029383778,8
N.D. Jones,black,female,4.59769518592551,5
Nacho LIbre,latino,male,6.214844,1
Nadeem Aslam,asian,male,5.44247976906445,10
Nadia Dewi Damayanti,asian,female,1.959041,1
Nadun Lokuliyanage,asian,male,2.81888541459401,9
Nadège Richards,black,female,4.06818586174616,10
Nafisa Joseph,asian,female,3.857935,2
Nagaru Tanigawa,asian,male,5.10037054511756,2
Nagendra Kumar Y,asian,male,3.638489,1
Naima Simone,black,female,5.20411998265593,10
Naishadh A. Gajjar,asian,male,1,1
Najib Razak,asian,male,6.06445798922692,5
Nakamura Shungiku,asian,female,5.025306,1
Nakia R. Laushaul,black,female,3.18752072083646,6
Nalini Singh,asian,female,5.59988307207369,10
Nalo Hopkinson,black,female,5.3654879848909,4
Nam June Paik,asian,male,6.143015,1
Naman Rastogi,asian,male,4.170262,1
Nami Mun,asian,female,4.35602585719312,2
Namie Amuro,asian,female,6.5092025223311,2
Namjoon,asian,male,7.10721,1
Namkhai Norbu,asian,male,5.906874,1
Namrata,asian,female,6.95376,1
Namrata Kumari,asian,female,4.75587485567249,2
Namsoon Kang,asian,female,3.682145,10
Nana Ama Amamoo,black,female,2.519828,1
Nana Awere Damoah,black,male,4.23044892137827,10
Nana cwame Aboagye,black,male,3.718502,1
Nanao Sakaki,asian,male,4.43296929087441,2
Nancy Arroyo Ruffin,latino,female,3.30102999566398,6
Nancy Gavilanes,latino,female,4.618048,1
Nancy Lopez,latino,female,6.42324587393681,2
Nandan Nilekani,asian,male,6.071882,1
Nandini,asian,female,7.320146,1
Nandini Deka,asian,female,3.989005,1
Nando Parrado,latino,male,5.42651126136457,3
Nanyue Huairang,asian,male,3.702431,1
Naoki Higashida,asian,male,5.25527250510331,5
Naoki Urasawa,asian,male,6.255273,1
Naoko Takeuchi,asian,female,5.87852179550121,2
Naomi Campbell,black,female,6.81291335664286,5
Naomi Jackson,black,female,4.769377,1
Naomie Harris,black,female,6.67394199863409,2
Naoto Kan,asian,male,5.334454,1
Naoyuki Ochiai,asian,male,4.025305865,5
Narayan Liu,asian,male,3.993877,1
Narciso Rodriguez,latino,male,7.193125,1
Narender Singh Negi,asian,male,4.834421,2
Narendra Modi,asian,male,7.67024585307412,9
Narendran S,asian,male,4.4843,1
Naresh Sharma,asian,male,6.178977,1
Naresh Soni,asian,male,5.403121,2
Narjit Singh,asian,male,3.91328390176042,2
Nas,black,male,9.10380372095596,10
Nat King Cole,black,male,6.97909290063833,7
Nat Turner,black,male,6.155336,1
Natalie Cole,black,female,6.58092497567562,4
Natalie Martinez,latino,female,5.832509,1
Natalie Valdes,latino,female,4.643453,1
Natalie Wee,asian,female,4.57170883180869,2
Natasha Ahmed,asian,female,4.746634,1
Natasha Dao,asian,female,3.269513,1
Natasha Trethewey,black,female,4.87448181769947,9
Nate Parker,black,male,5.15533603746506,3
Nate Robinson,black,male,5.641474111,3
Nathalie M. Llanto,asian,female,2.76267856372744,2
Nathan Harris,black,male,5.357935,1
Nathan McCall,black,male,4.25042000230889,3
Nathanael Kanyinga,black,male,1.63346845557959,5
Natsuki Kizu,asian,female,5.623249,2
Natsuki Takaya,asian,female,5.64640372622307,9
Natsuo Kirino,asian,female,5.46239799789896,4
Natuski Takaya,asian,female,5.644439,1
Naty Matos,latino,female,4.123852,1
Naval Ravikant,asian,male,5.706718,1
Naveen Andrews,asian,male,5.380211,1
Naveen Jain,asian,male,5.71767050300226,10
Naveen Kumar,asian,male,6.843233,1
Naveen Mayura,asian,male,2.609594,1
Navin M. Karmarkar,asian,male,2.235528,1
Navjot Singh Sidhu,asian,male,6.20951501454263,4
Navjyot Kaur,asian,female,4.439333,1
Nawab Shafath Ali Khan,asian,male,3.536558,1
Nawazuddin Siddiqui,asian,male,6.23044892137827,2
Naya Rivera,latino,female,5.88366143515362,2
Naya S.,latino,female,5.08278537,2
Nayan Chanda,asian,male,4.719331,1
Nayeem Khan,asian,male,5.711807,1
Nayomi Munaweera,asian,female,4.721811,3
Nazim Ambalath,asian,male,3.55509444857832,10
Nazmul Ahmed Noyon,asian,male,3.894316,1
Ncumisa Mdlokolo,black,female,3.354108,1
Ndiritu Wahome,black,male,3.07188200730613,10
Ne-Yo,black,male,6.78103693862113,2
Neel Mukherjee,asian,male,5.1846914308176,2
Neelam Saxena Chandra,asian,female,4.20411998265593,10
Neeraj Bhanot,asian,male,3.87621784059164,3
Neetal Parekh,asian,female,4.00860017176192,2
Neetesh Dixit,asian,male,3.41329976408125,10
Neetu Sugandh,asian,female,3.621176,1
Negro Saying,black,male,3.313867,1
Neha Chaudhary,asian,female,5.630428,1
Neha Daraad,asian,female,2.480007,1
Neha Tariq,asian,female,3.749736,1
Nehali Lalwani,asian,female,3.13672056715641,6
Neil Nakadate,asian,male,3.603144,1
Neil Pasricha,asian,male,5.152288,1
Neil Velez,latino,male,4.732394,1
Neil deGrasse Tyson,black,male,6.8767949762007,10
Nella Larsen,black,female,5.22271647114758,7
Nelly,black,male,8.01283722470517,2
Nelo Igboejesi,black,male,1.886491,1
Nelson Mandel,black,male,7.372912,1
Nelson Mandela,black,male,7.387389826,10
Newton Kibiringi,black,male,2.31386722036915,2
Newton Lee,asian,male,4.78958071216443,10
Newton Sutradhar,asian,male,3.089905,1
Neymar,latino,male,8.056905,1
Ngina Otiende,black,female,4.04139268515823,10
Ngũgĩ wa Thiong’o,black,male,5.69983772586725,4
Nhat Hanh,asian,male,6.591064607,6
Nia Forrester,black,female,4.20412,1
Nica Anarna,asian,female,2.924279,1
Nicanor Parra,latino,male,5.876218,2
Nichiren Daishonen,asian,male,5.78533,1
Nick Cannon,black,male,6.35218251811136,5
Nick Nwaogu,black,male,2.959041,1
Nicki Minaj,black,female,8.02118929906994,10
Nicko Widjaja,asian,male,4.029384,1
Nicky Jam,latino,male,6.876218,1
Nicola Adams,black,female,5.240549,1
Nicola An,asian,male,4.668385917,9
Nicola Yoon,black,female,6.22788670461367,10
Nicole Ari Parker,black,female,5.81291335664286,3
Nicole C. Calhoun,black,female,3.311754,1
Nicole Castro,latino,female,5.6730209071289,2
Nicole Dennis-Benn,black,female,4.850033,1
Nicole Garcia,latino,female,6.120574,1
Nicole Williams,black,female,6.06069784035361,2
Nicolás Gómez,latino,male,5.667453,1
Nicolás Gómez Dávila,latino,male,4.76192783842053,10
Nidhi Khanna,asian,female,4.848189,1
Nidhie Sharma,asian,female,3.69108149212297,4
Nigar Siddiqui,asian,female,3.77959649125782,3
Niger Innis,black,male,3.607455,1
Nigerian Proverb,black,male,4.961895,1
Nihaarika Singh,asian,female,3.176091,1
Nike Campbell-Fatoki,black,female,3.296665,1
Nikesh Kotian,asian,male,2.906335,1
Nikesh Shukla,asian,male,5.09342168516223,2
Nikhil Bhardwaj,asian,male,5.149219113,10
Nikhil Karke,asian,male,2.36361197989214,5
Nikhil Kumar,asian,male,6.572872,1
Nikhil Kushwaha,asian,male,4.89707700320942,2
Nikhil Sharda,asian,male,3.87390159786446,8
Nikhil Shrivastava,asian,male,4.64542226934909,5
Nikhil Yadav,asian,male,5.91645394854993,2
Nikita Gill,asian,female,5.42651126136457,10
Nikki Giovanni,black,female,5.66370092538965,10
Nikki Grimes,black,female,4.930439595,2
Nikki Turner,black,female,5.071882,1
Nilantha Ilangamuwa,asian,male,4.11394335230684,10
Nile Rodgers,black,male,6.45178643552429,3
Nilesh Rathod,asian,male,5.178976947,10
Nilesh Sakpal,asian,male,3.71516735784846,2
Nilesh jain,asian,male,5.44248,2
Nimesh Singh,asian,male,4.296665,1
Nina Ardianti,asian,female,4.22271647114758,7
Nina García,latino,female,5.56110138364906,3
Nina Guilbeau,black,female,3.61909333062674,6
Nina Joshi Ramsey,asian,female,2.91328390176042,3
Nina Simone,black,female,6.91169015875386,5
Ninotchka Rosca,asian,female,4.672098,1
Nipsey Russell,black,male,4.856729,1
Niq Mhlongo,black,male,4.621176,1
Niquenya D. Fulbright,black,female,3.209515,1
Nirab karki,asian,male,2.64048143697042,2
Nirav Sanchaniya,asian,male,3.13672056715641,5
Nirja,asian,female,5.591064607,2
Nirmala,asian,female,7.30319605742049,3
Nirmala Pandey,asian,female,4.862728,1
Nisargadatta Maharaj,asian,male,6.053078443,4
Nishant Agrawal,asian,male,4.960946,1
Nishant Gupta,asian,male,6.245513,1
Nishi Singh,asian,female,5.38560627359831,2
Nishikant,asian,male,6.21218760440396,9
Nita Ambani,asian,female,6.38201704257487,3
Nitesh Aggarwaal,asian,male,4.933993,1
Nitesh Sabne,asian,male,2.22788670461367,4
Nithin Kumar,asian,male,5.611723,1
Nitika Sharma,asian,female,5.396199,1
Nitin Kumar,asian,male,6.70500795933334,2
Nitin Nohria,asian,male,5.136721,1
Nitin Sharma,asian,male,6.423246,1
Nitin Yadav,asian,female,6.03342375548695,3
Nitin Yaduvanshi,asian,male,4.47129171105894,7
Nitish Andola,asian,male,3.260071,1
Nitya Prakash,asian,male,4.7930916,5
Nityananda Das,asian,male,5.25042000230889,10
Niurka,latino,female,6.56937390961505,4
Nkem Paul,black,male,3.99956548822598,5
Nkosinathi Mehlomakulu,black,male,2.170262,1
Nnamdi Azikiwe,black,male,6.728354,1
Nnedi Okarafor,black,female,5.931458,1
Nnedi Okorafor,black,female,5.931458,6
Nnedi Okorafor-Mbachu,black,female,3.923244,1
Nneka,black,female,6.591065,1
NoViolet Bulawayo,black,female,5.31806333496276,8
Nobita Nobi,asian,male,6.041393,1
Nobu Matsuhisa,asian,male,5.66370092538965,3
Nobuhiro Watsuki,asian,male,5.61909333062674,8
Nobuo Uematsu,asian,male,6.176091,1
Nobuyuki Fukumoto,asian,male,4.94890176097021,5
Noel DeJesus,latino,male,4.37657695705651,10
Noemie Lenoir,black,female,5.187521,1
Nojiko Hayakawa,asian,female,3.689309,1
Nomthandazo Tsembeni,black,female,3.079181,7
Nomzamo Nhlumayo,black,female,2.07554696139253,7
Nonito Donaire,asian,male,5.804821,1
Noormohammad Bhuayan,asian,male,3.51982799377572,6
Nor Sanavongsay,asian,male,3.61909333062674,3
Norah Jones,asian,female,6.580925,1
Norhafsah Hamid,asian,female,5.11727129565576,10
Norlito Baclayen,asian,male,2.487138,1
Norman Lewis,black,male,5.488551,1
Normani Kordei,black,female,5.47275644931721,2
Norodom Sihamoni,asian,male,5.873902,1
Norodom Sihanouk,asian,male,5.900367,1
Norris Henderson,black,male,4.243038,1
Novala Takemoto,asian,male,4.65801139665711,10
Novia Ratnasari,asian,female,3.722634,1
Novoneel Chakraborty,asian,male,4.85186960072977,4
Ntambara Sylvestre Owen Berbason,black,male,2.34830486304816,5
Nthabiseng Motjamela,black,female,2.466868,1
Ntozake Shange,black,female,5.67024585307412,5
Nuruddin Ushawu,black,male,0,1
Nurudeen Ushawu,black,male,3.79098847508882,10
Nury Vittachi,asian,male,4.95472479097906,2
Nusrat Fateh Ali Khan,asian,male,6.72181061521255,2
Nusrat Sultana,asian,female,5.390935,1
Nyambi Nyambi,black,male,5.303196,1
Nydia Velazquez,latino,female,5.35983548233989,2
Nyogen Senzaki,asian,male,5.371068,1
Nāgārjuna,asian,male,7.089905,4
O Thiam Chin,asian,male,4.10721,1
O. J. Simpson,black,male,6.58206336291171,6
Obehi Peter Ewanfoh,black,male,2.96754797621886,2
Obie Trice,black,male,6.017033,1
Obiora Embry,black,male,3.262451,3
Oche Otorkpa,black,male,3.78532983501077,10
Ochiai Naoyuki,asian,male,3.761176,1
Octavia Butler,black,female,5.80413943233535,2
Octavia E. Butler,black,female,5.69635638873333,10
Octavia Spencer,black,female,6.08278537,4
Octavio Paz,latino,male,6.35218251811136,9
Oda Eiichiro,asian,male,6.079181,1
"Odell Beckham, Jr.",black,male,6.41995574848976,2
Ogwo David Emenike,black,male,3.84198480459011,10
Oikawa Tooru,asian,male,6.08636,1
Ojo Michael E.,black,male,2.81291335664286,3
Okakura Kakuzo,asian,male,5.271842,1
Okey Ndibe,black,male,5.04921802267018,5
Olabisi Obideyi,black,female,3.873321,1
Olaotan Fawehinmi,black,male,3.451786,10
Olarewaju Oladipo,black,male,3.61489721603314,3
Olasunkanmi Ayanmo,black,male,1.716003,1
Olawale Daniel,black,male,4.69635638873333,10
Olawale Robyns,black,male,2.994757,1
Olga Núñez Miret,latino,female,3.99956548822598,2
Olisa Ufondu,black,male,2.731589,1
Oliver Tambo,black,male,5.50379068305718,2
Oliver Thomas,black,male,5.567026,1
Olivia Munn,asian,female,6.257679,2
Olojo Daniel Olatunji,black,male,2.90145832139611,2
Olufemi Olumide,black,male,4.212188,1
Olugbenga michael adepoju,black,male,2.55144999797288,2
Olumide Lawrence,black,male,4.235528,1
Olusegun Obasanjo,black,male,6.409933,2
Oluseyi Akinbami,black,male,2.86628733908419,3
Om Puri,asian,male,6.103804,1
Omar Bongo,black,male,5.95085145888855,4
Omar Epps,black,male,5.94250410616808,2
Omar Tyree,black,male,4.948902,1
Omari Hardwick,black,male,6.04532297878666,6
Omoakhuana Anthonia,black,female,3.65127801399814,10
Omondi Ochuka,black,male,3.942504,1
Omoruyi Uwuigiaren,black,male,3.920123,3
Ondjaki,black,male,5.149219113,3
Onkar K Khullar,asian,male,1.88649072517248,7
Ono no Komachi,asian,female,5.1846914308176,1
Onyi Anyado,black,male,3.72835378202123,10
Ookbee founder,asian,male,1.716003,1
Ophelia A. Tannor,black,female,0.90309,1
Ophelia T. Starks,black,female,2.09691,1
Oppong Amankwaa,black,male,2.99738638439731,7
Oprah Winfrey,black,female,6.96331551138611,10
Oprah Winfrey on Maya Angelou,black,female,1.959041,1
Orchid Ch'ng,asian,female,2.298853,1
Oreki Houtarou,asian,male,5.639486,1
Oreo Queen,black,female,3.92941892571429,2
Orlando Ortega-Medina,latino,male,3.889862,1
Orlando Ricardo Menes,latino,male,3.834421,1
Ornette Coleman,black,male,6.46089784275655,2
Orosa Nakpil Malate,asian,female,3.509203,1
Orville Lloyd Douglas,black,male,3.240549,1
Osamu Dazai,asian,male,6.53402610605614,10
Osamu Tezuka,asian,male,6.572871602,3
Osayi Emokpae Lasisi,black,male,2.95856388322197,10
Osazee Williams Omoregie,black,male,2.57518784492766,2
Oscar A. Romero,latino,male,4.911158,1
Oscar Bimpong,black,male,3.9237619608287,10
Oscar De La Hoya,latino,male,6.48287358360875,2
Oscar Hijuelos,latino,male,5.123852,1
Oscar Isaac,latino,male,6.91275330367132,2
Oscar Robertson,black,male,5.75204844781944,2
Oshada Shashika,asian,male,2.082785,1
Osho,asian,male,7.2380461031288,10
Osho Samuel Adetunji,black,male,3.51321760006794,8
Osric Chau,asian,male,5.439333,1
Ossie Davis,black,male,5.47712125471966,3
Osunsakin Adewale,black,male,2.54032947479087,10
Otani Lovely Complex,asian,male,3.794488,1
Otis Moss III,black,male,5.037426,1
Otsuichi,asian,male,5.50379068305718,8
Owen Arthur,black,male,5.274158,1
P. Chidambaram,asian,male,5.86805636182304,5
P. Dinakara Rao,asian,male,2.71180722904119,2
P.A. Shah,asian,male,4.892651,1
P.B.S. Pinchback,black,male,4.146128,1
P.G. Mathew,asian,male,3.62634036737504,2
P.J. Patterson,black,male,5.31597,1
P.R. Sarkar,asian,male,5.012837,1
PK gyewu Akrofi,black,male,0.845098,1
Pablo,latino,male,8.645422,10
Pablo Andrés Wunderlich Padilla,latino,male,4.149219113,2
Pablo Escobar,latino,male,6.923761961,7
Pablo Lozano Brito,latino,male,0.845098,1
Pablo Neruda,latino,male,6.80071707828238,9
Paco Ignacio Taibo II,latino,male,5.758912,1
Padma Lakshmi,asian,female,5.893207,7
Padma Venkatraman,asian,female,4.95712819767681,3
Padma Viswanathan,asian,female,4.389166,1
Pak Ho,asian,male,6.285557,1
Palaniappan Chidambaram,asian,male,4.634477,1
Palash Chowdhury,asian,male,4.920123,1
Pallam Raju,asian,male,4.909556,1
Pallav Gautam,asian,male,2.52763,2
Pam Grier,black,female,6.14301480025409,2
Pam Muñoz Ryan,latino,female,5.374748,2
Panashe Chigumadzi,black,female,4.41497334797082,5
Pang-Mei Natasha Chang,asian,female,3.918555,1
Pankaj Gupta,asian,male,6.60097289568675,2
Pankaj Mishra,asian,male,5.72591163229505,9
Pankaj Sundali,asian,male,2.017033,1
Pankaj Suneja,asian,male,3.729165,1
Paola Kaufmann,latino,female,3.702431,1
Paola Marie M.,latino,female,2.919078,1
Papaji,asian,male,5.702431,1
Paradise Kiss,asian,female,5.962843,1
Parag Ravikant Kaveri,asian,male,2.744293,1
Parag Tipnis,asian,male,3.34439227368511,2
Param Vyas,asian,male,3.519828,1
Paramahamsa Nithyananda,asian,male,5.103804,1
Paramahansa Yogananda,asian,male,6.52762990087134,10
Paras Soni,asian,male,4.783189,1
Parashar Pandya,asian,male,3.16731733474818,3
Pardhu Madipalli,asian,male,2.996949,1
Paresh Shah,asian,male,5.9903388547876,5
Park Chan-wook,asian,male,6.28780172993023,3
Park Geun-hye,asian,female,6.164353,3
Park Shin-hye,asian,female,6.35793484700045,2
Parna Chowdhury,asian,female,3.99343623049761,2
Parul Agrawal,asian,female,5.004321,1
Parul Wadhwa,asian,female,3.79726754083072,10
Parvathy Nambiyar,asian,female,4.372912,1
Parvesh Cheena,asian,male,5.243038,1
Parwez Musharraf,asian,male,5.658011,1
Pastor Adelaja Sunday,black,male,2.57170883180869,10
Pastor Maldonado,latino,male,5.399674,1
Pastor Simeon Nwani,black,male,1.579784,1
Pat Morita,asian,male,5.522444,1
Patañjali,asian,male,5.34830486304816,4
Patrice M. Foster,black,female,4.184691,1
Patrice Motsepe,black,male,6.093422,1
Patrice Nganang,black,male,4.96426,1
Patrice O’Neal,black,male,5.146128,1
Patricia C. McKissack,black,female,4.91275330367132,2
Patricia Engel,latino,female,4.654177,1
Patricia Raybon,black,female,4.962843,2
Patricia Riggen,latino,female,5.22530928172586,3
Patricia Sequeira Belvel,latino,female,3.158362,1
Patricia Velasquez,latino,female,5.55509444857832,2
Patricio Maya,latino,male,3.737193,1
Patrick Chan,asian,male,5.350248,1
Patrick L. Turner,black,male,4.238046,1
Patrick L.O. Lumumba,black,male,3.322219,1
Patrick Mendis,asian,male,4.23299611039215,10
Patrick Soon-Shiong,asian,male,5.5092025223311,2
Patrick Yee,asian,male,4.989005,1
Patsy Asuncion,asian,female,3.445604,1
Patti LaBelle,black,female,6.28780172993023,5
Patty Chang Anker,asian,female,3.563481,1
Paul Bamikole,black,male,4.15836249209525,10
Paul Beatty,black,male,5.15836249209525,2
Paul Biya,black,male,6.674861,1
Paul Enenche,black,male,6.3747483460101,3
Paul Gitwaza,black,male,5.120573931,10
Paul Ian Guillermo,latino,male,2.998259,1
Paul Kagame,black,male,6.661813,3
Paul Kalanithi,asian,male,5.81624129999178,10
Paul Mooney,black,male,5.369216,2
Paul Pedroza,latino,male,3.882525,1
Paul Pierce,black,male,6.305351,1
Paul Robeson,black,male,6.00432137378264,3
Paul Rodriguez,latino,male,6.16136800223498,2
Paul Yoon,asian,male,4.717671,1
Paule Marshall,black,female,4.69196510276736,2
Pauli Murray,black,female,5.209515,1
Paulina Rubio,latino,female,6.214844,1
Pavan Choudary,asian,male,4.206826,1
Pavani,asian,female,6.614897,1
Pavitraa Parthasarathy,asian,female,2.47129171105894,8
Pawan Kalyan,asian,male,6.874482,1
Pawan Mehra,asian,male,4.96094619573383,9
Pawan Mishra,asian,male,5.87273882747267,10
Pawan Painjane,asian,male,2.576341,3
Pawan Parashar,asian,male,4.322219295,2
Payal Kadakia,asian,female,4.74036268949424,5
Paz Vega,latino,female,5.995635,1
Peabo Bryson,black,male,6.283301,1
Pearl Bailey,black,female,5.51851393987789,8
Pearl Cleage,black,female,5.11058971029925,4
Pearl Zhu,asian,female,4.09342168516223,10
Pedro A. Pérez Raymond,latino,male,2.83442070368153,2
Pedro Hugo García Peláez,latino,male,3.440909,1
Pedro Juan Gutiérrez,latino,male,5.190332,1
Pedro Luis Adames Valdez,latino,male,3.09691,1
Pedro Martinez,latino,male,6.596597,2
Pedro Okoro,black,male,3.55509444857832,10
Pedro Perry,latino,male,3.79379,1
Pelé,black,male,8.245512668,5
Pema Lungtok Gyatso,asian,male,2.774517,1
Peng Liyuan,asian,female,5.898176,1
Penwell Chiloane,black,male,1.69897,1
Peprah Boasiako,black,male,2.90471554527868,10
Periyar E.V. Ramasamy,asian,male,4.95616843047536,10
Persis Khambatta,asian,female,5.23299611039215,2
Pervez Musharraf,asian,male,5.66931688056611,2
Pete Gallego,latino,male,4.29446622616159,2
Peter Adejimi,black,male,2.78958071216443,9
Peter Ajisafe,black,male,4.759668,1
Peter Akinti,black,male,3.30102999566398,4
Peter Isekiigbe DE Rock,black,male,1.54406804435028,5
Peter Lopez Jr.,latino,male,3.711807,2
Peter Mutanda,black,male,3.510545,1
Peter Ojo Opatewa,black,male,0.778151,1
Peter Tieryas,asian,male,4.58883172559421,10
Peter Tosh,black,male,6.287802,1
Peter Washington,black,male,5.041393,1
Petina Gappah,black,female,4.93247376467715,3
Pharrell Williams,black,male,7.34830486304816,9
Philen Naidu,asian,male,3.346353,1
Philip Chen,asian,male,5.049218,1
Philip Emeagwali,black,male,4.89542254603941,3
Philip James Bailey,black,male,5.07918124604763,9
Philip Wang,asian,male,4.705008,1
Phillipa Soo,asian,female,6.240549248,2
Phindiwe Nkosi,black,female,3.16136800223497,8
Phumi Ngwane,black,female,2.68214507637383,6
Phylicia Rashad,black,female,5.66464197555613,4
Phyllis Yvonne Stickney,black,female,4.689309,1
Phạm Đức Trung Kiên,asian,male,4.322219,1
Pico Iyer,asian,male,5.28103336724773,9
Pierce the Veil,latino,male,6.71180722904119,3
Pintu shaw,asian,male,4.582063,1
Pitbull,latino,male,8.06818586174616,6
Pixie Lynn Whitfield,black,female,2.992111488,3
Piyush Kaviraj,asian,male,2.758912,1
Piyush Negi,asian,male,4.25527250510331,2
Piyush Paudyal,asian,male,2.97034687623009,2
Piyush Shrivastav,asian,male,4.387389826,4
Placido Domingo,latino,male,6.149219113,3
Pooja A.H.,asian,female,3.545307,1
Pooja Bhatia,asian,female,5.38739,1
Pooja Hegde,asian,female,6.702431,1
Pooja Mottl,asian,female,3.506505,1
Pooja Nansi,asian,female,4.164353,1
Pooja Perumal,asian,female,3.45788189673399,3
Pooja Ruprell,asian,female,3.15228834438306,10
Poonam Dhandhania,asian,female,3.4996870826184,3
Poonam Parihar,asian,female,4.307496,1
Prabakaran,asian,male,6.170262,1
Prabakaran Thirumalai,asian,male,3.57403126772772,10
Prabhavananda,asian,male,4.72835378202123,2
Prabhu Subramanian,asian,male,4.07554696139253,2
Prabhukrishna M,asian,male,2.17026171539496,10
Prachi Bhattacharya Subnani,asian,female,0.954243,1
Prachi Prangya Agasti,asian,female,3.41162,2
Pradeep,asian,male,7.719331,1
Pradeep Chaswal,asian,male,3.394452,1
Pradeep Kumar,asian,male,6.91698,1
Pradeep Panayal,asian,male,1.857332,1
Pragnya Sahoo,asian,female,3.550228,1
Prajakta Mhadnak,asian,female,3.136721,5
Prakash Guru,asian,male,4.567026,1
Prakash Hegade,asian,male,3.89376176205794,4
Prakhar Bansal,asian,male,4.40654,1
Prakhar Srivastav,asian,male,4.2380461031288,7
Pramila Jayapal,asian,female,6.170262,1
Pramod Verma,asian,male,5.48000694295715,2
Pramoedya Ananta Toer,asian,male,6.09342168516223,10
Pramukh Swami Maharaj,asian,male,5.672098,1
Pras Michel,black,male,5.836324,1
Prasad Rajendra Setty,asian,male,1.982271,1
PrasannaNPK,asian,male,3.71349054309394,2
Prasanth KPS,asian,male,2.540329,1
Prasetya Ramadhan,asian,male,4.305351,1
Prashant Balan,asian,male,3.100371,1
Prashant Chopra,asian,male,4.68214507637383,6
Prashant Dev,asian,male,4.390935,1
Prashant Joshi,asian,male,5.510545,1
Prashant Kumar,asian,male,6.764176,1
Prashant Sonavane,asian,male,4.056905,1
Prashant Yadav,asian,male,6.09691001300806,3
Prateek Singh,asian,male,5.933993,1
Prateek Tripathi,asian,male,4.737987,1
Prateek Vyas,asian,male,4.225309,1
Prathamesh Patil,asian,male,5.201397,2
Prathap Kamath,asian,male,0.30103,1
Pratheepan Gulasekaram,asian,male,3.851258,1
Prathima Bhandary,asian,female,2.4456042032736,3
Prathmesh,asian,male,6.534026,1
Pratibha Patil,asian,female,5.29003461136252,3
Pratibha Ray,asian,female,4.96426,1
Pratik Akkawar,asian,male,2.83821922190763,7
Pratik Patil,asian,male,5.50785587169583,2
Pratyush Singh,asian,male,5.12385164096709,4
Praveen Chenna,asian,male,3.70500795933334,9
Praveen Kumar,asian,male,6.97127584873811,3
Pravin Agarwal,asian,male,4.56229286445647,6
Pravinee Hurbungs,asian,female,3.26951294421792,9
Prechard Mhako,black,male,3.10720996964787,2
Preet Bharara,asian,male,5.184691,1
Preeth Nambiar,asian,male,3.49415459401844,9
Preethi Venugopala,asian,female,3.835056,1
Preeti Bhonsle,asian,female,3.29666519026153,5
Preeti Mishra,asian,female,5.988113,1
Preeti Simran Sethi,asian,female,3.278754,1
Preetilata Kumari,asian,female,2.39619934709574,3
Preity Zinta,asian,female,6.536558,1
Prem,asian,male,8.060698,1
Prem Kishore,asian,male,5.324282,1
Prem Prakash,asian,male,6.45484486,8
Prem Rawat,asian,male,5.93399316383124,4
Premchand Shetty,asian,male,2.51188336097887,6
Preneet Kaur,asian,female,5.252853,1
Prentiss Upmost Harris,black,male,0.477121,1
Prerak Trivedi,asian,male,3.90794852161227,5
Prerna Banswal,asian,female,1.732394,1
Prerna Kumar,asian,female,4.245513,1
Prerna Sharma,asian,female,5.73239375982297,4
Prince,black,male,8.90741136077459,9
Prince Akwarandu,black,male,3.19033169817029,6
Prince Ea,black,male,5.34242268082221,6
Prince Fielder,black,male,5.424882,1
Prince Ojong,black,male,3.820201,1
Prince Royce,latino,male,6.781755,1
Prince-Alex Iwu,black,male,3.071882,1
Priscilla Koranteng,black,female,3.94448267215017,9
Priscilla Shirer,black,female,5.907411,1
Pritam Banikk,asian,male,3.117271,2
Pritam Ganguly,asian,male,4.281033,1
Pritesh Patil,asian,male,4.63749,1
Priya Ardis,asian,female,3.75358305889291,9
Priya Kumar,asian,female,5.267172,1
Priya Malik,asian,female,5.531479,1
Priya Parmar,asian,female,4.89652621748955,3
Priya Sharma,asian,female,6.594393,1
Priyanka Bhowmick,asian,female,4.819544,1
Priyanka Chopra,asian,female,7.26717172840301,5
Priyanka Deshmukh,asian,female,5.037426,1
Priyanka Naik,asian,female,5.079181,1
Priyansh Shah,asian,male,4.24303804868629,4
Priyavrat Thareja,asian,male,3.51982799377572,10
Priyavrat Thareja- The Temple of TQM,asian,male,0,2
Professor Quy Huy INSEAD,asian,male,1.740363,1
Prophetess Dina Rolle,black,female,3.2380461031288,7
Psy,asian,male,7.94497590841205,4
Psyche Roxas-Mendoza,asian,female,3.855519156,10
Ptah-Hotep,black,male,5.017033,1
Pubudu Lasal Dissanayake,asian,male,2.372912,1
Puerto Rican Princess,latino,female,5.683947,1
Pulkit Patel,asian,male,4.19865708695442,2
Puneet Arora,asian,male,5.322219295,2
Purba Chakraborty,asian,female,4.318063,1
Purushothaman Kollam,asian,male,4.30319605742049,2
Pushkar Ganesh Vaidya,asian,male,2.96754797621886,6
Pushkar Saraf,asian,male,3.56348108539441,10
Pushpa Ranana,asian,male,0.60206,1
Pushpendra Mehta,asian,male,3.944483,1
Putu Satria Jaya Guna,asian,male,2.346353,1
Putu Wijaya,asian,male,5.460898,1
Q-Tip,black,male,6.713491,1
Qaisar Iqbal Janjua,asian,male,3.587711,1
Qandeel khokher,asian,female,0.30103,1
Qasim Raza Qadri,asian,male,4.3324384599156,3
Qiu Miaojin,asian,female,4.836957,2
Qiu Xiaolong,asian,male,5.15836249209525,2
Qizhi Chen,asian,female,4.330414,1
Quadidra S. Williams,black,female,2.597695,1
Quaid-e-Azam Muhammad Ali Jinnah,asian,male,6.017033,1
Quang Nguyen,asian,male,6.352183,1
Quavo,black,male,6.902547,2
Queen Latifah,black,female,6.53147891704226,10
Questlove,black,male,6.100371,1
Quincy Jones,black,male,6.64345267648619,9
Quli Qutub Shah,asian,male,5.447158,1
Quvenzhane Wallis,black,female,5.220108,1
"Qwana M. ""BabyGirl"" Reynolds-Frasier",black,female,2.66275783168157,5
R. Barri Flowers,black,male,4.792392,1
R. Kelly,black,male,6.96473092105363,6
R. N. Prasher,asian,male,3.38916608436453,10
R. W. Patterson,black,male,4.62736585659273,8
R.Gayan Priyankara,asian,male,1.65321251377534,4
R.J. Green,black,male,4.946943,1
R.J. Hernández,latino,male,5.056905,1
R.J. Palacio,latino,female,5.86332286012046,10
R.K. Narayan,asian,male,5.867467,1
R.M. Romero,latino,female,4.98855895687862,2
RR Goswami,asian,male,3.679428,1
RT Llizo,latino,male,1.50515,1
RZA,black,male,6.833147,1
Ra Un Nefer Amen,black,male,4.578639,1
Raajesh Pillai,asian,male,2.311754,7
Raaz Ojha,asian,male,3.14612803567824,10
Rabindranath Tagore,asian,male,6.83058866868514,10
Rabisankar Bal,asian,male,4.206826,1
Rachit,asian,male,6.531479,1
Radhe Maa,asian,female,5.01283722470517,10
Radhika Mukherjee,asian,female,4.340444,1
Radhika Vaz,asian,female,4.359835,1
Raditya Dika,asian,male,6.269513,1
Rafael Cruz,latino,male,6.26717172840301,2
Rafael Ortiz,latino,male,6.158362,1
Rafael Palmeiro,latino,male,5.49276,1
Rafael Reyes,latino,male,5.822822,1
Rafael Yglesias,latino,male,4.881954971,8
Rafael dos Anjos,latino,male,5.86805636182304,2
Rafael k Nunes,latino,male,0.845098,2
Rafael Ábalos,latino,male,4.716003,1
Rafiki,black,male,7.158362,1
Ragesh Nair,asian,male,4.34830486304816,4
Raghava,asian,male,6.55750720190566,3
Raghu Venkatesh,asian,male,3.98945,2
Raghuram Rajan,asian,male,6.25042,1
Raheem Kirlew,black,male,1.94448267215017,2
Rahul,asian,male,8.32014628611105,2
Rahul Bodkhe,asian,male,4.06818586174616,9
Rahul Dravid,asian,male,6.27646180417324,3
Rahul Gandhi,asian,male,7.38560627359831,2
Rahul Ghosh,asian,male,5.800029,1
Rahul Karn,asian,male,4.42975228000241,2
Rahul Kumar Tilwani,asian,male,3.029384,1
Rahul R Singh,asian,male,4.50650503240487,2
Rahul Rampal,asian,male,3.87794695162919,4
Rahul Rawat,asian,male,5.80277372529198,4
Rahul Sinha,asian,male,6.041393,1
Rahul Yadav,asian,male,6.670246,1
Raj,asian,male,8.495544,1
Raj Kiran Atagaraha,asian,male,2.778874,1
Raj Kumar,asian,male,7.089905,1
Raj Singh,asian,male,6.62117628177504,2
Raj Tak,asian,male,5.093422,1
Raj Vanjara,asian,male,3.19312459835446,3
Rajan Shrestha,asian,male,5.5302,1
Rajasaraswathii,asian,female,5.26007138798508,10
Rajashree Patel,asian,female,3.432969,1
Rajeev Kurapati,asian,male,3.92992956008459,5
Rajeev Shukla,asian,male,5.392697,1
Rajen Biswa,asian,male,3.20412,1
Rajen Jani,asian,male,3.997386,10
Rajendra Ojha,asian,male,4.597695,1
Rajesh,asian,male,8.00432137378264,2
Rajesh Khanna,asian,male,6.495544,1
Rajesh Nanoo,asian,male,4.26951294421792,9
Rajesh Walecha,asian,male,3.19033169817029,10
Rajib Lochan Dhibar,asian,male,2.240549,1
Rajib Mukherjee,asian,male,5.07554696139253,3
Rajiv Bakshi,asian,male,4.552668,1
Rajiv Gandhi,asian,male,7.214844,1
Rajiv Misquitta,asian,male,3.123852,1
Rajiv Ouseph,asian,male,4.437751,1
Rajneesh Shrma,asian,male,5.63848925695464,2
Rajnish Borah,asian,male,3.346353,1
Raju Mangrola,asian,male,3.089905,1
Rajwant Singh Bachhal,asian,male,2.521138,1
Rajyavardhan Singh Rathore,asian,male,5.11059,1
Rakesh Akuthota,asian,male,2.553883,1
Rakesh Ranjan,asian,male,6.064458,1
Rakesh Sethi,asian,male,4.955688,1
Rakesh Vemulawada,asian,male,2.120573931,4
Rakesh Wadhwani,asian,male,3.466868,1
Rakul Preet Singh,asian,female,6.63948648926859,3
Ralph Abernathy,black,male,5.478566,2
Ralph Angel,black,male,4.583199,1
Ralph Bunche,black,male,5.38381536598043,2
Ralph Dominic Castro,latino,male,2.545307,1
Ralph Ellison,black,male,5.69983772586725,10
Ralph J. Bunche,black,male,5.214844,1
Ram Charan,asian,male,6.820857989,4
Ram Mohan Roy,asian,male,6.474216,1
Ram Sai Nag,asian,male,3.029384,1
Rama P. Coomaraswamy,asian,male,4.11059,1
Ramakrishna,asian,male,7.26951294421792,10
Ramana Maharshi,asian,male,6.42813479402879,10
Ramana Pemmaraju,asian,male,3.51587384371168,10
Ramani Durvasula,asian,female,6.30535136944662,2
Ramesh Lohia,asian,male,3.70671778233676,2
Ramesh S. Balsekar,asian,male,4.897627,1
Ramesh Selvarajoo,asian,male,2.460898,1
Ramesh Sood,asian,male,0.30103,1
Ramon Bautista,asian,male,5.50515,3
Rampo Edogawa,asian,male,4.985426474083,3
Rana Dasgupta,asian,male,4.95808584852109,4
Ranata Suzuki,asian,female,4.78532983501077,10
Ranbir Kapoor,asian,male,6.90254677931399,7
Rancho,latino,male,8.136721,1
Randeep Hooda,asian,male,6.3096301674259,7
Randi Black,black,female,5.164353,1
Randy Gonzales,latino,male,5.053078,1
Randy Jackson,black,male,5.91328390176042,3
Randy Moss,black,male,6.178977,1
Randy West,black,male,5.993877,1
Rani Mukerji,asian,female,6.369216,1
Ranu Das,asian,female,5.20412,1
Ranveer Singh,asian,male,7.245513,1
Rao Umar Javed,asian,male,3.276462,1
Raoul Peck,black,male,5.494155,1
Raphael Saadiq,black,male,6.181844,1
Raquel Cepeda,latino,female,4.71180722904119,10
Rasheed Ogunlaru,black,male,4.75281643118827,10
Rashid Johnson,black,male,5.31386722036915,2
Rashmi Bansal,asian,female,5.471292,1
Rashmikanta Sahoo,asian,male,3.262451,1
Rashod Ollison,black,male,3.768638,1
Rashon Carraway,black,male,4.292256,1
Ratan Jeet,asian,male,3.414973,1
Ratish Edwards,black,male,2.45636603312904,7
Raul Julia,latino,male,5.572872,1
Raul Ramos y Sanchez,latino,male,3.44248,2
Raven Symone,black,female,5.689309,2
Ravi Kant,asian,male,6.439333,1
Ravi Ranjan,asian,male,6.4345689040342,2
Ravi Ranjan Goswami,asian,male,4.20139712432045,3
Ravi Ravindra,asian,male,4.97405090279288,4
Ravi Samuel,asian,male,4.16435285578444,5
Ravi Shankar,asian,male,6.86272752831797,2
Ravi Subramanian,asian,male,5.123852,1
Ravi Zacharias,asian,male,5.354108,10
Ravikant Mahto,asian,male,3.32633586092875,2
Ravinder Singh,asian,male,6.739572,1
Ravinder Tulsiani,asian,male,3.87563993700417,2
Ravindra Shukla,asian,male,5.00860017176192,8
Ray Charles,black,male,6.85853719756964,8
Ray Lewis,black,male,6.26717172840301,6
Raylene Roybal,latino,female,2.746634,1
Raymond A. Mar,asian,male,4.332438,1
Raymond D. Longoria Jr.,latino,male,2.66086547800387,10
Raymond Ndou,black,male,2.912753,1
Raymond Ochoa,latino,male,5.037426,1
Raymond Rice,black,male,4.78746,1
Reaz Uddin,asian,male,5.556303,1
Rebecca Aguilar,latino,female,5.012837,4
Rebecca Lim,asian,female,5.243038,1
Rebecca Ybarra,latino,female,4.082785,1
Rebekah L. Pierce,black,female,3.444045,1
Redd Foxx,black,male,5.66464197555613,2
Reetwika Banerjee,asian,female,3.981819,2
Reg E. Cathey,black,male,5.326336,1
Reggie Jackson,black,male,6.19312459835446,3
Reggie McNeal,black,male,4.821514,1
Reggie Oliver,black,male,4.383815,1
Reggie White,black,male,5.74351,1
Regina Griffin,black,female,4.73399928653839,9
Regina Hall,black,female,6.230449,1
Regina King,black,female,6.11727129565576,4
Regulo Zapata Jr.,latino,male,3.238046,1
Rehan Gillani,asian,male,4.271842,1
Rei Kawakubo,asian,female,6.43616264704076,2
Rei Tōma,asian,female,3.945469,1
Reiko Chiba,asian,female,4.79726754083072,3
Reinaldo Arenas,latino,male,5.738781,1
Reki Kawahara,asian,male,5.90145832139611,3
Remo D'Souza,asian,male,5.898725,1
Ren Ng,asian,male,4.93751789201735,3
Renae Lucas-Hall,black,female,3.822168,1
Renee Gladman,black,female,4.808886,1
Reni Eddo-Lodge,black,female,5.23299611039215,3
Renita Bryant,black,female,3.9434945159061,3
Renita D'Silva,asian,female,4.78532983501077,10
Renju Aravind,asian,male,3.292256,1
Renu Persaud PhD,asian,female,2.305351,1
Reshma,asian,female,7.264818,1
Reshma Saujani,asian,female,5.571709,1
Reshma Valliappan,asian,female,3.474216,1
Reshma Wable,asian,female,3.123852,1
Retin Obasohan,black,male,4.849419,1
Rev. Lorna Lorraine Wilson,black,female,0.30103,1
Revathi Sankaran,asian,female,4.70586371228392,4
Reverend Ada Slaton Bonds,black,female,2.65417654187796,5
Reverend Joaquin R. Larriba,latino,male,2.276462,1
Rey Mysterio,latino,male,6.72098574415374,5
Rhoda Belleza,asian,female,4.238046,1
Riana Ambarsari,asian,female,4.10037054511756,2
Riaz Ahmed Gohar Shahi,asian,male,4.64048143697042,5
Ricardo Chévere,latino,male,3.227887,1
Ricardo Luis Ivan I Geronimo,latino,male,0.477121,1
Ricardo Piglia,latino,male,5.740363,1
Ricardo Salinas Pliego,latino,male,6.528917,1
Rich Benjamin,black,male,4.276462,1
Richard Carmona,latino,male,4.62736585659273,2
Richard Diaz,latino,male,5.81023251799508,10
Richard E Valdez,latino,male,3.843855,1
Richard L Torres,latino,male,4.164353,1
Richard Lee JuiChe,asian,male,0.69897,1
Richard Okorie,black,male,3.60745502321467,5
Richard Pryor,black,male,6.41830129131975,10
Richard Pérez,latino,male,6.120574,1
Richard Ramirez,latino,male,5.91328390176042,2
Richard Rodríguez,latino,male,6.32838,1
Richard Williams,black,male,6.389166,1
Richard Wright,black,male,6.34242268082221,10
Richie Havens,black,male,5.507856,1
Richmond Akhigbe,black,male,2.97266559226611,10
Rick James,black,male,6.445604,1
Rick Ross,black,male,7.017033,1
Rickey Henderson,black,male,6.029383778,2
Rickey Price,black,male,4.167317,1
Ricky Martin,latino,male,6.866878,2
Ricky Saikia,asian,male,3.271842,1
Ricky Shetty,asian,male,4.238046,1
Ricky Williams,black,male,5.78532983501077,3
Rico Alejandro Fenix,latino,male,0.60206,1
Rico Rodriguez,latino,male,5.599883,1
Ridhdhesh Jivawala,asian,male,2.444045,10
Rigzin Namgyal,asian,male,3.805501,1
Rihanna,black,female,8.07918124604763,7
Rika Yokomori,asian,female,3.283301,1
Riki Jou,asian,male,1.653213,1
Riku H. Petro,asian,male,0.90309,1
Risa Lavizzo-Mourey,black,female,4.426511,1
Rishabh Surya,asian,male,4.12710479836481,2
Rishad sakhi,asian,male,2.93500315145365,4
Rishank Jhavar,asian,male,3.071882,1
Rishi Bakshi,asian,male,3.86451108105839,3
Rishi H Sanghani,asian,male,1.886491,1
Rishi Mishra,asian,male,5.330414,1
Rishi Sethi,asian,male,4.40654,4
Rishika Sharma,asian,female,5,2
Rishiraj Sen,asian,male,3.937518,1
Rita Deattrea Beckford M.D.,black,female,2.079181,1
Rita Dove,black,female,5.178976947,10
Rita Gonzalez,latino,female,5.710963,2
Rita Moreno,latino,female,6.03742649794062,2
Rita Williams-Garcia,black,female,5.40483371661994,2
Rita Zoey Chin,asian,female,3.656098,1
Ritesh Shrivastav,asian,male,4.04532297878666,3
Ritika Chhabra,asian,female,4.079181,1
Ritu Ghatourey,asian,female,4.585461,1
Ritu Lalit,asian,female,3.800717,1
Ritu Raj,asian,male,6.217484,1
Riya Pallavi Biren,asian,female,2.173186,1
Rizky Adam Rifai,asian,male,1.72427586960079,4
Robert Battle,black,male,4.748963,1
Robert Budi Hartono,asian,male,4.826075,1
Robert Delgado,latino,male,5.037426,1
Robert Glasper,black,male,5.932474,1
Robert Griffin III,black,male,5.767897616,4
Robert Jackson,black,male,6.20951501454263,3
Robert Jarvik,white,male,3.87966920563205,1
Robert Johnson,black,male,6.69897000433602,4
Robert Kelly,black,male,5.951823,1
Robert Kiyosaki,asian,male,6.47129171105894,10
Robert Matsui,asian,male,3.948902,1
Robert Mugabe,black,male,6.61804809671209,4
Robert Rodríguez,latino,male,6.79588,8
Robert Sarah,black,male,5.649335,1
Robert Smith,black,male,6.80685802951882,4
Robert T. Kiyosaki,asian,male,6.62736585659273,10
Robert Townsend,black,male,5.532754,1
Roberta Flack,black,female,6.232996,1
Roberto Bolaño,latino,male,5.95520653754194,9
Roberto Clemente,latino,male,6.48995847942483,2
Roberto Goizueta,latino,male,4.661813,1
Roberto Llamas,latino,male,4.591064607,5
Roberto Llamas Avalos,latino,male,2.403121,1
Robin L. Smith,black,female,5.149219,1
Robin Li,asian,male,5.064458,1
Robin Quivers,black,female,5.15228834438306,2
Robin Roberts,black,female,6.00860017176192,2
Robin Wijaya,asian,male,4.371068,1
Rochelle Aytes,black,female,5.553883,1
Rochunga Pudaite,asian,male,3.87215627274829,2
Rocio Sanchez,latino,female,5.71265,1
Rocky Aoki,asian,male,4.311754,1
Rod Espinosa,asian,male,4.731589,1
Rod Tyson,black,male,4.10380372095596,2
Rodel Dosado,asian,male,1.755875,1
Rodney Barnes,black,male,5.365488,1
Rodney Hall,black,male,4.96142109406645,2
Rodney Jones,black,male,5.40654,2
Rodney King,black,male,5.8662873390842,3
Rodney Masemola,black,male,2.568202,1
Rodolfo Rios Medina,latino,male,2.866287,1
Rodrigo Duterte,asian,male,6.52504480703685,10
Roger Bonair-Agard,black,male,4.004321,1
Roger Wilkins,black,male,4.562293,1
Roh Moo-hyun,asian,male,5.60206,1
Rohan B Rebello,asian,male,2.04532297878666,4
Rohan Kulkarni,asian,male,4.995635,1
Rohan Nath,asian,male,4.27875360095283,2
Rohinton Mistry,asian,male,5.60097289568675,10
Rohit,asian,male,8.093422,1
Rohit Bhardwaj,asian,male,5.469822,1
Rohit Caliber,asian,male,2.225309,1
Rohit Dhariwal,asian,male,3.792392,2
Rohit Gore,asian,male,4.471292,1
Rohit Hora,asian,male,3.060698,1
Rohit Pandita,asian,male,4.181844,1
Rohit Sharma,asian,male,7.32014628611105,4
Rohit Shetty,asian,male,6.176091,1
Rokia Traore,black,female,5.689309,1
Roland Martin,black,male,5.60745502321467,2
Rolando E. Ochea,latino,male,0.30103,1
Rollis Fontenot Jr,black,male,3.033424,1
Romeo Jr Baguyo,asian,male,0.477121,1
Romeo Miller,black,male,5.02118929906994,3
Romina Avila,latino,female,4.765669,1
Romina Noriega,latino,female,3.662758,1
Romina Russell,latino,female,4.7041505168398,6
Ron Finley,black,male,4.713491,1
Ron Garan,white,male,4.8318697742805,1
Ronald Edward Jones,black,male,3.885361,1
Ronald Green,black,male,5.146128,1
Ronald L. Smith,black,male,5.416641,1
Ronald Mallett,black,male,4.44248,1
Ronald P. Chavez,latino,male,3.281033,1
Roney Ngala,black,male,3.58995,1
Ronnie Chan,asian,male,4.8394780473742,1
Ronnie Coleman,black,male,6.481443,1
Ronnie Lott,black,male,5.583199,1
Roopa Farooki,asian,female,5.025306,1
Rosa Parks,black,female,6.7979596437372,10
Rosabetty Muñoz,latino,female,4.642465,1
Rosario Castellanos,latino,female,6.082785,1
Rosario Dawson,latino,female,6.404834,1
Roscoe Snowden,black,male,3.283301,1
Roselyn Sanchez,latino,female,5.843855,1
Rosemary Fonseca,latino,female,4.267172,1
Rosenna Bakari,black,female,3.914343,1
Rosette Mugidde Wamambe,black,female,2.8109042806687,5
Roshan Bhondekar,asian,male,3.798651,1
Roshan Sharma,asian,male,5.78958071216443,10
Roshani Chokshi,asian,female,5.72835378202123,9
Roshni,asian,female,7.190332,1
Rosie Perez,latino,female,5.94250410616808,2
Ross Butler,asian,male,5.292256,1
Rotik,asian,male,5.751279,1
Rowan Ricardo Phillips,black,male,4.60745502321467,2
Roxane Gay,black,female,5.62736585659273,10
Roxanna Aliba Kazibwe,black,female,2.198657,2
Roxanne Bland,black,female,3.823474,1
Roy Ayers,black,male,5.949878,1
Roy Saputra,asian,male,5.346353,1
RuPaul,black,male,7.22271647114758,10
Ruben Hinojosa,latino,male,4.56820172406699,4
Ruben Studdard,black,male,5.31386722036915,4
Ruby Dee,black,female,5.40140054078154,4
Rubén Darío,latino,male,6.644439,1
Ruchi Sanghvi,asian,female,4.701568,2
Ruchira Khanna,asian,female,4.22271647114758,3
Rudolfo Anaya,latino,male,5.40140054078154,3
Rudy Francisco,black,male,5.053078443,5
Rudzani Ralph,black,male,2.89209460269048,3
Rue,black,female,8.68394713075151,2
Rui M.,asian,male,5.761176,1
Rukamanee Maharjan,asian,female,3.307496,1
Rukhsana Ahmad,asian,female,4.332438,1
Rumiko Takahashi,asian,female,6.4345689040342,4
Rupali Desai,asian,female,4.30319605742049,3
Rupali Rajopadhye Rotti,asian,female,2.19589965240923,2
Rupansh Gupta,asian,male,3.09691,1
Rupesh Sreeraman,asian,male,3.798651,3
Rushabh Patel,asian,male,4.68033551341456,10
Ruskin Bond,asian,male,6.08278537,7
Russ Hill,white,male,3.26245108973043,3
Russel Honore,black,male,4.80140371001735,5
Russell Gutierrez,latino,male,4.09691,1
Russell Simmons,black,male,5.969881644,10
Russell Westbrook,black,male,6.692847,1
Russell Wilson,black,male,6.693727,1
Ruth J. Simmons,black,female,5.683047038,2
Ruth Negga,black,female,5.501059,1
Ruth Westheimer,white,female,5.29003461136252,2
Rutina Wesley,black,female,5.591064607,2
Rutvik Oza,asian,male,3.519828,1
Ruud Gullit,black,male,5.969416,1
Ruzwana Bashir,asian,female,4.037426,1
Ryan Higa,asian,male,5.117271,1
Ryan Oliveira,latino,male,4.866287,1
Ryohgo Narita,asian,male,5.34830486304816,3
Ryuho Okawa,asian,male,5.475671,1
Ryunosuke Satoro,asian,male,4.990339,2
Ryōkan,asian,male,4.3747483460101,5
Ryū Murakami,asian,male,4.895975,6
Ryūnosuke Akutagawa,asian,male,5.41497334797082,6
Rómulo Gallegos,latino,male,6.389166,1
S. Brandon King,black,male,2.913814,1
S. Goel,asian,male,5.515874,1
S. I. Hayakawa,asian,male,4.935003,2
S. Ikom Afriani,asian,female,0.778151,1
S. J. Hayakawa,asian,male,2.96236933567002,2
S. Jae-Jones,asian,female,4.55509444857832,4
S. Khemka,asian,male,3.752048,1
S. Lemon,black,male,6.264818,1
S. Satyamurti,asian,male,3.71265,1
S.N. Goenka,asian,male,5.925828,1
S.R. Bakshi,asian,male,4.414973,1
S.R. Ranganathan,asian,male,5.553883,1
S.Z.J. Mtshali,black,male,0.954243,1
SANDEEP,asian,male,7.894316,1
SENG-TS'AN,asian,male,4.4843,1
SIDhartha,asian,male,6.146128,1
Saadat Hasan Manto,asian,male,5.730782,1
Saahil Prem,asian,male,4.37657695705651,10
Saaif Alam,asian,male,3.38560627359831,10
Sabin Basnet,asian,male,4.603144,1
Sabine Shah,asian,female,3.15836249209525,6
Sabrina Childress,black,female,4.20951501454263,3
Sabrina Newby,black,female,3.98091193777684,7
Sachiko Satonki,asian,female,0.60206,1
Sachin,asian,male,7.817565,1
Sachin Kalambe,asian,male,3.396199,1
Sachin Kalbag,asian,male,3.943495,1
Sachin Kodagali,asian,male,3.19865708695442,2
Sachin Kumar Puli,asian,male,2.63648789635337,10
Sachin Kundalkar,asian,male,4.91115760873998,10
Sachin Panwar,asian,male,4.89486965674525,3
Sachin Tendulkar,asian,male,7.06445798922692,2
Sachin sawariya,asian,male,4.27646180417324,10
Sadamu Yamashita,asian,male,3.54900326202579,2
Sadashivan Nair,asian,male,4.14301480025409,6
Sadashivan Nairna,asian,male,4.716838,1
Sade Adu,black,female,5.510545,1
Sadeqa Johnson,black,female,5.38381536598043,6
Sadghuru,asian,male,4.84447717574568,10
Sadhguru,asian,male,6.8767949762007,8
Sadhu Vaswani,asian,male,6.240549,1
Saeed Jones,black,male,4.72591163229505,2
Sagar Pandit,asian,male,5.064458,1
Sagar Ugale,asian,male,3.745075,1
Sahaj Oberoi,asian,male,3.81822589361396,2
Sahana Epari,asian,female,2.68033551341456,2
Saharil Hasrin Sanin,asian,male,4.004321,1
Sahithi Setikam,asian,female,2.477121,4
Sahndra Fon Dufe,black,female,4.07918124604763,8
Sai Baba,asian,male,7.25527250510331,6
Sai Kumar Nayak,asian,male,4.206826,1
Sai Ram,asian,male,6.82866,1
Saidi Mdala,black,male,3.619093,1
Saigyō,asian,male,4.63748973,8
Saikat Dey,asian,male,5.365488,1
Saikat Narayan Dutta,asian,male,0.954243,1
Saim .A. Cheeda,asian,male,3.11058971029925,10
Saima,asian,female,7.082785,1
Saina Nehwal,asian,female,5.84385542262316,4
Saisho Hiroshi,asian,male,2.801404,1
Sajil Chembil,asian,male,2.143015,1
SaketKr,asian,male,3.238046,1
Sakin Maharjan,asian,male,3.668385917,6
Sakura Tsukuba,asian,female,4.36921585741014,2
Sakurai Sho,asian,male,5.176091,1
Sakyong Mipham,asian,male,5.149219113,2
Salena Godden,black,female,4.86864443839483,2
Salil Jha,asian,male,4.2380461031288,6
Sally Chandra,asian,female,5.285557,1
Salma Hayek,latino,female,7.00860017176192,10
Salman Aditya,asian,male,4.25042000230889,2
Salman Ahmad,asian,male,6.056905,1
Salman Rushdie,asian,male,6.44870632,10
Salmon Rushdie,asian,male,6.429752,1
Salva Kiir Mayardit,black,male,6.103804,1
Salvador Plascencia,latino,male,4.62428209583567,3
Salvadore Nasello,latino,male,1.748188,1
Sam Adeyinka,black,male,4.155336,1
Sam Madison,black,male,4.75663610824585,2
Sam Rivers,black,male,5.940018,1
Samael Ann Weor,latino,male,5.764176,1
Samanth Subramanian,asian,male,5.781037,1
Samantha Diaz,latino,female,5.634477,1
Samantha Irby,black,female,5.243038,1
Samantha Ruth Prabhu,asian,female,6.663701,1
Samantha Sotto,asian,female,5.14612803567824,9
Samar Sen,asian,male,4.728354,1
Sambath Meas,asian,male,4.025306,1
Sambhav Ratnakar,asian,male,3.32014628611105,3
Sameer Kamat,asian,male,4.164353,1
Sameer Kumar,asian,male,6.117271,1
Samhita Mukhopadhyay,asian,female,4.324282,1
Samina Ali,asian,female,5.071882,1
Samina Baig,asian,female,5.068186,1
Samira Wiley,black,female,5.28103336724773,2
Samiullah Khan Mohmand,asian,male,3.89098,1
Sammy Davis Jr.,black,male,7.33445375115093,10
Samone Sherrell,black,female,2.86569605991607,2
Samora Machel,black,male,6.41664050733828,2
Sampath K. Iyengar,asian,male,3.627366,1
Samreen Quyyum,asian,female,1.568202,2
Samreena Ashraf,asian,female,2.374748,1
Samual Jackson,black,male,6.071882,1
Samuel Asumadu-Sarkodie,black,male,4.37839790094814,10
Samuel Gyekye Mensah,black,male,2.87448181769947,2
Samuel Jackson,black,male,6.068186,1
Samuel L. Jackson,black,male,6.984977,1
Samuel L. Norman,black,male,3.46982201597816,3
Samuel Larsen,latino,male,4.628389,1
Samuel Odewale,black,male,3.948413,2
Samuel Park,asian,male,5.017033,1
Samuel R. Delany,black,male,5.73239375982297,10
Samuel T. Padmore,black,male,2.8394780473742,3
Sanal Edamaruku,asian,male,4.404834,1
Sanchez Raymundo,latino,male,4.350248,1
Sanchit Gupta,asian,male,5.23299611039215,9
Sanchita Pandey,asian,female,4.48287358360875,10
Sandeep Aggarwal,asian,male,5.4456042032736,2
Sandeep Jauhar,asian,male,4.82020145948564,2
Sandeep Kakkar,asian,male,4.35983548233989,7
Sandeep Mehra,asian,male,5.227887,1
Sandeep N Tripathi,asian,male,3.2405492482826,8
Sandeep Sahajpal,asian,male,3.4983105537896,10
Sandeep Sethi,asian,male,5.012837,1
Sandeep Sharma,asian,male,6.16731733474818,2
Sandesh limbu,asian,male,4.72015930340596,7
Sandhya Jane,asian,female,4.178976947,6
Sandip Thapa,asian,male,4.93852,3
Sandra Cameroun,black,female,2.374748,1
Sandra Cisneros,latino,female,5.63042787502502,6
Sandra J. Jackson,black,female,4.69019608002851,2
Sandra Kitt,black,female,4.469822,1
Sandra Pulido,latino,female,4.845718,1
Sandra Rodriguez Barron,latino,female,3.49136169383427,2
Sandra T. Huerta,latino,female,2.318063,1
Sandra Tsing Loh,asian,female,4.61172330800734,3
Sandra Villa,latino,female,4.747412,1
Sandranil Biswas,asian,male,2.55750720190566,3
Sang H. Kim,asian,male,4.783189,1
Sang-Sun Park,asian,female,4.352183,1
Sangita Pareek,asian,female,3.780317,3
Sangu Mandanna,asian,female,5.9912260756925,5
Sanhita Baruah,asian,female,4.46834733041216,10
Sania Athar,asian,female,3.071882,1
Sania Mirza,asian,female,6.31597,1
Sanjai Velayudhan,asian,male,3.09691001300806,8
Sanjay Kumar,asian,male,7.01283722470517,2
Sanjay Singh,asian,male,6.603144,1
Sanjaya Baru,asian,male,5.060698,1
Sanjeet Veen,asian,male,2.72835378202123,2
Sanjeev Beekeeper,asian,male,3.320146,1
Sanjeev Bhaskar,asian,male,5.10721,1
Sanjeev Himachali,asian,male,3.84695532501982,2
Sanjeev Murukan,asian,male,3.033423755,2
Sanjiv Anand,asian,male,4.342423,1
Sanju Menon,asian,male,3.672098,1
Sankha subhra Debnath,asian,male,4.10721,1
Sante N. Kulimbwa,black,male,0,1
Santiago Cabrera,latino,male,5.404834,1
Santigold,black,female,5.725912,1
Santonu Kumar Dhar,asian,male,3.411619706,10
Santosh Adbhut Kumar,asian,male,2.87909587950007,10
Santosh Avvannavar,asian,male,3.97634997900327,10
Santosh Joshi,asian,male,5.39093510710338,4
Santosh Kalwar,asian,male,4.80617997398389,10
Santosh Kumar Pyasa,asian,male,2.36921585741014,2
Santosh Lamichhane,asian,male,4.78887511577542,4
Santosh More,asian,male,5.495544,1
Santosh Thankachan,asian,male,2.92582757462474,10
Santoshkumar Shukla,asian,male,3.907949,1
Santōka Taneda,asian,male,4.03742649794062,2
Sanya Richards-Ross,black,female,5.217484,1
Sapan Saxena,asian,male,3.75204844781944,10
Sapna Mallick,asian,female,3.38739,1
Saqlain bin mushtaq,asian,male,1.7160033436348,3
Sara Chang,asian,female,4.448706,1
Sara Niles,black,female,3.923244,6
Sarah Chow,asian,female,4.686636,1
Sarah Jakes,black,female,5.755875,1
Sarah Louise Delany,black,female,4.271842,2
Sarah Mercado,latino,female,5.09691,1
Sarah Rajkotwala,asian,female,4.403121,2
Sarah Tse,asian,female,4.46538285144842,3
Saravana Kumar Murugan,asian,male,4.06818586174616,7
Sarita,latino,female,7.454845,1
Sarita Choudhury,asian,female,5.75511226639507,2
Sarjot Singh,asian,male,3.32838,1
Sarojini Naidu,asian,female,5.98136550907854,2
Sarthak Tiwari,asian,male,4.926342,2
Sartika Kurniali,asian,female,3.471292,1
Sarvani Rajdeep,asian,female,1.90309,1
Sarvepalli Radhakrishnan,asian,male,6.12385164096709,2
Sarvesh Jain,asian,male,4.35983548233989,10
Sarvesh Mangla,asian,male,3.143015,1
Sarvesh Murthi .D .D,asian,male,1.755875,2
Sarwat Chadda,asian,male,5.130334,2
Sasha Banks,black,female,6.36735592102602,2
Sasheer Zamata,black,female,5.775974,1
Satchel Paige,black,male,5.668385917,10
Sathya Sai Baba,asian,male,6.58994960132571,5
Sathyanath Nandakumar,asian,male,1.544068,1
Satish David,asian,male,3.367356,1
Satish Kumar,asian,male,6.77887447200274,2
Satish Sambhoje,asian,male,2.471292,1
Satoshi Kanazawa,asian,male,4.843855,1
Satoshi Kon,asian,male,5.70500795933334,3
Satsuki Shibuya,asian,female,4.728354,1
Satya Nadella,asian,male,6.41664050733828,10
Satya Sai Baba,asian,male,6.541579,1
Satyaankith,asian,male,1.41497334797082,3
Satyajeet Mujgule,asian,male,2.25042,1
Satyajit Ray,asian,male,6.238046,1
Satyen Nabar,asian,male,3.87564,1
Satyendra Singh 'Shyamal,asian,male,2.25767857486918,5
Saul Williams,black,male,5.35983548233989,10
Saumya Kaushik...,asian,female,3.837588,2
Saumya Sharman,asian,female,2.866287,2
Saundra Dalton-Smith,black,female,5.0086,1
Saurabh Dudeja,asian,male,3.0899051114394,3
Saurabh Gupta,asian,male,6.232996,1
Saurabh Mathur,asian,male,4.953276,1
Saurabh Sharma,asian,male,6.36361197989214,10
Saurabh Singal,asian,male,3.71180722904119,2
Saurav Patra,asian,male,4.0086,1
Saurav Somani,asian,male,3.369216,1
Saurbh Katyal,asian,male,2.96661098668193,3
Savan Solanki,asian,male,4.049218,3
Savi Sharma,asian,female,5.26007138798508,2
Savion Glover,black,male,5.43933269383026,2
Sawada Tsunayoshi,asian,male,5.64738297,2
Sayo Masuda,asian,female,4.15228834438306,2
Sbr Khan,asian,male,3.356026,1
Scaachi Koul,asian,female,5.465383,1
Scott Fujita,asian,male,4.575188,1
Scott Hayden,black,male,5.209515,1
Scott Kim,asian,male,5.240549,1
Scottie Pippen,black,male,6.56937390961505,2
Seal,black,male,8.88986172125819,5
Sean Combs,black,male,6.90308998699194,2
Sean Kilpatrick,black,male,5.374748,1
Sean Liburd,black,male,4.691965,1
Sean Michael,black,male,6.28555730900777,2
Sean Michaels,black,male,6.935507,1
Sean Taylor,black,male,6.361728,1
Sean Torres,latino,male,4.875061,1
Sean Williams,black,male,6.0086,1
Sebastian de Assis,latino,male,4.120574,1
Seema Gupta,asian,female,6.01283722470517,10
Sefryana Khairil,asian,female,4.238046,3
Sei Shōnagon,asian,female,5.83884909073726,4
Seiji Fuji,asian,male,3.600973,1
Seinabo Sey,black,female,5.764176,1
Sekar Arum,asian,female,5.97174,1
Selena,latino,female,8.385606,1
Selena Gómez,latino,female,8.22271647114758,10
Sen no Rikyū,asian,male,4.893207,1
Sengcan,asian,male,4.120574,1
Sensei DarianStokes,black,male,2.756636,1
Senthil babu,asian,male,4.586587,1
Seohyun,asian,female,6.2380461031288,2
Seong pill kon,asian,male,2.472756,1
Sephiwe Mduduzi Msiza,black,male,0.60206,1
Septima Poinsette Clark,black,female,4.54032947479087,2
Serena Smith,black,female,5.34830486304816,2
Serena Williams,black,female,7.029383778,8
"Sergio ""BIMBO"" Bautista",latino,male,0.30103,1
Sergio Aragonés,latino,male,5.90308998699194,3
Sergio Franco,latino,male,5.1959,1
Sergio Tinoco,latino,male,4.51188336097887,3
Sergio de la Pava,latino,male,4.73319726510657,2
Serina Hernandez,latino,female,3.99299509843134,3
Sesan Kareem,black,male,3.61909333062674,10
Setona Mizushiro,asian,female,4.82020145948564,2
Seun Ajibade,black,male,3.451786,1
Seun Ayilara,black,male,3.12385164096709,4
Sevyn Streeter,black,female,6.075547,2
Sha Li,asian,male,5.64836,1
Shabnam Sinha,asian,female,3.81358098856819,2
Shaffi Mather,asian,male,4.021189,1
Shah,asian,male,8.555094,1
Shah Asad Rizvi,asian,male,4.31386722036915,10
Shah Moazzem,asian,male,4.041393,1
Shah Rukh Khan,asian,male,7.32837960343874,10
Shahid H. Raja,asian,male,3.004321,1
Shahid Iqbal,asian,male,6.276462,1
Shahid Kapoor,asian,male,6.646404,1
Shahrukh Husain,asian,female,4.62634036737504,3
Shahzaib Ansari,asian,male,4.790988,1
Shaiju Mathew,asian,male,4.075547,1
Shailesh Mishra,asian,male,5.385606,1
Shaka Senghor,black,male,5.004321,1
Shakir Saiyad,asian,male,2.864511,1
Shakira,latino,female,8.271841607,10
Shakira Ripoll,latino,female,3.9154,1
Shakirah Bourne,black,female,4.361728,1
Shakuntala Devi,asian,female,5.66275783168157,3
Shallu Jindal,asian,female,4.429752,1
Sham Hinduja,asian,male,3.81756536955978,5
Shamara Ray,black,female,4.260071,1
Shameik Moore,black,male,6.0086,1
Shan Sa,asian,female,4.7930916,9
Shana Vanterpool,black,female,3.52763,2
Shanice Williams,black,female,5.184691,1
Shankara,asian,male,6.824126,1
Shanora Williams,black,female,5.30963,1
Shantanand Sharma,asian,male,2.267172,1
Shantelee R. Brown,black,female,2.923244,1
Shanthi Sekaran,asian,female,4.54157924394658,2
Shaolin,asian,male,7.227887,1
Shaolin Monks,asian,male,6.206826,1
Shaquille O'Neal,black,male,7.05690485133647,3
Sharad Pawar,asian,male,6.40654018043396,7
Sharad Vivek Sagar,asian,male,3.95472479097906,10
Sharafat Hussain,asian,male,5.262451,1
Sharanya Haridas,asian,female,3.68304703823885,2
Sharanya Manivannan,asian,female,4.499687,1
Sharath Nazre,asian,male,2.46982201597816,2
Shareca Cole.,black,female,1.579784,1
Sharen Song,asian,female,2.670246,1
Sharfaraz Ahmed,asian,male,4.03342375548695,10
Shari Richardson,black,female,4.515874,1
Sharlene Leong,asian,female,3.193125,1
Sharmeen Obaid-Chinoy,asian,female,5.3654879848909,3
Sharon Draper,black,female,4.803457,1
Sharon Duggal,asian,female,3.705864,1
Sharon Jones,black,female,6.10380372095596,2
Sharon Leslie Morgan,black,female,3.777427,1
Sharon M. Draper,black,female,6.21218760440396,6
Sharvani Akula,asian,female,2.69810054562339,3
Shashank Rayal,asian,male,2.96894968098134,10
Shashi Dhar,asian,male,5.041393,1
Shashi Tharoor,asian,male,6.54157924394658,6
Shashiraj Punjabi,asian,male,2.361728,1
Shatrujeet Nath,asian,male,4.12385164096709,2
Shaukat Aziz,asian,male,4.841359,1
Shaun Alexander,black,male,5.587711,1
Shaun Tan,asian,male,5.499687,1
Shauna Singh Baldwin,asian,female,4.541579,1
Shawn Amos,black,male,5.02118929906994,4
Shawn Stewart Ruff,black,male,3.6063813651106,2
Shawn Wayans,black,male,5.52763,1
Shawntel Jefferson,black,female,3.95808584852109,3
Shay Youngblood,black,female,4.450249,1
Shaykh Mohammed Aslam,asian,male,4.782473,1
Shayna Rodriguez,latino,female,4.103804,1
Sheana Ochoa,latino,female,3.444045,1
Sheeja Jose,asian,female,4.10380372095596,7
Sheena Iyengar,asian,female,5.029383778,2
Sheeraz Nizamani,asian,male,2.704151,1
Sheeza Iqbal,asian,female,3.44248,1
Shefali Batra,asian,female,4.47421626407626,3
Shehan Karunatilaka,asian,male,5.48713837547719,2
Shehbaz Sharif,asian,male,6.55509444857832,4
Sheikh Hasina,asian,female,6.836957,1
Sheikh Mujibur Rahman,asian,male,6.25042,1
Sheila C. Johnson,black,female,4.557507,1
Shekhar Kapur,asian,male,5.83314711191279,2
Shekhar Mishra,asian,male,5.382017,1
Shelley Morrison,latino,female,4.631444,1
Shelly Bell,black,female,5.13672056715641,3
Shelly-Ann Fraser-Pryce,black,female,6.13353890837022,4
Shemar Moore,black,male,6.10720996964787,2
Sheng Wang,asian,male,5.859739,1
Sheng-yen,asian,male,5.257679,1
Shenica N. Coleman,black,female,1.995635,1
Sheniz Janmohamed,asian,female,4.06818586174616,6
Sheria D. Rowe,black,female,2.392697,1
Sherise Seven,black,female,2.820201,1
Sherley Mondesir-Prescott,black,female,2.664642,1
Shermaine Williams,black,female,4.220108,1
Sherman A. Jackson,black,male,4.434569,1
Sherman Hemsley,black,male,5.071882,1
Sherri L. Smith,black,female,5.344392,2
Sherri Shepherd,black,female,5.893207,1
Sherry Thomas,asian,female,5.52891670027766,10
Sherwin Salinas,latino,male,3.167317,1
Sheryl Swoopes,black,female,5.75891189239797,2
Sheryl WuDunn,asian,female,5.16136800223498,2
Shesh Nath Vernwal,asian,male,3.120574,1
Shigeru Miyamoto,asian,male,6.10380372095596,2
Shih-t'ou,asian,male,4.311754,1
Shikamaru Nara,asian,male,5.79379,1
Shikha Kaul,asian,female,3.840733,1
Shikha Phillips,asian,female,2.577492,1
Shillpi S Banerrji,asian,female,3.596597096,6
Shilpa Menon,asian,female,4.16136800223498,10
Shilpa Raj,asian,female,5.287802,1
Shilpa Sandesh,asian,female,3.149219113,6
Shilpa Shetty,asian,female,6.833784,1
Shilpi,asian,female,7.11058971029925,3
Shilpi Somaya Gowda,asian,female,4.9329808219232,3
Shinichi Suzuki,asian,male,5.69460519893357,7
Shinji Moon,asian,female,4.294466,1
Shinjini Bhattacharjee,asian,female,3.49276,1
Shinjirou,asian,male,4.575188,2
Shinmon Aoki,asian,male,3.313867,2
Shinobu Ohtaka,asian,female,5.50379068305718,3
Shinya Yamanaka,asian,male,5.35218251811136,2
Shinzo Abe,asian,male,6.33041377334919,2
Shirley Bassey,black,female,6.15228834438306,4
Shirley Chisholm,black,female,5.70243053644553,10
Shirley Graham Du Bois,black,female,4.50515,1
Shirley Marr,asian,female,4.721811,1
Shiro Amano,asian,male,5.26951294421792,5
Shiv Kera,asian,male,5.727541,1
Shiv Khera,asian,male,5.700703717,10
Shiv Kumar Batalvi,asian,male,5.646404,1
Shiv Nadar,asian,male,6.00432137378264,7
Shivam,asian,male,7.609594409,3
Shivam Chaudhary,asian,male,5.6730209071289,5
Shivam Ralli,asian,male,2.821514,1
Shivam Saxena,asian,male,5.344392,1
Shivam Singh,asian,male,6.578639,2
Shivani,asian,female,7.431364,1
Shobhaa Dé,asian,female,4.895423,2
Shobuj Taposh,asian,male,2.428135,1
Shogo Oketani,asian,male,3.732394,1
Shokugeki No Soma,asian,male,6.416641,1
Shon Mehta,asian,male,3.58658730467176,10
Shonali Dey,asian,female,2.96754797621886,8
Shonda Rhimes,black,female,6.11727129565576,3
Shouko Akira,asian,female,4.021189,1
Shraddha Kapoor,asian,female,6.873902,1
Shraddha Tiwari,asian,female,5.3541084391474,2
Shravan kumar,asian,male,6.469822,1
Shreeja Manandhar,asian,female,2.70927,1
Shrey Srivastava,asian,male,4.25042,1
Shreya Ghoshal,asian,female,7.20412,1
Shreya Gunna,asian,female,2.459392,1
Shreya Gupta,asian,female,5.67669360962487,5
Shreya Sethi,asian,female,4.506505,1
Shreyansh Jaiswal,asian,male,4.271842,1
Shri Purohit Swami,asian,male,4.161368,1
Shrii Shrii Anandamurti,asian,male,5.0086,1
Shrikant Rao,asian,male,4.459392,1
Shriram,asian,male,7.285557,1
Shruti Khandelwal,asian,female,4.667453,1
Shruti Upadhaya,asian,female,4.632457,1
Shuanglin Lin,asian,male,3.883093,1
Shubha Vilas,asian,male,5.06069784035361,4
Shubham Choudhary,asian,male,5.45331834004704,3
Shubham Raj,asian,male,6.10037054511756,2
Shubham Sharma,asian,male,6.550228,1
Shuji Nakamura,asian,male,5.25042000230889,2
Shujoy Chowdhury,asian,male,2.4456042032736,4
Shuly Xóchitl Cawood,latino,female,3.656098,1
Shumila Shah,asian,female,2.856124,2
Shungiku Nakamura,asian,female,5.146128,1
Shunryu Suzuki,asian,male,5.698100546,10
Shunzei's daughter,asian,female,2.959041,1
Shuu Maiko,asian,male,3.842609,1
Shweta Bhatnagar,asian,female,4.143015,1
Shūsaku Endō,asian,male,4.91487181754005,10
Sid Mittra,asian,male,3.64640372622307,5
Siddhant R. Shinde,asian,male,1.77815125038364,3
Siddharta Mukherjee,asian,male,6.02118929906994,4
Siddharth Dhanvant Shanghvi,asian,male,4.206825876,2
Siddharth Joshi,asian,male,5.25042,2
Siddharth Seksaria,asian,male,3.404834,1
Siddhartha Choudhary,asian,male,3.7160033436348,2
Siddhartha Mukherjee,asian,male,6.02118929906994,10
Sidharth Oberoi,asian,male,3.758155,1
Sidney Beal III,black,male,3.071882,1
Sidney Poitier,black,male,6.13672056715641,8
Silas Packianathan,asian,male,2.38739,1
Silvia Flores,latino,female,5.977266,1
Silvia Moreno-Garcia,latino,female,6.240549,1
Silvia Villalobos,latino,female,5.049218,1
Simon S Tam,asian,male,3.324282,7
Simon Tam,asian,male,4.932981,3
Simone Biles,black,female,6.691965,1
Simone Schwarz-Bart,black,female,4.924796,1
Simone Smith,black,female,5.732394,1
Simran Kapoor,asian,female,5.641474,1
Simón Silva,latino,male,4.93701610746481,3
Sinbad,black,male,7.017033,1
Singh Amendra,asian,male,2.845718,1
Sinqua Walls,black,male,5.274158,1
Sipho Bayeto,black,male,2.32838,1
Siriworn Kaewkan,asian,male,3.495544,1
Sister Souljah,black,female,4.94743372188705,5
Siti Nurlaeli,asian,female,4.245513,1
Siva Kaneswaren,asian,male,4.984527,1
Sivakumar Gow,asian,male,3.02938377768521,10
Sivamani,asian,male,5.539076,1
Sivananda Saraswati,asian,male,5.09342168516223,4
Sivaprakash Sidhu,asian,male,3.06069784035361,10
Skrillex,latino,male,6.942504,1
Slash,black,male,8.10720996964787,3
Sloane Stephens,black,female,5.60206,3
Sly Stone,black,male,5.767898,1
Smita Kaushik,asian,female,3.91169,1
Smokey Robinson,black,male,6.43136376415899,5
Sneha Abraham,asian,female,4.120573931,2
Sneha Agarwal,asian,female,5.334454,1
Sneha Ameya,asian,female,2.59217675739587,2
Snoop Dogg,black,male,7.59328606702046,5
Soe Hok Gie,asian,male,5.489958,1
Sofi Benitez,latino,female,4.54406804435028,8
Sofia Reyes,latino,female,6.48713837547719,6
Sofia Vergara,latino,female,6.761928,1
Sofía Navarro,latino,female,5.52891670027766,3
Sogyal Rinpoche,asian,male,5.63648789635337,3
Sohail Umar,asian,male,4.39269695325967,5
Soichire Honda,asian,male,5.578639,1
Sojourner Truth,black,female,5.96094619573383,10
Sola Kosoko,black,female,4.94890176097021,7
Solange Knowles,black,female,5.75891189239797,10
Solange nicole,black,female,4.48429983934679,10
Soledad O'Brien,black,female,5.082785,1
Solomon Burke,black,male,5.698101,1
Solomon Northup,black,male,5.4456042032736,3
Solomon Ortiz,latino,male,4.240549248,5
Somaly Mam,asian,female,5.00432137378264,2
Soman Chainani,asian,male,5.98989456371877,10
Somya Kedia,asian,female,3.96754797621886,10
Son Jae Ho,asian,male,4.356026,1
Sonakshi Sinha,asian,female,6.685742,1
Sonal Panse,asian,female,3.53529412004277,4
Sonali Dabade,asian,female,3.383815,1
Sonali Deraniyagala,asian,female,4.75966784468963,6
Sonam Kapoor,asian,female,6.61278385671974,6
Sondra Torres,latino,female,3.252853,1
Sonia Estrada,latino,female,5.50515,1
Sonia Sanchez,black,female,6.305351,1
Sonia Sotomayor,latino,female,5.9434945159061,10
Sonny Chiba,asian,male,5.383815,1
Sonny Rollins,black,male,6.20411998265593,2
Sonu Nigam,asian,male,7.1959,1
Sonya Watson,black,female,4.71767050300226,9
Sook Nyul Choi,asian,female,4.11059,1
Soong Mei-ling,asian,female,4.845718,1
Sooyeon Won,asian,female,3.814248,1
Sophany Thay,asian,female,1.623249,1
Sophia Nam,asian,female,4.10037054511756,3
Sophie Villalobos,latino,female,3.684845,1
Sor Juana Inés de la Cruz,latino,female,6.75358305889291,5
Sorrab Singha,asian,male,2.604226053,3
Sotero M Lopez II,latino,male,4.14301480025409,9
Soudip Sinha Roy,asian,male,3.369216,1
Soulja Boy,black,male,6.767898,1
Soumi Ghosh,asian,female,5.404834,1
Soumya V.,asian,female,4.513218,1
Sourabh Mukherjee,asian,male,4.671173,1
Sourav Adhikari,asian,male,4.67209785793572,4
Spike Lee,black,male,6.83250891270624,4
Sravani Saha Nakhro,asian,female,3.39619934709574,10
Sreejith Ganesan,asian,male,2.673021,1
Sreeram Mandikal Sreenath,asian,male,2.184691,1
Sri Amma Bhagwan.,asian,male,4.39445168082622,2
Sri Aurobindo,asian,male,6.55990662503611,10
Sri Chinmoy,asian,male,5.58994960132571,10
Sri Jibankrishna or Diamond,asian,male,2.51188336097887,3
Sri Krishna,asian,male,7.198657,1
Sri Mulyani Indrawati,asian,female,6.22788670461367,2
Sri Nisargadatta Maharaj,asian,male,5.78247262416629,2
Sri Sathya Sai Baba,asian,male,6.41162,1
Sri Sri Paramahansa Yogananda,asian,male,5.620136,1
Sri Sri Ravi Shankar,asian,male,6.15533603746506,8
Sridhar Movva,asian,male,2.976808,1
Srijita Sarkar,asian,female,4.392697,1
Srikanth Kosuru,asian,male,3.518514,1
Srikumar Rao,asian,male,4.76492298464989,2
Srinidhi.R,asian,female,4.27646180417324,2
Srinivas Shenoy,asian,male,4.45636603312904,10
Srinivasan,asian,male,7.292256,1
Sriram,asian,male,7.252853,1
Srishti,asian,male,6.99782308074573,2
Srividya Srinivasan,asian,female,3.9604707775343,10
St. Vincent,black,male,8.11394335230684,3
Stacey H. Lee,asian,female,3.4843,1
Stacey Lee,asian,female,5.69019608002851,6
Stacy Hawkins Adams,black,female,4.25285303097989,5
Stan Sakai,asian,male,5.394452,1
Stan Shaw,black,male,4.978637,1
Stanice Anderson,black,female,3.454845,1
Stanley Crouch,black,male,4.68842,1
Stanley Ho,asian,male,5.69897,1
Stanley Kujokera,black,male,3.65513843481138,6
Star Jones,black,female,5.240549248,4
Stefon Diggs,black,male,6.556303,1
Stefon Harris,black,male,5.311754,1
Stella Oladiran,black,female,3.63648789635337,3
Stephan Labossiere,black,male,4.90741136077459,10
Stephanie Mbida,black,female,3.853698,1
Stephanie Mills,black,female,5.840733,2
Stephanie S. Covington,black,female,4.71349054309394,3
Stephanie Sigman,latino,female,5.62013605497376,3
Stephanie Tubbs Jones,black,female,5.021189,1
Stephen A. Smith,black,male,6.761176,1
Stephen Carter,black,male,5.380211,1
Stephen Curry,black,male,7.31597,2
Stephen John Uy,asian,male,2.447158,1
Stephen K. Amos,black,male,4.61595,1
Stephen Kurniawan,asian,male,3.690196,1
Stephen L. Carter,black,male,5.26245109,10
Stephen Le,asian,male,5.40824,1
Stephen Lozada,latino,male,3.708421,1
Sterling K. Brown,black,male,6.060698,1
Steve Ahn,asian,male,4.54406804435028,3
Steve Cioccolanti,asian,male,4.69722934275972,3
Steve Harvey,black,male,7.70500795933334,10
Steve López,latino,male,5.65609820201283,5
Steve Sanchez,latino,male,5.354108,1
Steven A. Williams,black,male,5.10721,1
Steven Barnes,black,male,5.240549,1
Steven Biko,black,male,4.59549622182557,6
Steven Chuks Nwaokeke,black,male,2.70070371714502,10
Steven Jackson,black,male,5.621176,1
Steven Ramirez,latino,male,5.56348108539441,10
Steven Singh Babbar,asian,male,2.436163,1
Steven dos Santos,latino,male,4.322219,1
Stevens Rakgogo,black,male,2.78958071216443,3
Stevie J. Cole,black,male,4.79239168949825,3
Stevie Wonder,black,male,7.149219113,10
Stokely Carmichael,black,male,5.805500858,6
Stormzy,black,male,6.86093662070009,2
Stuart Scott,black,male,5.654177,1
Stuti Dhyani,asian,female,2.757396,1
Su Tung-po,asian,male,4.113943,1
Subbu Peteti,asian,male,3.100371,1
Sube Singh,asian,male,5.45939248775923,5
Subhajit Ganguly,asian,male,4.22788670461367,2
Subham Dwivedi,asian,male,3.75739602879302,3
Subhasis Das,asian,male,5.34044411484012,9
Subodh Gupta,asian,male,5.572871602,2
Subrahmanijan Chandrasekhar,asian,male,5.2718416065365,2
Subrahmanyan Chandrasekhar,asian,male,5.2718416065365,4
Subrat Saurabh,asian,male,4.232996,1
Subroto Bagchi,asian,male,5.1846914308176,2
Suchen Christine Lim,asian,female,4.176091,1
Sucher chaturvedi,asian,male,0.90309,1
Suchet chaturvedi,asian,male,2.64640372622307,5
Sudakshina Bhattacharjee,asian,female,3.742725,1
Sudeb Gharami,asian,male,3.62736585659273,7
Sudeep Nagarkar,asian,male,5.025306,1
Sudeep Prakash Sdk,asian,male,1.72427586960079,3
Sudesh Abrol,asian,male,3.170262,1
Sudeshna Dutta,asian,female,4.907949,1
Sudha Nair,asian,female,4.789581,1
Sudheer Reddy,asian,male,5.598791,8
Sudhir Mittal,asian,male,4.522444,1
Sudipto Zephyr Ghosh,asian,male,2.489958,2
Sue Ziang,asian,female,3.51321760006794,2
Sufian Chaudhary,asian,male,3.481443,1
Sugar Ray Leonard,black,male,5.920123,2
Sugar Ray Robinson,black,male,5.702431,1
Sugata Mitra,asian,male,5.07918124604763,6
Sugiarti Manik,asian,female,3.982723,2
Suhagini,asian,female,5.40824,1
Sui Ishida,asian,male,6.19589965240923,10
Suilan Lee,asian,female,3.298853,1
Sujata Mondal,asian,female,5.635484,1
Sujayendra,asian,male,3.85248,1
Suji Kwock Kim,asian,female,3.998695,1
Sujish Kandampully,asian,male,2.69810054562339,8
Sujit Lalwani,asian,male,3.8767949762007,10
Sujit Meher,asian,male,4.045323,1
Sukant Ratnakar,asian,male,4.00860017176192,10
Sukanya Venkatraghavan,asian,female,3.525045,1
Sukarno,asian,male,6.54777470538782,2
Sukh Dev,asian,male,5.419956,1
Sukhdeep Singh,asian,male,6.029384,1
Sukhraj Dhillon,asian,male,3.643453,3
Sukhraj S. Dhillon,asian,male,3.941014,1
Suki Kim,asian,female,4.48429983934679,2
Sulak Sivaraksa,asian,male,4.79588001734407,2
Suli Breaks,black,male,4.62634,1
Suman Arora,asian,female,5.711807,1
Suman Pokhrel,asian,male,4.81954393554187,10
Sumana Roy,asian,female,5.477121,1
Sumanta Goswami,asian,male,3.928908,1
Sumantra Ghoshal,asian,male,4.89376176205794,2
Sumeet Mathur,asian,male,4.164353,1
Sumiko Saulson,black,female,4.730782,1
Sumit Agarwal,asian,male,5.60530504614111,5
Sumit Kumar Mallik,asian,male,3.910091,1
Sumit Lakhani,asian,male,3.85309,1
Sumit Singh,asian,male,6.50379068305718,2
Sumrit Shahi,asian,male,4.15836249209525,3
Sun Myung Moon,asian,male,5.693727,1
Sun Ra,black,male,6.16435285578444,6
Sun Tzu,asian,male,6.69108149212297,10
Sun Yat-sen,asian,male,6.761176,3
Sunanda J. Chatterjee,asian,female,3.495544,5
Sundar Pichai,asian,male,6.61909333062674,5
Sunday Adelaja,black,male,5.22788670461367,10
Sundeep Lal,asian,male,3.536558443,3
Sung Yee Poon,asian,female,2.02938377768521,5
Sunil Malhotra,asian,male,5.555094,1
Sunil Mittal,asian,male,5.243038,1
Sunil Nagaraj,asian,male,3.9566485792052,2
Sunil Vidyarthi,asian,male,3.257679,1
Suniti Namjoshi,asian,female,4.545307,1
Sunjeev Sahota,asian,male,4.91169,1
Sunny Basra,asian,male,3.936514,1
Sunny Deol,asian,male,6.92012332629072,3
Surabhi Dhar,asian,female,3.240549,1
Suraj Dahal,asian,male,4.74507479158206,3
Suraj Dutta,asian,male,4.558709,1
Suraj Rajput,asian,male,5.874482,1
Surajit Sarkar,asian,male,5.468347,1
Surendranath A,asian,male,3.883661,1
Suresh Menon,asian,male,5.571709,1
Suresh Raina,asian,male,6.06069784035361,3
Surgeo Bell,black,male,3.47856649559384,10
Susan Block,white,female,5.04139268515823,10
Susan Choi,asian,female,5.130334,1
Susan Ee,asian,female,5.11058971029925,10
Susan L. Taylor,black,female,5.12385164096709,4
Susan Rice,black,female,5.6599162,2
Susan Segovia Munoz,latino,female,3.363612,1
Susan Taylor,black,female,5.97127584873811,1
Susan Toy,asian,female,4.494155,1
Susana Almeida,latino,female,5.559907,1
Susana Martinez,latino,female,5.82151352840477,4
Sushant Singh,asian,male,6.549003,2
Sushant Singh Rajput,asian,male,6.47275644931721,5
Sushil Singh,asian,male,5.53402610605614,10
Sushil pandey,asian,male,5.549003,2
Susumu Katsumata,asian,male,4.029383778,3
Suu Morishita,asian,female,5.448706,1
Suzan-Lori Parks,black,female,5.457882,2
Suzanne Ahn,asian,female,3.840733,1
Suzumu,asian,male,4.744293,2
Swami Brahmananda,asian,male,5.35983548233989,2
Swami Chetanananda,asian,male,4.98855895687862,3
Swami Mukerji,asian,male,3.857935,1
Swami Pranayomama,asian,male,2.23044892137827,3
Swami Ranganathananda,asian,male,5.060698,1
Swami Satchidananda,asian,male,5.50105926221775,5
Swami Satchitananda,asian,male,5.498311,2
Swami Sivananda,asian,female,6.24303804868629,8
Swami Venkatesananda,asian,male,4.887054,1
Swapna Rajput,asian,female,3.74115159885178,10
Swapnil Kumar,asian,male,4.85125834871908,2
Swaran Jaggi,asian,male,2.90254677931399,2
Swarnakanthi Rajapakse,asian,female,2.64640372622307,8
Swati Kumar,asian,female,4.98944981766669,7
Swati Tyagi,asian,female,4.867467,1
Sweety Shinde,asian,female,3.70500795933334,9
Swizz Beatz,black,male,6.463893,1
Sydney Carter,black,male,5.350248,1
Syed Afroz Alam,asian,male,3.371068,1
Syed Azeem Bukhari,asian,male,2.818226,1
Syed Muhammad Naquib al-Attas,asian,male,5.4983105537896,2
Syed Shan Asif,asian,male,0.477121,1
Syed Sharukh,asian,male,4.19312459835446,10
Syed Sohail Ahmed,asian,male,4.429752,1
Sylvia Iparraguirre,latino,female,4.71011736511182,2
Sōichirō Honda,asian,male,5.578639,3
Sōseki Natsume,asian,male,5.49554433754645,10
T-Pain,black,male,6.90363251608424,4
T. B. Joshua,black,male,6.060698,1
T. D. Jakes,black,male,6.16435285578444,10
T. Haque,asian,male,4.763428,1
T. J. Perkins,asian,male,4.818226,1
T. S. Kalyanaraman,asian,male,4.752048,1
T.F. Hodge,black,male,4.45484486,10
T.I.,black,male,9.252853,1
T.I. Harris,black,male,4.920123,1
T.K. Coleman,black,male,4.51719589794997,4
T.N. Suarez,latino,male,2.96236933567002,10
T.P. Rajeevan,asian,male,4.340444,1
Ta-Nehisi Coates,black,male,6.404834,10
Tablo,asian,male,7.64542226934909,5
Tachibana Higuchi,asian,female,4.83569057149243,2
Tadahiko Nagao,asian,male,4.26007138798508,7
Tadanobu Asano,asian,male,5.92993,1
Tadao Ando,asian,male,6.641474111,10
Tadashi Yanai,asian,male,5.322219295,2
Tade Thompson,black,male,5.113943,1
Tae Yun Kim,asian,male,4.99475694458763,10
Tahj Mowry,black,male,5.477121,1
Tai Solarin,black,male,5.935003,1
Taijun Takeda,asian,male,3.666518,1
Taisen Deshimaru,asian,male,5.15228834438306,4
Taiye Selasi,black,female,5.10380372095596,3
Taiyo Fujii,asian,male,4.230449,1
Taj Mahal,black,male,7.465383,1
Takashi Hiraide,asian,male,5.025306,1
Takashi Kajii,asian,male,3.645422,1
Takashi Murakami,asian,male,6.995196,1
Takayuki Yamaguchi,asian,male,5.03742649794062,2
Takeshi Shudo,asian,male,4.596597,1
Takuji Ichikawa,asian,male,4.545307,1
Talib Kweli,black,male,6.4996870826184,2
Tamar Braxton,black,female,6.557507,1
Tamara Jasmine Burrell,black,female,1.892095,1
Tameichi Hara,asian,male,4.230449,1
Tami B Harriott,black,female,2.089905,1
Tami Egonu,black,female,3.20951501454263,2
Tamika L. Sims,black,female,3.342423,1
Tan Le,asian,female,5.507856,1
Tan Twan Eng,asian,male,5.28780172993023,3
Tang Fei,asian,male,5.451786,1
Tang Qi,asian,male,5.509203,1
Tania James,asian,female,4.542825,1
Tanmay Chand,asian,male,2.955207,1
Tanmay Patange,asian,male,3.307496,1
Tanu Reshma B Singh,asian,female,1.579783597,2
Tanuj,asian,female,6.480007,2
Tanushree Podder,asian,female,4.856124444,3
Tanveer Mazhar,asian,male,3.795185,1
Tanya Gambhir,asian,female,3.51054501020661,9
Tanya Sehgal,asian,female,4.356026,1
Tanya Thompson,black,female,5.469822,1
Tanya Ward Jordan,black,female,3.29225607135648,2
Tao Ho,asian,male,5.181844,1
Tao Lin,asian,female,5.409933,5
Taona Dumisani Chiveneko,black,male,2.89042101880091,10
Tapan Ghosh,asian,male,5.52633927738984,10
Tapan Singhel,asian,male,4.717671,1
Tara Sim,asian,female,4.633468,1
Taraji P. Henson,black,female,6.32428245529769,3
Tarang Sinha,asian,male,3.8767949762007,10
Taranpreet Singh,asian,male,5.22271647114758,2
Tarell Alvin McCraney,black,male,5.130334,1
Taro Okamoto,asian,male,5.956168,1
Tarun Betala,asian,male,3.285557,1
Tarun J. Tejpal,asian,male,4.37106786227174,5
Tarun Sharma,asian,male,6.15228834438306,9
Taslima Nasrin,asian,female,5.68394713075151,6
Tati-Ana Mercedes,latino,female,3.313867,1
Taufik Hidayat,asian,male,6.513218,1
Tawana Beecham,black,female,3.20412,2
Tayari Jones,black,female,5.34830486304816,2
Tayyab Nawaz Sulehri,asian,male,2.50650503240487,3
Ted Chiang,asian,male,5.48287358360875,7
Ted Cruz,latino,male,7.04532297878666,10
Ted Lange,black,male,5.053078,1
Teddy Pendergrass,black,male,5.920645,1
Tehmina Durrani,asian,female,5.04921802267018,5
Teju Cole,black,male,5.187521,5
Temi 'T Quest' Sholeye,black,female,1.875061263,5
Temitayo A,black,female,4.318063,1
Tena Desae,asian,female,4.78532983501077,2
Tere Liye,asian,male,6.633468,1
Teresa Garcia,latino,female,6.536558443,2
Teresa Lo,asian,female,5.11727129565576,4
Teresa Marie Garcia,latino,female,3.71264970162721,3
Teresa de la Parra,latino,female,5.173186,1
Terrance Hayes,black,male,4.888179,1
Terrance McAllister,black,male,3.330414,1
Terrance Robinson,black,male,1.47712125471966,2
Terrell Davis,black,male,5.664642,1
Terrence Howard,black,male,6.08635983067475,2
Terris McMahan Grimes,black,female,3.100371,1
Terry Crews,black,male,6.59328606702046,3
Terry Gou,asian,male,5.012837,1
Terry McMillan,black,female,5.35793484700045,3
Teruyo Nogami,asian,female,4.100371,1
Teshima Yusuke,asian,male,1.662758,1
Tess Gerritsen,asian,female,5.8668778143375,8
Teyana Taylor,black,female,6.736397,1
Thabang Gideon Magaola,black,male,1.90308998699194,5
Thabiso Monkoe,black,male,3.19865708695442,10
Thabo Jijana,black,male,3.07188200730613,2
Thabo Katlholo,black,male,3.44870632,5
Thabo Mbeki,black,male,6.08636,1
Thalia,latino,female,7.74350976472843,4
Thanakit Chansong,asian,male,2.340444,1
Thanhha Lai,asian,female,4.45331834004704,2
The Dalai Lama,asian,male,6.56466606425209,2
The Dharmapada,asian,male,4.214844,1
The God,black,male,7.892095,1
The Mexican Horse Thief,latino,male,3.54406804435028,2
The RZA,black,male,5.19312459835446,2
The Sound of Serendipity,latino,female,4.700704,1
The Weeknd,black,male,7.64738297,8
Thea Nishimori,asian,female,3.755112,1
Thelonious Monk,black,male,6.365488,4
Thelonious Sphere Monk,black,male,4.921686,1
Theophilus Ajadi,black,male,3.274157849,2
Theophilus London,black,male,5.67024585307412,10
Theresa Nicassio,white,female,3.93751789201735,3
Thia Megia,asian,female,4.51719589794997,4
Thibanraaj Dora Rajah,asian,male,2.587711,2
Thich Nhat Hanh,asian,male,6.58206336291171,9
Thierry Henry,black,male,6.79239168949825,5
Things fall apart,black,male,6.565848,1
Thiru Voonna,asian,male,2.720986,1
Thiruman Archunan,asian,male,3.34830486304816,10
Thiruvalluvar,asian,male,6.51982799377572,10
Thisuri Wanniarachchi,asian,female,4.07188200730613,6
Thomas Edison Guerrero Barbosa,latino,male,3.117271,1
Thomas Fuller,black,male,5.58433122436753,10
Thomas Matlhako,black,male,1,1
Thomas Muriuki,black,male,3.414973,1
Thomas Perez,latino,male,5.209515,1
Thomas R. Ybarra,latino,male,3.552668,1
Thomas Sankara,black,male,6.507856,2
Thomas Sowell,black,male,6.34242268082221,10
Thomas Vazhakunnathu,asian,male,4.07918124604763,10
Thomas Warfield,black,male,4.50379068305718,3
Thrity Umrigar,asian,female,5.32014628611105,6
Thulani Davis,black,female,4.587711,1
Thulasiraj Ravilla,asian,male,3.753583,1
Thurgood Marshall,black,male,6.40824,2
Thurman P. Banks Jr.,black,male,3.053078443,3
Thylias Moss,black,female,4.43616264704076,3
Tia Carrere,asian,female,5.857332,1
Tia Mowry,black,female,6.10720996964787,5
Tia Walker,black,female,5.03342375548695,5
Tianna Holley,black,female,3.130334,1
Tiara Tanishq Abraham,asian,female,0.30103,1
Tichina Arnold,black,female,5.970347,1
Tiffany Dufu,black,female,4.658965,1
Tiffany L. Jackson,black,female,4.322219295,8
Tiger Shroff,asian,male,6.58433122436753,3
Tiger Woods,black,male,7.14301480025409,10
Tika Sumpter,black,female,5.97034687623009,2
Tila Tequila,asian,female,5.934498,1
Tim Anderson,black,male,6.383815,1
Tim Duncan,black,male,6.4456042032736,4
Tim I. Gurung,asian,male,3.67669360962487,2
Tim Scott,black,male,6.056905,1
Tim Wu,asian,male,5.34830486304816,2
Timbaland,black,male,6.908485,1
Timothy Mwirigi Culture,black,male,0.845098,2
Timothy Thomas Fortune,black,male,4.170262,1
Tina Charles,black,female,5.636488,1
Tina J. Richardson,black,female,3.64738297,10
Tina Sequeira,asian,female,4.3541084391474,2
Tina Turner,black,female,7.10720996964787,6
Tinashe,black,female,7.120573931,2
Tinie Tempah,black,male,6.36172783601759,3
Tionne Watkins,black,female,4.66275783168157,4
Tirumalai Krishnamacharya,asian,male,4.839478,1
Tirumalai S. Srivatsan,asian,male,3.149219,2
Tisha Marie Payton,black,female,3.64640372622307,5
Tista Ray,asian,female,3.56229286445647,2
Tite Kubo,asian,male,5.93550726582471,10
Tito Rajarshi Mukhopadhyay,asian,male,3.973128,1
Tituss Burgess,black,male,5.72997428569956,5
Todd Day,black,male,4.821514,1
Todd Park,asian,male,5.49693,1
Togashi,asian,male,6.579784,1
Toks Olagundoye,black,female,5.53147891704226,2
Tokugawa Iehiro,asian,male,3.152288,1
Tokugawa Ieyasu,asian,male,6.190332,2
Tommy Tran,asian,male,5.5705429398819,3
Tommy Yune,asian,male,4.536558,1
Tomu Ohmi,asian,female,4.491362,1
Tomás Mier,latino,male,5.903633,1
Toni Braxton,black,female,6.5705429398819,8
Toni Cada Bambara,black,female,5.372912,1
Toni Cade Bambara,black,female,5.3747483460101,7
Toni Jenkins,black,female,4.918555,1
Toni Morrison,black,female,6.579783597,10
Toni Robinson,black,male,5.184691,1
Tonny K. Brown,black,male,3.74896286125616,10
Tony A. Gaskins Jr.,black,male,4.802089,1
Tony Alfonso,latino,male,4.424882,1
Tony Cardenas,latino,male,4.884795,2
Tony Dungy,black,male,5.40993312333129,8
Tony Evans,black,male,6.95036485437612,4
Tony Garza,latino,male,4.876795,1
Tony Gaskins,black,male,4.884795,1
Tony Gwynn,black,male,5.9670797341445,2
Tony Harrison,black,male,5.361728,2
Tony Hsieh,asian,male,5.434569,1
Tony Jaa,asian,male,5.90309,1
Tony Meloto,asian,male,4.25042,1
Tony Perez,latino,male,5.903633,1
Tony Porter,black,male,5.143015,1
Tony Tan,asian,male,5.653213,1
Tony Tulathimutte,asian,male,5.136721,1
Tony Williams,black,male,6.16435285578444,2
Torrey Smith,black,male,5.245513,1
Torron-Lee Dewar,black,male,3.74663419893758,2
Toru Takemitsu,asian,male,5.737193,1
Tory Lanez,black,male,6.77597433112937,2
Toshimi A. Kayaki,asian,female,0,1
Totok R. Biyanto,asian,male,3.748188,2
Toussaint Louverture,black,male,6.07188200730613,2
Toyo Ito,asian,male,5.994757,2
Toyotomi Hideyoshi,asian,male,5.98855895687862,2
Tracee Ellis Ross,black,female,6.21748394421391,5
Tracey Clark,black,female,5.00432137378264,2
Tracey Porter,black,female,4.644439,1
Tracy Chapman,black,female,6.40483371661994,8
Tracy K. Smith,black,female,5.017033,1
Tracy McGrady,black,male,6.25042,1
Tracy Morgan,black,male,6.30319605742049,10
Tracy Weber,black,female,5.01283722470517,2
Tran Duc Luong,asian,male,4.575188,1
Travis Scott,black,male,7.820857989,7
Trenice Carter,black,female,2.800029,2
Trent Shelton,black,male,5.318063,1
Trevante Rhodes,black,male,5.770115,1
Trevor Jackson,black,male,5.818885415,2
Trevor McDonald,black,male,5.350248,1
Trevor Noah,black,male,7.12385164096709,10
Trevor Phillips,black,male,5.591065,1
Trey Songz,black,male,6.51454775266029,2
Tripta Arora,asian,female,3.53781909507327,2
Trisha Goddard,black,female,4.928908,1
Trombone Shorty,black,male,5.55266821611219,2
Troy Jackson,black,male,5.20412,1
Troy Vincent,black,male,5.130334,1
Trya Banks,black,female,6.651278,1
Tsai Ing-wen,asian,female,6.064458,1
Tsem Tulku Rinpoche,asian,male,4.64246452024212,4
Tsitsi Dangarembga,black,female,5.42651126136457,6
Tsoknyi Rinpoche,asian,male,5.19589965240923,5
Tsugumi Ohba,asian,male,6.04921802267018,10
Tsukasa Hojo,asian,male,5.578639,1
Tsuneichi Miyamoto,asian,male,3.981366,1
Tsunetomo Yamamoto,asian,male,4.855519156,5
Tsutomu Nihei,asian,male,5.854306,1
Tuba Javed,asian,female,3.571709,1
Tuhin A. Sinha,asian,male,4.32014628611105,6
Tumpal Sihombing,asian,male,3.716838,4
Tun Teja,asian,female,6.10380372095596,2
Tupac Shakur,black,male,6.84010609445676,10
Tushar Mangl,asian,male,4.075547,1
Tushar Raheja,asian,male,4.889862,1
Tushar Saxena,asian,male,4.67577834167408,7
Tushar Upreti,asian,male,3.41497334797082,9
Twinkle Khanna,asian,female,6.17609125905568,9
Twinkle Varshney,asian,female,3.460898,1
Two Chainz,black,male,4.38560627359831,2
Ty Dolla Sign,black,male,5.796574333,5
TyLeishia Douglass,black,female,2.824126,1
Tyga,asian,male,7.06818586174616,3
Tyler James Williams,black,male,5.654177,1
Tyler Perry,black,male,6.78031731214015,10
Tyler Posey,latino,male,5.92064500140679,2
Tyra Banks,black,female,6.66275783168157,10
Tyra Lynn,black,female,4.67394199863409,2
Tyree Guyton,black,male,4.699838,1
Tyrese Gibson,black,male,6.198657,1
Tyson Gay,black,male,5.371068,1
Tytenisha L. Osgood,black,female,2.190332,1
U Thant,asian,male,5.816241,1
Uche Mac-Auley,black,female,3.480007,1
Udai Yadla,asian,male,3.48713837547719,10
Uday Kiran,asian,male,5.620136,1
Uday Kotak,asian,male,5.152288,1
Uday Mukerji,asian,male,3.25527250510331,5
Udayveer Singh,asian,male,5.40312052117582,10
Ueda Akinari,asian,male,4.896526,1
Ufuoma Apoki,black,female,3.30749603791321,10
Ugo Eze,black,male,4.774517,1
Ugochi Oritsejolomisan,black,female,3.14612803567824,2
Ujjawal Patel,asian,male,4.089905,1
Ujjwal Chugh,asian,male,3.91222205653242,3
Uma Shanker,asian,male,5.43616264704076,10
Umair Naeem,asian,male,4.84695532501982,2
Umair Siddiqui,asian,male,5.06069784035361,4
Umakant,asian,male,6.22788670461367,2
Umang joshi,asian,male,4.374748,1
Umera Ahmed,asian,female,5.91487181754005,2
Umesh,asian,male,7.307496,1
Upali Magedaragamage,asian,male,3.130334,1
Upasana Saraf,asian,female,3.136721,2
Upile Chisala,black,female,4.594393,1
Usain Bolt,black,male,6.77158748088126,5
Usher,black,male,7.73319726510657,5
Usman Ali,asian,male,6.264818,1
Usman Iqbal,asian,male,5.421604,1
Utkarsh Sharma,asian,male,5.959041,3
Utpal Dutta,asian,male,5.998695,1
Utpal Vaishnav,asian,male,4.053078443,5
Utsav Sharma,asian,male,4.745855,1
Utsav Shrestha,asian,male,4.475671188,2
Uwem Akpan,black,male,5.240549,1
Uyesugi Kenshin,asian,male,5.668386,1
Uzo Aduba,black,female,5.98181860717066,3
Uzoma Nnadi,black,male,3.09342168516224,10
V Narayanan,asian,male,5.35983548233989,2
V Partap Singh Salathia,asian,male,0.845098,1
V. V. Rao,asian,male,3.367356,2
V.S. Ramachandran,asian,male,5.01283722470517,2
Vaddey Ratner,asian,female,4.46982201597816,4
VaeEshia Ratcliff-Davis,black,female,2.51054501020661,7
Vaibhav Mukim,asian,male,3.419956,1
Vaibhav Soni,asian,male,5.049218,1
Vaishal sheth,asian,male,4.00860017176192,5
Vaishnavi Hajari,asian,female,3.25767857486918,2
Vaishnavi Vatsyayan,asian,female,2.245513,1
Valaida Fullwood,black,female,3.946452,2
Valenciya Lyons,black,female,2.85853719756964,4
Valentina Cano,latino,female,5.00432137378264,2
Valerie Bowman,black,female,4.781037,1
Valerie J. Lewis Coleman,black,female,4.14612803567824,6
Valerie Jarrett,black,female,5.19312459835446,2
Valjeanne Jeffers,black,female,4.060698,1
Valynne E. Maetani,asian,female,3.873321,1
Van Jones,black,male,5.737987,2
Vandana Agarwal,asian,female,5.113943,1
Vandana Shanker,asian,female,2.976808,1
Vandana Shiva,asian,female,5.85793526471943,6
Vandana Yadav,asian,female,5.525045,1
Vanessa Dela Cruz,latino,female,4.970812,1
Vanessa Estrella,latino,female,5.503791,1
Vanessa Mae,asian,female,5.992111488,2
Vanessa Williams,black,female,6.271842,1
Vann Turner,black,male,3.536558,1
Vannary Rang,asian,female,2.369216,4
Vanshika Dhyani,asian,female,3.11727129565576,6
Varsha Bajaj,asian,female,4.675778,1
Varsha Dixit,asian,female,4.45331834004704,3
Vashti Quiroz-Vega,latino,female,3.654177,1
Vatsal,asian,male,6.485721,1
Vatsal Surti,asian,male,2.79239168949825,10
Ved Mehta,asian,male,4.775246,1
Vedang Sati,asian,male,3.404834,1
Veena Nagpal,asian,female,4.161368,1
Venkat Desireddy,asian,male,2.92012332629072,2
Venkat Gandhi,asian,male,4.28555730900777,5
Venkatesh G. Rao,asian,male,3.324282,1
Venkatraman Ramakrishnan,asian,male,5.51587384371168,2
Vennela,asian,male,6.133539,1
Venugopal Gupta,asian,male,3.5092025223311,2
Venus Angelica Perez,latino,female,2.39794,1
Venus Williams,black,female,6.78816837114117,10
Vera Wang,asian,female,6.915399835,9
Verghese Kurien,asian,male,5.35218251811136,3
Vernita Naylor,black,female,3.870989,1
Vernon Kitabu Turner,black,male,3.440909,1
Veronica Webb,black,female,4.996074,1
Vicente Fox,latino,male,6.045323,1
Vicky xu,asian,female,4.745855,1
Victor Antonio Hayes,black,male,1.875061,1
Victor Cruz,latino,male,5.97635,2
Victor Edioye Okpapi,black,male,0.30103,1
Victor Ide-Okoye,black,male,3.33041377334919,2
Victor L. Wooten,black,male,4.40140054078154,3
Victor LaValle,black,male,5.178976947,10
Victor M. Garcia,latino,male,5.178977,1
Victor Manan Nyambala,black,male,2.71516735784846,4
Victor Manuel Rivera,latino,male,5.06069784035361,10
Victor Tam,asian,male,4.523746,1
Victor Villaseñor,latino,male,4.457882,1
Victoria Avilan,latino,female,3.298853,1
Victoria Caro,latino,female,4.710117,1
Victoria Wen,asian,female,3.961421,1
Vid Lamonte' Buggs Jr.,black,male,2.988113,1
Vidya,asian,female,7.643453,1
Vidya Balan,asian,female,6.50514997831991,3
Vidyut,asian,female,6.698101,1
Viet Thanh Nguyen,asian,male,5.57403126772772,10
Vignesh Karthi,asian,male,3.794488,1
Vignesh S,asian,male,5.48855071650044,2
Vignesh S.V.,asian,male,3.83058866868514,8
Vihang A. Naik,asian,male,4.170262,1
Vijay Bagha,asian,male,3.28555730900777,2
Vijay Balakrishnan,asian,male,4.428135,1
Vijay Dhameliya,asian,male,3.66464197555613,10
Vijay Govindarajan,asian,male,5.30963,1
Vijay Kedia,asian,male,5.07188200730613,10
Vijay Kumar,asian,male,7.100371,1
Vijay Mallya,asian,male,5.94939000664491,3
Vijay Sethupathi,asian,male,6.720159,1
Vijay Vaghela,asian,male,5.247973,1
Vijaya Lakshmi Pandit,asian,female,4.957607,2
Vijenda Kumar,asian,male,5.851258,1
Vijender Singh,asian,male,5.912222,1
Vikas Swarup,asian,male,5.52374646681156,6
Vikash Shrivastava,asian,male,4.25767857486918,6
Vikram Adhikari,asian,male,4.181844,1
Vikram Gill,asian,male,4.633468,1
Vikram Patel,asian,male,5.693727,1
Vikram Roy,asian,male,5.06069784035361,8
Vikram Seth,asian,male,5.44404479591808,6
Vikram Singh Slathia,asian,male,3.82930377283102,3
Vikrant Datta,asian,male,3.012837,1
Vikrant S Rana,asian,male,2.653213,1
Vilayanur S. Ramachandran,asian,male,4.63848925695464,2
Vimal Athithan,asian,male,4.08636,1
Vimalkumar,asian,male,5.858537,1
Vinay Garg,asian,male,4.929419,1
Vinay Kumar,asian,male,6.676694,1
Vinayak,asian,male,7.34044411484012,2
Vinayak Muraleedharan,asian,male,3.217484,1
Vince Carter,black,male,6.55022835305509,2
Vincent Wambua Nzoka,black,male,1,1
Vineet Goel,asian,male,4.555094,1
Vineet Raj Kapoor,asian,male,4.78887511577542,10
Vineet Upadhyay,asian,male,4.526339,1
Ving Rhames,black,male,6.06445798922692,2
Vinita Kinra,asian,female,3.67669360962487,10
Vinoba Bhave,asian,male,6.206825876,3
Vinod Khosla,asian,male,5.40823996531185,2
Vinod Narayan,asian,male,5.225309,1
Vinod Varghese Antony,asian,male,3.46239799789896,10
Viola Davis,black,female,6.477121,1
Vipin Behari Goyal,asian,male,3.6159500516564,4
Vir Das,asian,male,5.92582757462474,3
Viraj,asian,male,7.071882,1
Viraj J Mahajan,asian,male,2.579783597,5
Virat Kohli,asian,male,7.58206336291171,3
Virchand Gandhi,asian,male,5.4814426285023,7
Virginia Garcia,latino,female,5.683047038,2
Vish Dhamija,asian,male,4.307496,1
Vishal,asian,male,7.89098,1
Vishal Antapurkar,asian,male,1.892095,1
Vishal Bhojwani,asian,male,3.3096301674259,2
Vishal Chipkar,asian,male,3.28103336724773,10
Vishal Daryanani,asian,male,3.654177,1
Vishal Gupta,asian,male,6.418301,1
Vishala Katta,asian,female,3.164353,1
Vishnu Kanchan,asian,male,3.07918124604762,2
Vishwanath S J,asian,male,3.4345689040342,10
Vishwas Chavan,asian,male,4.40483371661994,10
Vishwas Mudagal,asian,male,4.26951294421792,6
Viswanathan Anand,asian,male,5.65030752313194,3
Vivek Modi,asian,male,4.881385,1
Vivek Naik,asian,male,5.322219295,2
Vivek Pereira,asian,male,3.83632411570675,2
Vivek Saliya,asian,male,2.255273,1
Vivek Shanbhag,asian,male,4.86569606,2
Vivek Thangaswamy,asian,male,3.45939248775923,4
Vivek Verma,asian,male,5.969881644,2
Vivek Wadhwa,asian,male,5.25527250510331,7
Vivekanand Selvaraj,asian,male,3.117271,1
Vivian Greene,black,female,4.92788341033071,5
Vivica A. Fox,black,female,6.012837,1
Vj Nadar,asian,male,2.30103,2
Voddie T. Baucham Jr.,black,male,4.354108,1
Vonnie Davis,black,female,4.34044411484012,10
Vusi JCK Maseko,black,male,1.653213,1
Vusi Mahlasela,black,male,5.41995574848976,3
W. E. B. Du Bois,black,male,6.75587485567249,10
W. Oscar Thompson,black,male,3.170262,1
Waasay Uddin,asian,male,1.934498,2
Wadada Leo Smith,black,male,5.694605,1
Wahida Clark,black,female,5.037426,1
Wale,black,male,8.025305865,4
Wallace Thurman,black,male,4.544068,1
Wallace Wang,asian,male,5.123852,1
Walpola Rahula,asian,male,5.255273,2
Walter Dean Myers,black,male,5.3654879848909,10
Walter Marin,latino,male,4.842609,1
Walter Mosely,black,male,5.482874,1
Walter Mosley,black,male,5.4983105537896,10
Walter Payton,black,male,6.3324384599156,2
Walter Thomas Jr,black,male,4.385606,1
Wan-Ling,asian,female,5.992995,1
Wanchain,asian,male,5.517196,1
Wanda Bonet-Gascot,latino,female,2.802089,3
Wanda Coleman,black,female,4.705864,1
Wanda Jefferson,black,female,4.274158,1
Wanda Sykes,black,female,5.913284,1
Wang Anyi,asian,female,4.87564,1
Wang Jianlin,asian,male,5.450249,1
Wang Leehom,asian,male,6.0086,1
Wang Yang-Ming,asian,male,4.954725,1
Wangari Maathai,black,female,6.14301480025409,4
Waqar Aamir Katiar,asian,male,2.689309,1
Waqar Masood,asian,male,4.55145,1
Waqas Bin Ehsan,asian,male,2.17318626841227,5
Waris Ahluwalia,asian,male,5.100371,1
Waris Dirie,black,female,5.711807,1
Warren Cassell Jr.,black,male,3.47712125471966,4
Warren Moore,black,male,4.980458,1
Wasif Ali Wasif,asian,male,5.843232778,10
Wasif Minhas,asian,male,3.45636603312904,2
Wasim Malik,asian,male,5.13033376849501,2
Wataru Watari,asian,male,5.04532297878666,10
Watchman Nee,asian,male,5.81224469680037,8
Wayne Brady,black,male,5.759668,1
Wayne Dupree,black,male,5.093422,1
Wayne Gerard Trotman,black,male,4.33445375115093,10
Weike Wang,asian,female,5.02118929906994,4
Wen Jiabao,asian,male,5.887617,1
Wendell Pierce,black,male,5.531479,1
Wendi Deng Murdoch,asian,female,4.733999,1
Wendy Raquel Robinson,black,female,5.437751,1
Wendy Williams,black,female,6.478566,1
Wendy Zhang,asian,female,4.897077,1
Wennie Lin,asian,female,3.674861,1
Werley Nortreus,black,male,3.79448804665917,10
Wes Moore,black,male,5.98677173426625,3
Wesley Chu,asian,male,5.38021124171161,2
Wesley Snipes,black,male,6.32633586092875,4
Whitney Houston,black,female,7.2148438480477,10
Whitney M. Young,black,male,5.761176,1
Whoopi Goldberg,black,female,6.64246452024212,9
Wilfred James Dolor,black,male,3.29666519026153,4
Will Garcia,latino,male,5.260071,1
Will Smith,black,male,7.45024910831936,9
Will.i.am,black,male,7.980912,6
Willard Wigan,black,male,4.34830486304816,2
William Christopher Handy,black,male,4.873321,1
William E. Jefferson,black,male,4.61278385671974,2
William Grimes,black,male,5.012837,1
William H. Johnson,black,male,5.663701,1
William Jiang,asian,male,4.639486,1
William Julius Wilson,black,male,5.17026171539496,2
William Kamkwamba,black,male,5.735599,4
William Marshall,black,male,5.69722934275972,2
William Nsubuga,black,male,3.583199,1
Willian Chua,asian,male,3.09691001300806,3
Willie Davis,black,male,5.482874,1
Willie James,black,male,5.537819,1
Willie Jolley,black,male,4.880242,1
Willie Mays,black,male,6.32633586092875,1
Willie Parker,black,male,5.178976947,2
Willie Perdomo,latino,male,4.546543,1
Willie Stargell,black,male,6.21748394421391,5
Willie The Lion' Smith,black,male,5.20412,1
Willis Turner,black,male,4.633468,1
Wilma Rudolph,black,female,5.56229286445647,6
Wilson Alvarez,latino,male,5.25042,1
Wilson M Rubaihayo,black,male,0.778151,1
Wilt Chamberlain,black,male,6.32014628611105,3
Windhy Puspitadewi,asian,female,4.181844,1
Winna Efendi,asian,female,4.81424759573192,9
Winsome Campbell-Green,black,female,3.13672056715641,3
Winston Samuels,black,male,4.876218,1
Wisdom Primus,black,male,2.89762709129044,2
Witness Lee,asian,male,5.46834733041216,2
WizKid,black,male,7.365488,1
Wole Soyinka,black,male,6.34635297445064,10
Woo Myung,asian,male,4.66651798055488,2
Wu Cheng'en,asian,male,5.55750720190566,3
Wu Wei,asian,male,6.33845649360461,6
Wyclef Jean,black,male,6.62428209583567,3
Wyketha K Parkman,black,female,3.161368,2
Wynton Marsalis,black,male,6.485721,6
Xavier Becerra,latino,male,5.48287358360875,4
Xavier Velasco,latino,male,5.190332,1
Xi Chuan,asian,male,5.28103336724773,3
Xiaobo Liu,asian,male,5.12710479836481,4
Xiaolu Guo,asian,female,5.206825876,4
Xingyue Sarah He,asian,female,1.845098,1
Xingyun,asian,male,5.863917,1
Xinran,asian,female,5.95279244304409,4
Xue Yun,asian,male,5.22271647114758,4
Xun Kuang,asian,male,4.45788189673399,6
Y.S. Lee,asian,female,5.92737036303902,3
YUI,asian,female,7.952792,1
Yaa Gyasi,black,female,5.97497199429807,5
Yamamoto Tsunetomo,asian,male,5.334454,1
Yamane Ayano,asian,female,5.230449,1
Yami Gautam,asian,female,6.3324384599156,8
Yana Toboso,asian,female,6.04532297878666,7
Yandel,latino,male,6.921686,1
Yang Lan,asian,female,5.222716,1
Yangsze Choo,asian,female,5.23044892137827,2
Yangthang Rinpoche,asian,male,4.409933,1
Yani Tseng,asian,female,4.71180722904119,3
Yanis Yingnan JI,asian,male,0.60206,2
Yannick Noah,black,male,5.85248,1
Yao Ming,asian,male,6.257679,1
Yarro Rai,asian,male,3.58658730467176,10
Yash Bansal,asian,male,5.673942,1
Yash Chopra,asian,male,5.87040390527903,2
Yash Gupta,asian,male,5.88138465677057,5
Yasunari Kawabata,asian,male,6.0899051114394,5
Yasuo Kuwahara,asian,male,4.23044892137827,3
Yasutaka Tsutsui,asian,male,5.123852,2
Yasutani Roshi,asian,male,4.082785,1
Yatin Patel,asian,male,5.04921802267018,6
Yaw O. Akomaning,black,male,0.602059991327962,2
Yawatta Hosby,black,female,3.48000694295715,10
Yay Padua-Olmedo,latino,female,2.873902,1
Yaya DaCosta,black,female,5.25042,1
Yaya Nurcahyadin,asian,male,2.305351,1
Yaya Toure,black,male,6.369216,1
Yayoi Kusama,asian,female,6.68484536164441,9
Yellow Tanabe,asian,female,4.24797326636181,2
Yemi Akinsiwaju,black,male,3.17897694729317,2
Yeo Wen Qin,asian,female,1.986772,1
Yeonmi Park,asian,female,5.46686762035411,3
Yesenia Barkley,latino,female,2.42651126136458,4
Yi So-Yeon,asian,female,4.24303804868629,3
Yi-Fu Tuan,asian,male,5.283301,1
Yingluck Shinawatra,asian,female,5.768638,1
Yixing Zhang,asian,male,4.97173959088778,5
Yiyun Li,asian,female,5.70500795933334,7
Yo-Yo Ma,asian,male,6.40312052117582,9
Yogananda Paramhansa,asian,male,4.764923,1
Yogesh Chauhan,asian,male,5.409933,4
Yogesh Pal,asian,male,5.113943,1
Yogesh Payeng,asian,male,3.041393,1
Yogeshwaran Selvaraju,asian,male,2.35793484700045,2
Yogi Bhajan,asian,male,5.45939248775923,5
Yogi Kanna,asian,male,3.201397,1
Yogini Patil,asian,female,4.290035,1
Yohi Yamada,asian,male,5.136721,1
Yohji Yamamoto,asian,male,7.00432137378264,2
Yoko Ono,asian,female,6.76937732607614,10
Yolanda Adams,black,female,5.877947,1
Yolanda G. Guerra,latino,female,3.465383,1
Yolo Akili,black,male,4.045323,1
Yone Noguchi,asian,male,4.82866,1
Yong Junhyung,asian,male,5.187521,1
Yong Shu Hoong,asian,male,4.029384,1
Yongey Mingyur,asian,male,5.72591163229505,3
Yoon Ha Lee,asian,male,5.502427,1
Yosa Buson,asian,male,5.271842,2
Yosef A.A. Ben-Jochannan,black,male,4.170262,1
Yoshida Kenkō,asian,male,4.85913829729453,2
Yoshihiro Togashi,asian,male,6.120574,1
Yoshikani Taki,asian,male,0.845098,1
Yoshimoto Banana,asian,female,5.713491,1
Yoshio Taniguchi,asian,male,5.552668,1
Yoshiro Mori,asian,male,5.190332,1
Yoshitoshi ABe,asian,male,5.642465,1
Yoshiyuki Sadamoto,asian,male,5.748188,1
You Jin,asian,male,5.62531245096167,2
Youka Nitta,asian,female,4.857935,1
Young Jeezy,black,male,6.38021124171161,3
Young Thug,black,male,7.143015,3
Young-Ha Kim,asian,male,4.89652621748955,3
Youssou N'Dour,black,male,6.27875360095283,5
Yoweri Museveni,black,male,6.498311,1
Yrsa Daley-Ward,black,female,5.10037054511756,3
Yu Hua,asian,female,5.955688,1
Yu-Rang Han,asian,female,4.045323,1
Yua Kotegawa,asian,female,4.30963,1
Yuan T. Lee,asian,male,4.63447727016073,1
Yudhanjaya Wijeratne,asian,male,4.30102999566398,7
Yugesh Ralli,asian,male,3.10721,1
Yuhta Nishio,asian,male,4.29446622616159,4
Yukako Kabei,asian,female,4.178976947,2
Yuki Midorikawa,asian,female,5.222716,1
Yuki Urushibara,asian,female,5.532754,1
Yuki Yoshihara,asian,female,4.605305,1
Yukihiro Matsumoto,asian,male,5.025305865,1
Yukio Mishima,asian,male,6.04139268515823,10
Yukiru Sugisaki,asian,female,5.209515,1
Yukito Kishiro,asian,male,5.57634135020579,2
Yukiya Sakuragi,asian,female,4.012837,1
Yumi Tamura,asian,female,5.184691,1
Yuna,asian,female,7.572871602,2
Yuna Takagi,asian,female,4.69897,1
Yusef Komunyakaa,black,male,5.30749603791321,7
Yuuki Obata,asian,female,4.503791,1
Yuvika Mathur,asian,female,3.960946,1
Yuvraj Singh,asian,male,6.60314437262018,2
Yvette Christiansë,black,female,4.00860017176192,3
Yvette Nicole Brown,black,female,5.501059,1
Yvonne Harriott,black,female,3.342423,1
Yvonne Pierre,black,female,4.45024910831936,10
Yōko Ogawa,asian,female,5.184691,5
Z.H.Choudhury,asian,male,3.056905,1
Zack de la Rocha,latino,male,5.502427,1
Zadie Smith,black,female,6.15533603746506,10
Zafon Ruiz C.,latino,male,2.093422,1
Zakir Naik,asian,male,6.4814426285023,2
Zandile,black,female,6.440909,2
Zarafshan Khan,asian,male,4.103804,1
Zarina Bibi,asian,female,4.71096311899528,10
Zayn Malik,asian,male,6.66275783168157,10
Zeenat Mahal,asian,female,4.662758,1
Zeke Thomas,black,male,4.678518,1
Zen Cho,asian,female,5.411619706,10
Zena Wynn,black,female,4.1959,1
Zenaida Aguilera,latino,female,3.158362,1
Zeshan Ali Sheikh,asian,male,3.487138,1
Zhang Xin,asian,male,5.940018,1
Zhang Ziyi,asian,female,5.75434833571102,2
Zhou Weihui,asian,female,3.72098574415374,3
Zhuangzi,asian,male,5.87794695162919,10
Zia Haider Rahman,asian,male,4.48287358360875,10
Ziauddin Yousafzai,asian,male,5.139879,1
Ziaul Haque Choudhury,asian,male,3.209515,1
Ziggy Marley,black,male,6.04921802267018,10
Zinzi Clemmons,black,female,4.372912,1
Zoe Saldana,latino,female,6.86093662070009,5
Zohaib Naseer,asian,male,3.940516,1
Zora Neale Hurston,black,female,6.47275644931721,10
Zoraida Córdova,latino,female,5.48000694295715,3
Zorgie Adriana Sanchez,latino,female,1.690196,1
Zubair Jutt,asian,male,5.426511,1
Zyanya Torres,latino,female,4.130334,1
abhishek vicky,asian,male,3.87621784059164,2
affan Riz,asian,male,2.945469,1
ake R. To,black,male,2.847573,1
akhil aravind,asian,male,4.264818,1
alex elle,black,female,4.9566485792052,2
alisha shaikh,asian,female,5.033424,1
aman verma,asian,male,5.621176,1
anjali mukherjee,asian,female,5.32428245529769,2
ankit maharishi,asian,male,2.989895,1
anmol gandhi,asian,male,3.878522,1
attributed to Maya Aangelou,black,female,3.923762,1
aymond Green,black,male,6.729165,1
bell hooks,black,female,6.264818,10
bikash singh,asian,male,5.61595,2
boddu subabrao,asian,male,3.34635297445064,4
boddu subbarao,asian,male,3.34635297445064,10
chetan chhibber,asian,male,2.941511,1
chimamamanda Ngozie Adichie,black,female,6.74350976472843,2
chinna reddy,asian,male,4.683047,3
dalin shu,asian,male,2.436163,1
damali ayo,black,female,3.81557774832427,2
david ibeyeomie,black,male,5.68842,1
david rajkumar,asian,male,4.340444,1
deepakgogna,asian,male,3.8926510338773,2
doneil buchanan,black,male,1.568202,1
ganeshsaidheeraj,asian,male,2.99694924849538,3
gaurav rao,asian,male,4.75511226639507,4
gugu,black,male,7.025306,1
irrfan ishaq,asian,male,1.82607480270083,9
ishti Bablani,asian,female,3.86153441085904,10
jasmine lozano,latino,female,4.139879,1
jassi,asian,female,6.7930916,2
jay kaur,asian,female,4.753583,1
jayesh barche,asian,male,3.021189,1
jitendra bhardwaj,asian,male,4.689309,1
kaMajola Nhepera,black,male,0,1
kamar brown,black,male,3.91645394854993,2
karan godara,asian,male,4.35793484700045,6
kaushik nathan,asian,male,2.682145,1
king Annan,black,male,3.703291,1
kiran dev,asian,female,4.698101,2
kundhan karunakar,asian,male,3.04532297878666,2
kyo,asian,male,7.555094,1
lijo john,asian,male,3.818226,1
mayank prasad,asian,male,4.357935,2
meamabhishek,asian,male,3.222716,1
meenakshi ahlawat,asian,female,3.619093,1
mel rojas,latino,male,5.19312459835446,2
mihoko shijo,asian,female,0,1
monu patel,asian,male,5.225309,1
mukasa ronald,black,male,3.980458,1
murakami,asian,male,7.677607,1
musa nganga,black,male,2.812913,1
my style is P.I.M.P.'ish.,black,male,0.30103,1
nickiesha reid,black,female,3.20412,1
nikita Arora,asian,female,4.982271,1
niyigiraimbabazi Zacharia,black,male,1.623249,1
osvaldo yambi,latino,male,3.25767857486918,2
pavankumar nagaraj,asian,male,3.14301480025409,10
peter irabor,black,male,3.338456,1
pooja,asian,female,8.075547,2
pooja bagul,asian,female,3.91115760873998,4
pranav garg,asian,male,4.556303,1
priyavrat gupta,asian,male,3.36735592102602,2
raj giri,asian,male,5.942504,1
rajat chakraborty,asian,male,5.004321,1
raveena elizabeth,asian,female,2.953276,1
ravi chauhan,asian,male,5.923244,1
saba siddiqui,asian,female,5.120574,1
sachit shrestha,asian,male,3.423246,1
sahil banga,asian,male,3.877947,1
sakshi sharma,asian,female,6.120574,1
sandeep bhat,asian,male,4.838849,1
santosh inani,asian,male,2.44247976906445,3
saransh garg,asian,male,4.089905,1
sarvesh,asian,male,6.728354,1
shashankbisht,asian,male,2.80753502806885,2
shashidhar sa,asian,male,3.40993312333129,10
shinba rize,asian,male,4.193125,1
shivangi lavaniya,asian,female,2.91750550955255,10
shivani lal,asian,female,4.255273,1
shivaraj konanavar,asian,male,1,1
shubham phadte,asian,male,2.89098,3
silent lotus,asian,female,4.552668,1
sridhar Dasari,asian,male,3.804821,1
surya pratap,asian,male,6.117271,1
that is called saiyam. A,asian,male,0.30103,1
usman ahmad,asian,male,6.11058971029925,2
uyashiba,asian,male,2.546543,1
uzair raza,asian,male,4.450249,1
uzair safi,asian,male,3.892095,1
varun bhat,asian,male,4.31597,1
venky Naidu,asian,male,4.38201704257487,3
vicky vora,asian,female,3.20951501454263,2
vidhya thakkar,asian,female,4.35793484700045,2
viral panchal,asian,male,4.38560627359831,2
vish patil,asian,male,3.675778,1
ykr deepak,asian,male,0.90309,1
yogesh anand,asian,male,4.522444,1
yssubramanyam,asian,male,6.487138,2
Óscar Lopes,latino,male,5.045323,1
Śāntideva,asian,male,5.04532297878666,6
මාර්ටින් වික්‍රමසිංහ,asian,male,4.513218,1
喬靖夫,asian,male,5.133539,1
